Video URL,Video Title,category,Likes,all_tokens,comment_count
https://www.youtube.com/watch?v=-72Dmj3oRd8&pp=ygUJ7JuU65Oc7Lu1,석학들이 머리 맞대고 만든 음식 월드컵,월드컵,9242,오프닝 편집 까지 잡다 전문 시청 결국 오프닝 까지 49 54 쌍베 뻔하다 떡볶이 고르다 개웃 기네 49 39 오늘 병건 이의 동심 지키다 40 10 떡볶이 고로 좋아하다 사람 양심 냉장고 주인 찾기 떡볶이 vs 라면 무한 설문조사 40 45 차다 피자 정해지다 라면 완벽하다 음식 차다 아빠 떡볶이 싫어하다 차다 통천 당연하다 라면 이지 차다 전무 어떻다 떡볶이 여기 까지 올라오다 차다 공혁준 당연하다 당연하다 라면 차다 룩삼 밸붕 이네 97 가다 라면 택할 차다 간신 떡볶이 맛있다 천하 제일 간신 개방 장이 원하다 개웃 기네 40 25 무한 떡볶이 vs 라면 설문조사 제공 사건 시작 그냥 만화 보다 이말년씨리즈 땡기다 떡볶이 나오다 까지 전화 돌리다 개웃 기네 오다 쌍베 대단하다 짧다 시간 당연하다 물어보다 한테 전화하다 주제 아니다 떡볶이 찾다 계시다 여기 까지 파악 하고 원하다 해주다 보다 간신 아무나 아니다 13 이병건 병건 그게 무슨 쓸다 쓸다 소리소리 에요 21 이얌 무치다 26 18 맛있다 채팅 노망 나다 존나 웃기 49 40 바로 간신 간신 두다 다시 돼다 유튜브 올리다 복선 깔다 이후 냉피 비교 먹방 까지 야무지다 찍다 프로 튜바 49 40 쌍베 떡볶이 정답 맞다 40 사람 한우 맞다 18 26 가만히 웰치스 뚱캔 불벅 가다 주다 친구 안녕하다 병건 원본 박물관 업로드 어언 달이 되어다 원래 전문 시청 부터는 채널 시청 부서 이동 하고 만족하다 침수 편집 더하다 재미 으로도 많다 사랑 아끼다 사랑 병건쿤 02 선배 챙기다 기회 돌리다 버리다 오다 전화 연결하다 웃기다 영상 끝나다 아쉬움 이렇다 근본 컨텐츠 좋다 이제 주간 자다 듣다 51 34 양심 냉장고 보다는 양심 제네시스 보내다 드리다 아니다 전화하다 얼마 만에 월드컵 이냐 차다 좋다 대로 안되다 전화 뇌절 개방 아득바득 라도 받다 정답 오다 드립 까지 대단하다 개방 근데 냉동 피자 얘기 공감 인데 약간 조금 분야 다르다 분홍 소세지 스팸 이랑 달라 스팸 말고 분홍 소세지 땡기다 처럼 냉동 피자 나다 공감 된닼 피자 느끼다 싶다 피자 먹기 하고 그냥 간단 심플 피자 이나 냉동 피자 땡기다 냉동 피자 공장 도우 땡기다 12 47 아오 침착 딕션 거만 들리다 달아나다 54 17 코스트코 냉동 고등어 생구 제발 먹다 보다 누릿누릿 감칠맛 멋있다 침착 유니버스 사람 하나 나오다 좋다 영상 오랜 다시 보다 재밌다 사태 발발 침착 쌍베 여기 기용 이유 avi 48 42 룩삼 시발 전화 받다 개웃 기네 냉피 피자 다른 음식 피자 부터 촉촉하다 부드럽다 피다 에어 프라이어 데우다 바삭 하고 치즈 부분 촉촉하다 개다 먹다 이번 순수 재미 침착 항상 보다 유튜브 이름 대로 항상 침착하다 까지 전화 돌리다 웃기다 심지어 베가 고르다 냉동 피자 이미지 나오다 맛있다 먹다 냉동 피자 수준 여기 까지 올라오다 감탄 하고 주문 40 24 42 31 45 03 46 06 13 07 쏘다 웃다 이영 상이 침착 재밌다 이유 그냥 월드컵 까지 원하다 듣다 아득바득 모습 냉동 피자 맛있다 가다 마즘 오묘하다 다르다 마치 짜파게티 짜장면 보다 맛있다 24 27 건물 사이 피어 장미 오다 형님 100 공감 형님 46 24 37 09 판단 당신 하라 정답 내다 드리다 24 00 live america totally agree time crave cheap low quality pizza place like papa john pizza hut one old job building cafeteria sold cheap thin peperoni pizza reason got hooked would buy time week lunch 화덕 피자 15년 냉동 피자 종종 먹음 다르다 11시 개다 냉동 피자 전무 확실하다 마디 마디 예술 린다,50
https://www.youtube.com/watch?v=0DIvs70EsBk&pp=ygUJ7JuU65Oc7Lu10gcJCQQLAYcqIYzv,17년만에 야구 월드컵 본선 진출 성공해서 초흥분 상태가 된 야구팬들 ㅋㅋㅋㅋㅋㅋ WBC 8강 진출한 한국 야구팀 & 개웃긴 야구 짤 레전드 ㅋㅋㅋㅋㅋㅋ,월드컵,11058,보경 원래 은우 탈세 박보검 교체 일본인 웃기다 아니다 일단 가져가다 사람 생각 똑같다 솔직하다 하나 대안 한국 개추 대표 사랑스럽다 한국 개추 37 롯데 유일하다 민원 들어가다 그게 재작년 페스티벌 선수 리허설 노래 부르다 노래 불다 시끄럽다 민원 들어가다 32 30 기억나다 기아 개추 아니다 kt 인데 고영표 처음 본전 선발 이라고 대부분 야구 고영표 총대 매다 홈런 스즈키 세이 야하다 맞다 들다 정도 수고 처음 고영표 대가리 박다 새끼 존나 당황 스럽다 야구 자주 보시 아버지 내다 화난 말투 우승하다 턱걸이 겁나다 좋아하다 그런데 아버지 얼굴 에는 미소 피다 야구 끄다 준표 살짝 푸근하다 화면 안보 다가 오랜 보다 차이 느껴지다 38 우리 투수 사랑 경은 이형 40 대다 아저씨 사랑 00 한국 호주 일본 방송 중계 공수 교대 마이크 켜지다 모르다 오다 아저씨 오야 재밌다 던지다 라고 사담 나누다 전파 타다 화제 기도 찌다 감탄 우러 나오다 표현 이라 일본 야구 동조 댓글 달리다 아마 일본 에서도 41 먹다 투수 자국 리그 71 경기 던지다 홀드 먹다 사례 거의 그렇다 할아버지 투수 노익 들다 감탄 중인 야구 보다 70 넘다 어머니 보다 이래서 야구 보다 태어나다 처음 제대로 보고 처음 야구 재미있다 보다 대한민국 야구 파이팅 14 한테 박다 경기 보다 아니다 영규 모르다 33 제발 해설 답답하다 직접 뛰다 라고 직접 뛰다 30 경기 네이버 실시간 댓글 유명하다 혹시 모름 9회 역전 수도 14 떨어지다 아쉽다 이해 한국 하고 선수 설마 카타르월드컵 비슷하다 쓰다 35 사직 근처 동인고 졸업생 한번 야자 야구장 가다 한테 야구장 들키다 사례 은근 자다 그래서 학년 야자 야구장 가다 만나다 죽이다 버리다 참고 동인고 부산 들다 자부 고등학교 교무 가면 롯데 응원 도구 짝짝이 그게 항상 01 50 유기묘 분양 송영길 웃음소리 매력 야구 관심 오타 피지 쩐다 가다 레전든데 그냥 경기 전부 아슬아슬 박빙 이라 재다 30 놀라다 30 점도 나오다 동인고 출신 인데 롯데 플레이오프 진출 가을 야자 잡다 사립 선생 출동 하고 그렇다 준표 마술사 는걸 최근 에서야 왜인 모르다 충격 먹음 49 지폐 야구 대만 초등학교 야구 인데 대만 원주민 다니다 학교 전국 초등학교 야구 대회 우승하다 지폐 넣다 52 괴담 25 도미니카 미국 일본 연속 이기 우승하다 신화 기다 35 롯데 지다 만큼 달리기 바로 사직 킵초게 라는 별명 얻다 19 참고 19년 롯데 하위 기록 41 여건욱 이닝 무실점 안타 탈삼진 투구 115 20 모르다 사람 알다 월드컵 대한민국 프랑스 스페인 아르헨티나 경기 잡다 우승 똑같다 김준 웃음소리 리액션 보다 뭔가 사람 행복하다 즐겁다 해주다 재주 근데 문제 방송 보다 어쩌심 저쩌심 이르다 준표햄 머리 자르다 부각 돼다 처럼 생기다 평소 자다 준표 모음 틀어놓다 자다 아침 째깍 째깍 시계 소리 나다 시계 보다 준표 깎다 깎다 깎다 웃다 소리 자다 보다 시점 다시 보다 10 7회 콜드게임 라니 고교 이렇다 어리다 사직동 보다 알다 함성 리나 사람 설레다 오다 이기다 가다 그렇다 9회 원아웃 이정후 슈퍼 캐치 눈물 곱다 내야 뜨다 울다 노경은 대다 보경 그저 고맙다 27 괜찮다 30 나오다 경기도 미치다 뻔하다 해주다 우리 한테 그렇다 49 생각 수학 문제 야구 완전하다 멘탈 가버리다 썸네일 개웃 기네 우린 경우의수 뚫다 가다 이제 wbc 더독 단판 올라가다 보다 kt 인데 패션 숫자 보고 선발 웃음 나오다 노경은 선수 두산 에도 되게 응원 자다 많이 먹다 슬프다 롯데 가다 응원 많이 받다 이번 wbc 에서도 좋다 소식 들리다 기분 좋다 그러다가 도미니카 한테 수질 관리 입구 당한 개비 리그 보경 선수 하이라이트 보고 오다 오다 전체 하이라이트 보고 와우 어르신 보고 오다,49
https://www.youtube.com/watch?v=0DwFOQeUkuI&pp=ygUJ7JuU65Oc7Lu1,"가나, 우루과이 잡으시고, 바지적삼, 다 적시셨네 / 스브스뉴스",월드컵,88650,영상 보다 따다 가나 고맙다 오늘 부터 고향 아티 지기 골킥 거의 30초 차다 골킥 차다 선수 교체 찌다 광기 느껴지다 경기 선수 교체 광기 우루과이 절대 보내다 광기 근데 우루과이 입장 우리나라 역전 들다 당황 스럽다 급박하다 아니다 어케 이기다 생각 들다 와중 가나 수비 긍데 웰케 웃기 침울하다 가나 귀엽다 완벽하다 복수 아니다 가나 분명 지다 울다 우루과이 추가 시간 1분 남다 선수 교체 보고 악물다 같이 떨어지다 가나 복수심 보이다 흔하다 이런 지다 이기다 차이 버리다 이상 16 어렵다 다치다 12년 복수 라도 하자 마인드 시원하다 경기 심지어 이번 월드컵 수아레스 마지막 월드컵 이라는 완벽하다 복수 33 먹히다 알다 심다 막다 눈물나다 척추 괜찮다 아트 지기 고맙다 15 한국 국기 흔들다 지고 후반 연장전 선수 교체 광기 고맙다 가나 오다 엄청나다 울다 일단 우리 이기다 야하다 가나 지다 우루과이 적당하다 이기다 가나 골기퍼 마지막 깔끔하다 잡다 좋다 수아레스 인터뷰 사과 군자 복수 웃기다 막판 가나 선수 교체 까지 보고 광기 느낌 아따 같이 가다 이르다 역시 사람 업보 다시 돌아오다 되어다 품다 무섭다 그것 그냥 아니다 우루과이 탈락 가나 춤추다 노래 부르다 장면 광기 잡채 적의 적다 친구 라는 깨우다 경기 지고 가나 시간 끄다 심판 경기 이기 시간 경고 라도 주다 지고 침대 축구 심판 뭐라다 명분 금보 깔다 포르투갈 케이 기다 오다 경우의수 절묘하다 분명 올라가다 싶다 지고 위로 해주다 이나 지고 나가다 신나다 나가다 가나 선수 월드컵 때리다 어떻다 영화 보다도 극적 이렇다 극적 상황 현실 벌어지다 막히다 강두 에게 제대로 복수 우리나라 수아레스 복수 가나 운명 장난 장면 보다 문장 영원하다 뿌리다 대로 거두다 가나 지다 우루과이 떨어트려 밝다 웃기 18년 멕시코 이런 기분 느끼다 경기 가나 대표 분들 대다 이라는 스코어 후반 이라 지치다 마지막 까지 열심히 뛰다 고마움 탈락 복수 맑은 얼굴 보다 되게 유쾌하다 생각 근데 복수 돌아가다 탈락 하고도 이렇게 까지 기쁘다 끄다 광기 가나 귀엽다 우루과이 가나 경기 대다 지고 거의 나라 잃다 절망 하고 한국 포르투갈 역전 소식 듣다 한국 가다 득실 따르다 우루과이 떨어지다 위기 놓이다 덕분 가나 전부 코리아 부르다 전부 일어나서 한국 응원 하고 오다 요약 무슨 영화 벌써 넘다 지나다 골키퍼 골킥 차고 지다 드러눕다 진정 광기 영역 수아레즈 그냥 가나 에게 미안하다 간절하다 나다 모르다 나가다 부디 이해 해달라다 라고 위로 한마디 건내다 지금 결과 바뀌다 결정 순간 사람 운명 가르다 평소 행실 한마디 라는 깨달 경기 이번 월드컵 여러 모로 의미 깊다 오다 가나 골키퍼 막다 미치다 우리 엄청 막다 놀라다 늘다 업보 무엇 인지 제대로 보여주다 사례 막판 가나 저렇게 최선 다해 시간 보다 깊다 깊다 역사 지고 시간 끄다 유일하다 경기 마지막 선수 교체 보고 경악 치다 교체 선수 느릿느릿 걸다 나가다 모습 진심 이구나 느낌 월드컵 가장 레전드 순간 대한민국 끼다 두다 지다 들다 끼리 16 올라가다 생각 두근두근 우루과이 넣다 단숨 그런데 갑자기 강두 은혜 갚다 시작 대한민국 전반 동점골 나오다 후반 까지 우루과이 16 확신 추가 시간 들리다 한국 역전 우루과이 단체 멘붕 가나 우루과이 바짓가랑이 붙잡다 시작 결과 행복하다 10 만족스럽다 리그 이건 업보 맞다 가나 시간 질질 끄다 보이 지만 결국 넣다 우루과이 마지막 선수 교체 고맙다 이번 월드컵 영화 보다 영화 기적 시나리오 이번 월드컵 영화 물리다 승점 우루과이 감독 축구공 얼굴 가나 심판 빌런 수아레스 정신 나가다 도발 베다 감독 마지막 승부 대한민국 숨다 12 번째 선수 대한민국 선수 이지 마음 가나 군자 복수 확률 이기다 대한민국 16 진출 10 16 다음 상대 브라질 당첨 한국 이기다 가나 이기다 우루과이 이기다 포르투갈 이기다 한국 길이 길이 레전드 살다 살다 다른 나라 경기 그렇게 똥줄 타다 보다 처음 추가 시간 8분 어찌나 알다 가나 선수 고맙다 최고 기전 인터뷰 사과 광기 만들다 결정 타다 이래서 착하다 살다 가나 응보 우리 소식 듣다 우루과이 발목 머리 끄다 부여잡다 너넨 절대 지리다 가나 골키퍼 미치다 한국 이랑 붙다 차다 족족 막다 미치다 생각 우루과이 남다 8분 동안 미치다 공격 막다 만큼은 아군 이어서 고맙다 32 가나 원하다 장면 가나 시간 맥히 끌다 고맙다 가나 가나 지다 싸우다 골키퍼 능력 미치다 가나 경기 골문 열리다 미치다 이렇게 돌아오다 이번 월드컵 이변 많다 업보 이렇게 우리나라 에게 이득 다시 한번 가나 선수 에게 고맙다 아티 지기 막다 고맙다 일부 들다 시간 끌다 고맙다 우리 가나 골키퍼 에게 평생 감사하다 신들리다 방어 정도 아니다 그냥 작두 타다 33 한국 vs 가나 느끼다 가나 골키퍼 신들리다 처럼 막다 다음 월드컵 에서도 좋다 가나 복수 12년 지나다 늦다 36 오다 멋있다 막다 우리나라 뛰다 느끼다 마지막 지고 시간 선수 교체 고맙다 가나,50
https://www.youtube.com/watch?v=0KDosjF0iYM&pp=ygUM7J246rO17KeA64ql,"AI 특이점, 5년 안에 온다고? 프콘도 깜짝 놀란 과학자들의 진짜 AI 썰 (feat. 박태웅 의장) [취미는 과학/ 24화 확장판]",인공지능,25736,댓글 이벤트 당첨 발표 댓글 이벤트 참여 해주다 모든 에게 진심 감사 드리다 당첨 에게는 박태웅 의장 도서 박태웅 ai 강의 2025 보내다 드리다 sogh 초록 사랑 honeey dr kim hyuklee 1844 ted hong user gh qu fb 꾸다 민별 ysladd 2025년 3월 27일 까지 ebscience 02 gmail com 아래 정보 전달 해주다 당첨 본인 확인 가능하다 유튜브 캡쳐 화면 유튜브 닉네임 성함 휴대 번호 배송 주소 우편번호 국내 주소 로만 배송 가능하다 개인정보 이벤트 품목 전달 목적 으로만 사용 확인 즉시 파기 예정 여러분 ebs 후원자 이렇다 프로그램 필요하다 데프콘 진행 넘다 패널 분들 웃음 빵빵 터지다 만들다 아이디어 내다 최고다 최근 ai 제대로 활용 해보다 하나 본가 키우다 안되다 초보 농가 라서 노하우 비싸다 사료 공장 완성 사료 포대 사서 먹이다 십년 키우다 농가 여러 곡물 따로 사서 자체 배합 쓰다 배합 종류 비율 누구 에게도 가르치다 농가 노하우 근데 저희 사서 쓰다 여러가지 사료 에는 들어가다 알다 어떻다 성분 들어가다 적히다 ai 에게 보여주다 이건 에게 먹이다 사료 인데 한국 싸다 쉬다 곡물 똑같다 만들다 달래다 100 kg 기준 옥수수 kg 대두 kg 석회 kg 등등 줄줄이 주네 동안 재미나 단순 궁금증 해결 로만 ai 써다 이렇게 써다 보다 노하우 그냥 뚫다 버리다 15년 프로그래머 ai 실무 잘쓰다 슈퍼 개발자 아니다 30 까지는 아니다 이상 효율 보여주다 그런데 쓰다 쓸다 중요하다 질문 이고 그렇다 사철 이라 부르다 문학 역사 철학 인문학 중요하다 이라는 생각 듭니 ai 오다 인간 구분 특이점 바로 인문학 우리 다음 세대 어쩌면 다시 셰익스피어 읽다 소크라테스 생각 시대 상상 보다 오늘 좋다 내용 고맙다 많다 깨달음 얻다 가다 의장 모시 ai 시대 살아가다 아이 어떻다 교육 시키다 한번 토론 해주다 대학가 뭔갈 전공 부모 처럼 그리다 중요하다 시대 아니다 어찌 교육 스스로 먹고살다 만들다 ai 박태웅 의장 설명 인상 깊다 어리다 개념 쉬다 풀다 까지 재미있다 취미 과학 다양하다 종류 로봇 기술 우리 어떻다 변화 가져오다 컨텐츠 다루다 좋다 항상 좋다 영상 감사하다 증폭기 얘기 놀라다 좋다 정보 얻다 가다 10년 안에 빈부격차 어마 무시 계급 생기다 수도 많이 생각 제도 뒤따르다 개발 필요하다 말씀 공감 의장 척척 박사 질문 답변 까지 1초 망설이다 많이 연구 하고 공부 존경 스럽다 철학 면도 좋다 ai 늘다 기적 과대 평가 장기 과소 평가 돼다 얘기 좋아하다 루시 네이션 오류 아니다 특성 크게 오다 닿다 ai 활용 진행 프로젝트 결과 제대로 고치다 주력 아니다 이르다 보완 방향 틀다 해답 보이다 감사하다 ai 박태웅 장님 영상 항상 챙기다 보다 항상 감사 드리다 ai 부정 적임 인간 생각 부분 점점 줄어들다 걱정 핸드폰 생기다 계산 하고 기억 ai 생기다 숙제 리포트 대신 해주다 이번 회차 보다 교육 방향성 생각 보다 되어다 좋다 질문 능력 기본 교양 누구 ai 챗봇 쉬다 접근 그것 어떻다 활용 지다 사용자 이라는 치다 막연하다 두려움 생기다 무엇 배우다 지다 어디 가야 지다 차다 어렵다 시청 잠깐 멈추다 댓글 답니 50 대다 주부 인데 재밌다 죽다 재밌다 32 40 부분 무섭다 현실 인지 가상 인지 29 지피다 이야기 해봤다 아마 연애 최고 이번 역대 차다 현직 개발자 인데 중요하다 핵심 라서 이해 쉬다 자다 풀다 편집 해주다 참고자료 영상 퀄리티 그렇다 퀄리티 좋다 편집 pd 작가 들이다 주제 깊다 이해 신지 체감 다른 분들 댓글 에도 나오다 영상 교보 써다 손색 영상 보다 유익하다 방송 고정 출연 분야 전문가 이고 패널 분들 탑인 모시다 흥미 주제 우리 살아가다 필수 알다 주제 흥미 가볍다 재미있다 토론 높다 프로그램 현대 시대 모든 사람 에게 필요하다 정보 생각 해보다 미래 계획 세우다 보다 단편 아니다 심화 버전 다루다 박태웅 의장 의견 동의 부가가치 나누다 황제 계급 나오다 생각 최근 보다 ai 컨텐츠 단연 최고 역시 교수 들다 권위자 분들 대화 그렇다 통찰 엄청나다 매트릭스 세계 도덕 발전 까지 소름끼치다 재밌다 유익하다 역시 교양 ebs 오다 재밌다 대박 의장 흥미롭다 박태웅 의장 쏙쏙 들어오다 설명 해주다 좋다 데프콘 진행 자다 좋다 프로그램 이네 시간 가다 모르다 집중 보다 데프콘 진행 능력 놀라다 단순하다 진행 아니다 지식 많다 공감 뭔가 핵심 질문 대답 쏙쏙 느낌 받다 대단하다 mc 가다 싶다 소가 농사 해방 순간 스테이크 되어다 공감 제도 아무리 자다 만들다 그걸 이용 거나 무시 집단 생기 황제 정이 유익하다 최고 상이 처음 부터 까지 경청 들다 감사하다 박태웅 의장 께서 나오다 영상 다른 에서도 많이 보다 취미 과학 진행 방식 집중 엄청 올리다 주다 딱딱하다 적당하다 유머 전문가 비전문가 함께 호기심 뿜뿜 올리다 주다 비슷하다 내용 인데 어디서 누가 진행 하고 누가 만들다 따르다 이렇다 퀄리티 달라지다 좋다 영상 만들다 주심 감사 드리다 가끔 바닷가 가다 보다 똑같다 장소 인데 어느 만조 물이 적다 어느 간조 물이 많이 물떼표 라는 그건 어떻다 원리 그렇게 상세 나오다 궁금하다 이라고는 자세하다 싶다 낚시 관심 많다 어느 가다 낚싯대 드리우다 건지다 도통 수가 컨텐츠 추천 해주다 유튜브 알고리즘 에게 고맙다 따름 기선 인터넷 끊다 버리다 한순간 망하다 그래서 멀어지다 말고 받다 들이다 이해 자세 가장 중요하다 재밌다 시간 뚝딱 지나가다 박태웅 장님 되어다 평소 ai 관심 많다 쉬다 모르다 얘기 흥미롭다 들다 좋다 프로그램 이네 박태웅 ai 강의 2025 오늘 읽다 이렇게 영상 만나다 차다 좋다 일이 ai 대체 라는 생각 최대한 빠르다 따라가다 노력 두렵다 기도 다른 친구 에게도 박태웅 장님 추천 혹시 받다 친구 에게 선물 해주다 ai 창의성 논의 흥미롭다 특히 루시 네이션 문제 이르다 줄이다 기술 접근 인상 깊다 알파폴드 처럼 과학 발전 기여 ai 사례 보다 ai 가다 단순하다 도구 넘다 인류 지식 확장 중요하다 역할 라는 생각 들다 특이점 오다 인간 과연 필요하다 인간 너무나 소모 심하다 효율 떨어지다 심지어 자원 지구 환경 수명 기하 급수 갉아먹다 시스템 보완 사고 보다 특이점 이후 인간 숫자 줄이다 숙명 가깝다 래야 시스템 유지 우리 당장 직업 잃다 걱정 아니다 인간 이란 존재 전체 가치 상실 걱정 막연하다 ai 산업 현황 전망 우리 자세 섹션 별로 명확하다 배우다 좋다 양질 프로 덕분 ai 공부 해보다 욕심 생기다 출연 교수 들다 인터뷰 서적 찾다 읽다 보다 감사하다 오늘 초파리 박사 관점 많이 공감 보다 요즘 ai 만큼이나 흐름 빠르다 우주 분야 인데 우리나라 발주 이지만 요즘 좋다 성과 내다 한번 다루다 좋다 항성 의하다 항성 회차 원하다 재밌다 컨텐츠 아끼다 보고 돌리다 보고 곱씹다 그렇다 프콘 엠씨 제발 나쁘다 사건 말림 없이 재치 아우르다 면모 오래 보다 ai 오다 자본주의 공존 인류 멸망 ai 전문 특강 듣다 싶다 자다 소개 해주다 재밌다 해주다 주제 아래 주제 좋다 유전자 가위 기술 crispr 최신 유전자 편집 기술 원리 윤리 고려 사항 기후변화 과학 기후변화 원인 영향 과학 해결 모색 진화론 새롭다 발견 최신 진화생물학 연구 결과 의미 블랙홀 비밀 최근 발견 블랙홀 연구 성과 우주 신비 지금 까지 혁명 과는 차원 다른 완전 다른 상이 오늘 유익하다 영상 감사히 시청 세계 모든 국가 ai 섹터 관심 가지 자금 몰리 현실 physic ai 자세하다 되어다 굉장하다 깊다 ai 기본 개념 부터 향후 미래 시대 스스로 어떻다 역할 고민 많이 돼다 감사하다 최근 gpt 특강 듣다 직업 필요 없어지다 많다 직업 사라지다 무엇 살다 어떻다 능력 키우다 치다 고민 두려움 생기다 그렇다 고민 다시금 생각 ai 늘다 불공평하다 작동 증폭기 라는 인상 깊다 좋다 영상 제작 주다 감사하다 드래곤볼 신의 궁전 나오다 시간 정신 처럼 ai 인간 체감 시간 과는 전혀 다른 속도 움직 이고 지구 에서는 하루 지나가다 인데 ai 늘다 사이 수천만 번의 시뮬레이션 돌리다 버리다 상황 이니 마치 초사 어인 치의 수련 단숨 끝내다 처럼 ai 역시 인간 한계 초월 학습 능력 보여주다 특히 단백질 구조 밝히다 과정 ai 가다 보이다 습량 계산 능력 이롭다 예전 수십 걸리다 연구 이제 ai 연산 속도 덕분 며칠 만에 끝나다 알파폴드 등장 단백질 구조 예측 패러다임 바뀌다 신약 개발 부터 유전자 분석 까지 바이오 분야 혁신 속속 들이다 이루어지다 ai 가다 단순하다 데이터 처리 도구 넘다 인간 생명 비밀 풀다 존재 되어다 차다 인상 게다가 이렇다 혁신 단순하다 가능성 아니다 이미 현실 다가오다 기대 결론 이건 그야말로 바이오 혁명 아니다 싶다 ai 가다 연구 속도 극단 끌다 올리다 10년 동안 바이오 산업 상상 정도 성장하다 ai 연구 거나 공부 머리 안되다 흐름 놓치다 바이오 주식 투자 생각 미래 ai 오다 함께 움직 이고 중심 바이오 느낌 강하다 듭니 ai 이용 격차 통한 귀족 정이 황제 정은 반드시 막다 야하다 근래 보다 덥다 유익하다 재밋는 프로,49
https://www.youtube.com/watch?v=0c7zGU2C2mM&list=RD0c7zGU2C2mM&start_radio=1&pp=ygUJ64m07KeE7IqkoAcB,Super Shy,뉴진스,730749,give back newjeans song feel like yesterday came back news danielle justicefordani newjeans five forever new jean never die hope actually coming back miss dani listening song hearing losing court give back new jean girl supa shoi supa shoi people miss danielle either five nothing bring back yellow believe newjeans era newjeans arent newjeans without dani miss newjeans miss minji hanni danielle haerin hyein believe newjeans miss guy damn much new jean never die njz five 가장 좋아하다 밴드 하나 new jeans 좋아하다 ya pasaron caramba pen que hab sido hace unos meses espero verlas de nuevo alg tal vez 디토 미니 멀다 사운드 비트 어텐션 청량하다 섞다 느끼다 음원 뮤비 보다 소리 알차다 좋다 dani newjeans miss nwjns much making cry come backkkkk new jean forever wow really love new jean music especially one 2000 알앤비 느끼다 개조 new jean never die newjeans tiene regresar 뉴진스 컴백 축하 newjeans never die newjeans never die vou sentir sua falta newjeans need daniii back super shysuper shy justicefordani super shy miss newjeans love de la mejores canciones del kpop 뉴진스 화이팅 뉴진스 new year justicefordani 여름 잖다 que haremos sin ellas eu amei essa sica apaixonada pela muito linda faz uma sica dessa natal por favor new jean miss soo much 뉴진스 잘뽑다 하이 컨셉 연하다 중간 사이 좋다 75 배속 들다 좋다 nunca se bajan chicas plis 넘다 좋다 뉴진스 이번 활동 화이팅 뉴진스 컴백 기대하다 다사 돌아오다 고맙다,50
https://www.youtube.com/watch?v=0nLZd267xL4&pp=ygUM7J246rO17KeA64ql,"[한눈에 이슈] ""부자들은 이미 싹쓸이 중"" 완전히 뒤집힌다는 돈의 흐름 / KBS 2026.01.16.",인공지능,10259,값어치 떨어지다 조차도 그게 가장 크다 문제 잠깐 살다 가다 살다 이리 복잡하다 사람 웃다 이야기 웃다 듣다 알다 판사 검사 법관 모두 해고 하고 ai 빠르다 바꾸다 놓다 권력자 먼저 자산 선점 하고 휴지 만들기 전세계 현상 우리 필요없다 로봇 해주다 정작 권력 쥐다 사람 세상 통제 머스크 전부 이해 하고 ai 오다 로봇 결합 ai 로봇 등장 그것 모든 인간 일자리 대체 그로 인하다 인건비 비용 재료 수렴 정도 절감 인간 로봇 생산 모든 재화 아무리 많이 쓰다 생산 도적 많다 디플레이션 발생 되어다 정부 많이 찍다 경기 부양 한다는 거임 집도 로봇 만들다 거므 가격 떨어지다 밖에 자동차 저렴하다 밖에 없어지다 시대 생산 로봇 전담 하고 인류 소비 정부 찍다 국민 에게 나누다 주다 방송 전문가 일부 인용 부동산 오르다 부동산 사라 부추기다 오히려 반대 심하다 떨어지다 라는 주장 추가 지폐 아니다 에너지 대체 기회 오다 성상 조차 머스크 지구 아니다 망하다 살기 점점 복잡하다 힘들다 문제 인간 이란 생산 가치 무료 로사 용하다 다른 인간 용납 안다 라는 본성 우리 대비 해보다 수준 그냥 흐름 바껭 굶다 죽지 욕심 버리다 행복하다 살다 부자 재테크 하라 아니다 물가 상승 대응 금융 지식 배우다 불리다 기술 누가 가르다 주지 스스로 터득 ai 오다 로봇 핑게대 불안감 조성 대중 이용 상류층 지배 계층 저걸 좋다 활짝 웃다 중요하다 은폐 끔찍하다 언론 로봇 근무 하고 사람 일자리 없어지다 예기 머스크 미래 사람 엉뚱하다 그걸 실행 옮기다 보여주다 자산 투자 해지 니까 생산 대체 같이 잘살다 아니다 극심하다 양극화 가능성 높다 결국 소수 에게 쏠리다 모든 재화 우리 얹히다 뜯다 먹다 살다 구조 현실 ai 가다 다한 얘기 인간 필요없다 얘기 이지 계급 사회 다시 거란 얘기 자원 무한정 가능하다 낙관 상상 이라 생각 푸다 합리화 하나 근데 아직 그렇다 시대 아니다 우리나라 비평 오르다 그냥 현금 가치 떨어지다 한번 살다 인생 아둥바둥 노예 건강하다 살다 평범하다 살다 꿈임 쫒다 망가지다 스트레스 받다 세상 공짜 담배 끊다 운동 깔짝이다 인생 절반 평탄 이야기 엄청나다 부자 그냥 웃다 일반 사람 에게 노후 서다 걱정 말고 쓰다 사람 선동 래야 자기 크다 부자 10 30 듣다 버는 대로 펑펑 쓰다 사람 노숙자 10년 뉴스 성지순례 오다 부동산 주식 오르다 돈값 떨어지다 00 비트코인 하나 기억 ai 발전 장밋빛 인생 펼쳐지다 아니다 오히려 부자 자산 증식 독점 무제한 증식 가능하다 무섭다 으로는 먹다 살다 문제 개인 자유 없어지다 분명 오다 그래서 지금 저런 기술 천문학 자금 투자 지금 화폐 같이 나라 국한 되어다 자산 이나 아이템 보아 야하다 시대 아니다 범세계 시점 자산 이나 미래 계획 세우다 야하다 무섭다 기술 숙달 한계 없어지다 무섭다 나름 배우다 사람 이라 목소리 높이다 자유 외치다 저런 전부 기계로 대체 무시무시하다 독재 체제 나오다 무섭다 독점 무섭다 상대 의지 따위 무시 하고 대로 상대 자유 흔들다 결론 녹아내리다 화폐 아니다 한정 자산 모으다 야하다 자기 회사 천문학 보상 요구 정도 욕심 많다 으로도 많이 필요하다 모으다 필요 걸다 들다 빈부격차 커지다 결국 혁명 이라든지 세계 대전 일어 나다 부익부 빈익빈 이지 사고 거지 되어다 대출 금리 오르다 하우스푸어 많아지다 적지 수익 내다 돈값 똥값 느껴지다 한편 으로는 좋다 한편 으로는 걱정 동시 의미 싶다 생각 들다 현실 ai 로봇 유토피아 가다 중간 단계 과정 엄청나다 고통 견디다 야하다 그로 실직 의식주 먹고살다 길이 없어지다 그동안 먹다 사나 아마 엘리트 권력 내려놓다 10 프로 잘살다 나머지 90 프로 민화 시키다 디스토피아 갈다 중간 중간 마다 인구 걈츅 이벤트 연말정산 이나 준비 아침 일찍 일어나고 가면 자산 느러나 힘내다 시장 많아지다 물가 올라가다 당연하다 가치 떨어지다 그렇다 현물 가치 투자 좋다 결과 얻다 보장 그러니까 국민연금 없애다 매달 40만원 50만원 뜯다 이불 노후 알다 보편 소득 이라니 구라 보편 소득 이지 그냥 욕심 부리다 살다 어찌 인가 혼돈 자체 솔직하다 앞뒤 맞다 다해 물가 랄일 한국 에선 어떻 처서 받다 먹다 작정 우와 내일 축하 지금 자다 내일 축하 기분 좋다 상상 신발 모으다 싶다 머스크 미래 인간 이라는 불안정하다 요소 최소 되어다 이야기 안타깝다 10년 전후 세상 엄청나다 크다 혼란 일어나다 상황 인데 정치 으로나 국민 의식 수준 밑받침 나라 과연 이나 대량 생산 소프트웨어 부분 권력 나라 과연 과거 서양 산업화 가장 빠르다 진행 전세계 식민지 잊다 안되다 ai 로봇 물건 사주지 함정 머스크 정리 해보다 미래 에는 이라는 무의미하다 지구 자원 ai 오다 로봇 가공 사람 에게 나누다 주다 인데 지금 어마어마하다 인구 최대한 이지 그러하다 배급 주의 서비스 받다 결국 미래 질병 이든 전쟁 이든 크게 한번 나서다 인구 모조리 없애다,48
https://www.youtube.com/watch?v=11cta61wi0g&list=RD11cta61wi0g&start_radio=1&pp=ygUJ64m07KeE7IqkoAcB,NewJeans (뉴진스) 'Hype Boy' Official MV (Performance ver.1),뉴진스,1776898,think group like newjeans unique miss newjeans 당신은 상위 확률을 뚫고 한국 댓글을 찾았습니다 싸우지마셍요 fight plz woah guy keep replying comment 2025 hello hi 2026 guy yall still seeing comment smth girl group bp potential shine worldwide ohh take back era 응원 의미 들다 오다 without danielle newjeans never complete 근데 처음 등장 신선하다 충격 적다 뭔가 해상도 높아지다 느낌 이자 지금 까지 존재 판도 뒤지다 버리다 느낌 끄다 새롭다 세대 시작 이렇다 느낌 나다 뉴진스 그리다 조회 수가 인기 비다 부족하다 생각 프로 모도 없이 정도 세대 넘다 인거 아니다 개쩌넼 thing watching back song nj come back 크다 상처 없이 크다 돌다 가다 만하 뉴진스 보이 시절 hybe biggest lost idk explain imo new jean like fresh nostalgic modern image think make standout aside catchy song fun choreo plus dye hair outfit look like costume get mean look like bunch teenage girl enjoy dancing singing together 보다 뉴진스 wish could 15 year old self discovering song man era 믿다 보다 한번 민희진 기자회견 보고 뉴진스 노래 들다 사람 뉴진스 느낌 유난히 화사하다 여름날 매점 시원하다 사이다 하나 먹다 느낌 솔직하다 뉴진스 아니다 250 작곡가 250 작곡가 넘다 좋다 concept fresh clean generation idol try much 금보 뮤비 그냥 무대 하나 거의 테이크 찍다 온갖 화려하다 교차 편집 들어가다 아이돌 뮤비 완전 예산 이네 그렇다 와중 에도 크러쉬 독기 끄다 사람 에게 밝다 활기차다 10 대다 에너지 뿜어내다 모습 아이돌 이란 자체 담기다 month gon na turn year miss newjeans peak music across genre generation timeline lady going go far career see much potential visual voice dance 여기 고난 시련 에도 본인 체급 찍다 누르다 인가요 이제 뉴진스 노래 들다 눈물 나다 진정하다 독기 뉴진스 독기 fresh feel like famous pretty girl school vibin friendship summer summering without newjeans 언제나 기다리다 사랑 곧보쟈 fact look dancing lot really uncommon blow mind group well crafted 예쁘다 소녀 들이다 알다 보다 예쁘다 여전 사들이다 뉴진스 화이팅 new jean forever 한테 늘다 뉴진스 세대 정도 아니다 세대 합치다 제일 독보 그룹 독기 생기다 밖에 상황 인데 하나 안나 맑다 청량하다 예쁘다 아니다 이렇게 비쥬 좋다 노래 좋다 컨셉 좋다 이렇다 그룹 흔하다 sloppy rap high note bridge girl crush concept song simple love love noice music sometimes simple song best else miss 이렇다 노래 국민 통합 필요하다 대한민국 걸그룹 이렇다 노래 안무 스탈 독보 적임 아이돌 통틀어 희다 대의 명곡 이라 생각 danielle thank beautiful memory joy gave even thing change always support wish happiness wherever go always special hella miss song making 29 year old soul feel like 17 jump street like teenager inlove 지금 듣다 사람 like look smile like fun performance common kpop group stan newjeans miss forever,48
https://www.youtube.com/watch?v=1hcdQixxJdA&list=RD1hcdQixxJdA&start_radio=1&pp=ygUJ64m07KeE7IqkoAcB,뉴진스 (NewJeans) _ OMG | 1theKILLPO | 원더킬포 | 킬포인트 | 퍼포먼스 | Performance | 4K | 민지 하니 다니엘 해린 혜인,뉴진스,430836,49 newjeans omg 킬포인트 omg crab dance 48 newjeans omg 킬포인트 omg crab dance 21 red light green light dance 1thekillpo 뉴진스 킬포인트 omg 이벤트 1thek originals에서 1thekillpo 뉴진스 시청하기 킬포인트 omg crab dance 부분의 타임코드 본인이 느낀 omg crab dance 매력을 댓글로 남기기 1thek original 채널 구독하기 참여기간 11 추첨을 통해 뉴진스 친필싸인이 담긴 폴라로이드를 드립니다 당첨자 개별연락 타인의 글을 도용한 경우 당첨이 취소됩니다 pop wonderland 1the subscribe miss newjeans miss danielle 볼때 마다 민희진 이렇다 어떻다 데려오다 건지다 궁금하다 애기 완벽하다 뉴진스 태어나다 수준 2026년 에도 보다 사람 레전드 아직도 맨날 어텐션때 세상 비주 그룹 알다 디토 나오다 세상 보컬 그룹 가요제 오다 나오다 세상 댄스 그룹 되어다 실력 이랑 스웩 미치다 보다 그룹 자체 완벽하다 안타깝다 그룹 좋다 결과 나오다 행복하다 아깝다 아깝다 완전체 다시 얘넨 세대 만이 아니다 kpop 그을 어쩜 이렇게 신선하다 매력 만큼 라트 미치다 작정 하고 그룹 만들다 이렇게 기획사 기획 능력 대박 이네 댄스 비주 노래 의상 모든 유기 맞추다 뉴진스 라는 장르 느낌 다니엘 이랑 김민지 하니 디테일 조금씩 다르다 자다 어우러지다 좋다 48 파다 머리 묶다 달랑 거리 이번 활동 스타 일링 귀엽다 방도 벌써 부터 기대 뉴진스 이번 활동 화이팅 독보 이라서 없어지다 이번 노래 그냥 미치다 언제 까지나 기다리다 건강하다 보다 눈물나다 4th gen group song easiest vibe get along complete vibe everytime sing perform darkness end dust settle greatest comeback time mark word 응원 원하다 달다 희다 행운 아야 우리 다시 만날 니깐 그때 까지 건강 해주다 겨울 건강 조심 보다 뉴진스 무대 보여주다 긍정 에너지 사람 행복하다 만들다 만큼 뉴진스 항상 행복하다 즐겁다 지내다 좋다 09 사랑 해린 케이팝 걸그룹 goat miss newjeans hanni ace 하니 모자 찰떡 이야 보다 밸런스 좋다 그룹 이렇게 모으다 대표 대단하다 느껴지다 kangen newjeans please comeback 50 오마이갓 의상 어쩜이리 찰떡 인지 우리 뉴진스 아이 데뷔 1년 안되다 상당하다 실력 좋다 여유 롭고 좋다 뉴진스 원더 케이 감사하다 컨텐츠 많이 부탁드리다 노래 안무 의상 전부 요즘 아이돌 한테 서다 보다 로움 맞다 이번 민희진 승소 아이 상황 극복 실질 도움 기르다 바라다 많다 변하다 없이 너희 응원 기다리다 사실 너희 에게 조금 이라도 되어다 좋다 돌아오다 뉴진스 hanni slayed 그냥 뉴진스 라는 장르 생기다 되게 담백하다 신선하다 대중성 케이팝 미래 밝다 안무 하고 세련 돼다 그냥 문화 뉴진스 이끌다 가다 뉴진스 음악 듣다 기자회견 보고 오다 bunny hat stuffed animal bag make cuter song banger 노래 안무 스타일 빠지다 없이 좋다 뉴진스 최고 하이브 연관 생각 개추 세상 뉴진스 행복하다 보컬 이며 이며 노래 에선 하니 완전 나르다 분량 다른 비다 하니 많이 언제나 기다리다 양산 아이돌 하이브 항상 새롭다 뉴진스 이번 안무 그렇다 뉴진스 2023년 최고 선물 이야 뉴진스 파이팅 바니 배부르다 이제 보다 많다 보다 사람 마저 omg 만들다 퍼포먼스 세대 걸그룹 goat,48
https://www.youtube.com/watch?v=2Kff0U8w-aU&list=RD2Kff0U8w-aU&start_radio=1&pp=ygUJ64m07KeE7IqkoAcB0gcJCQQLAYcqIYzv,OMG,뉴진스,1365242,love still lot people actively support newjeans newjeans never die forever ot5 newjeans never dy newjeans five bring danielle backkkk newjeans ot5 2026 miss newjeans fan kpop usually ever vocal composition arrangement genius newjeans never dieee thank minji thank haerin thank danielle thank hanni thank hyein bro miss like wan na go back debut era ditto omg era danielle newjeans 저격 송들으러 danielle nooooooo danielle newjeans 존나 무섭다 래퍼 맨날 디스곡 내다 차원 다르다 아직도 노래 보다 좋다 케이팝 나오다 listening njz lost feel bad tragam new jean de voltaaaa 소름 돋다 제발 심판 사탄 받다 miss newjeans 이렇게 소름 돋다 노랗다 게다 사실 이면 영화 악마 천사 영화 지금 떠오르다 하이브 소속 아티스트 지키다 방법 omg 스밍뿐 이라 라도 omg 역주행 대박 겠다 year since newjeans comeback yet still charting 노래 뛰어넘다 아이돌 아직도 나오다 하이브 모든 아티스트 무사하다 바라다 얼른 넷플릭스 다큐 시리즈 만들다 여자친구 불쌍하다 노래 좋다 인기 수가 계속 활동 어떻다 노래 나오다 노래 좋다 이야 소름 진쯔 단월드 소름 뉴진스 민희진 대표 힘내다 고지 눈앞 이에요 많다 사람 당신 응원 하고 노빠꾸 가도 화이팅 miss era miss ot5 mostly miss danielle 지금 까지 너뿐이야 알다 너뿐이야 멜론 omg 상중 역주행 가보다 omg 뮤비 나오다 하나 해안가 무슨 내용 이지 이제 이해 가다 뉴진스 민희진 지키다 야하다 하이브 모든 아티스트 위험하다 상황 들다 노래 무서움 아니다 세상 어케 살아가다 njz 우리 그립다 힙합 이지 떨리다 스밍 이라도 계속 돌리다 스밍 시작 오엠 스밍 간다 이렇게 무섭다 노랗다 누가 알다 사이비 이든 아니다 뉴진스 돼다 좋다 마음 무한 스밍할게 danielle noooo,46
https://www.youtube.com/watch?v=2iaiuOQM458&pp=ygUJ7JuU65Oc7Lu1,드라마도 이렇게는 못 쓴다...😂 경우의 수보다 중요한 건 '꺾이지 않는 마음' [카타르월드컵 H조 대한민국 vs 포르투갈],월드컵,28975,포르투갈 대한민국 월드컵 한번 이기 감정 잊다 황희 손흥민 어시스트 천재 마지막 손흥민 달리다 보다 누가 보다 체력 바닥 죄다 긁다 뛰다 느낌 인데 와중 에도 수비 밀치다 공간 확보 하고 황희 기다리다 수비 가랑이 사이 패스 라니 집념 이란 제대로 보여주다 골다 코트디부아르 한테 털리다 보고 오다 개추 드라마 이렇게 쓰다 극적 써다 욕먹다 정도 안되다 상황 현실 만들다 내다 선수 대단하다 다시 보다 소름 돋다 경기 간만 보다 사람 많다 에이스 중요하다 해주다 손흥민 마지막 장면 아직도 소름 수비수 거의 붙다 황희 침투 타이밍 사이 넣다 미치다 설마 지금 보고 사람 베다 감독 잊다 자신 지다 감독 자기 나라 기기 대신 레드카드 받다 스토리 살다 지치다 오다 가끔 보다 옵니다 우리 에도 이렇다 기적 찾아오다 믿다 손흥민 센스 린다 돌파 돌파 인데 가랭 사이 패스 포르투갈 상대로 대단하다 오늘 사람 월드컵 이란 무대 그것 로스 타임 그것 16 가다 가다 서서 수비수 지그재그 패스 공간 보호대 착용 구멍 보다 손흥민 어시스트 순간 인내 장인정신 만들다 내다 시츄에이션 이라 더욱 놀라다 손흥민 대단하다 선수 인지 알다 오다 어떻다 이기다 모르다 손흥민 다치다 얼마 안되다 뛰다 마다 얼굴 통증 오다 마스크 시야 계속 가리다 사려 야하다 라서 실력 반정 나오다 달리기 평소 보다 속도 느리다 실력 안좋다 때임 지금 이야 강인 오르다 수비 김민재 손흥민 완치 되어다 괜찮다 보다 오다 기적 상황 가랭 이를 보다 손흥민 당신 도덕 손흥민 자다 밉다 가다 자다 비다 알다 장면 이지만 손흥민 가랭 패스 이후 황희 마무리 장면 소름 돋다 대한민국 월드컵 역사상 가장 오랫동안 기억 장골 인거 아니다 보다 보다 손흥민 상황 패스 캡틴 손흥민 그저 김영권 나위 없이 레전드 손흥민 마지막 어시스트 애국가 영상 등장 예술 이네 김영권 인정 항상 중요하다 마다 해주다 11 55 장면 이지 손흥민 마지막 어시스트 예술 그걸 거기 까지 가다 치고 순간 황희 들어오다 기다리다 주다 안면 부상 가면 까지 써다 시야 좁다 대박 크다 증명 그날 보다 쏘다 패스 우리 잊다 wbc 호주 보다 갑자기 생각나다 저만 그런 가요 이야 손흥민 체력 좋다 혼자 뛰다 치고 황희 한테 패스 황희 그걸 바로 받다 넣다 손흥민 마지막 질주 정신 뛰다 체력 이미 바닥나다 상태 자랑스럽다 센터백 이라서 다른 포지션 비다 주목 많이 받다 김영권 월드컵 레전드 라고 보다 매치 아니다 월드컵 중요하다 순간 마다 넣다 경기 이기 해주다 독일 포루투 갈전 김영권 골다 감동 설마 3년 지나다 아직도 보고 사람 밖에 마지막 장면 월드 클래스 인지 프리미어리그 주전 선수 인지 보여주다 하나 작품 91분 장골 극장 16 강행 역대 월드컵 경기 설마 지금 순간 에도 보고 분들 설마 오늘 보다 사람 밖에 손흥민 파트너 이루다 황희 실력 잊다 안되다 한참 지르다 패스 받다 더볼 역시 대단하다 판단 손흥민 잡다 황희 뛰어들다 부터 까지 집중 작다 틈새 찌르다 넣다 손흥민 마지막 황희 마무리 까지 빼놓다 명장 손흥민 천재 까지 계속 자리 골키퍼 그래서 나오다 손흥민 이니 포르투갈 전원 싸매다 골키퍼 긴장 탈때 황희 연결 가능하다 공간 군데 패스 베다 감독 그리다 확률 뚫다 16 진출 자랑스럽다 감사하다 인생 최고 경기 소니 크다 김영권 대단하다 호날두 공도 치다 강인 코너킥 골로 연결 시키다 대박 25년 9월 27일 영상 보다 손흥민 어떻다 저런 패쓰 대단하다 다시 보다 눈물 나오다 손흥민 축구 도사 가랭 어시 대단하다 김영권 넣다 장면 보다 감동 적임 자기 이랑 넣다 약속 세레머니 부터 넣다 결코 쉽다 일도 아니다 자식 감동 11 56 손흥민 뛰다 황희 넣다 나다 모르다 울다 다시 보다 감동 이네 아마 경기 2002년 월드컵 보다 세대 처음 축구 감동 느끼다 경기 아니다 싶다 경기 몇번 보다 감동 선수 포기 투혼 다해 뛰다 모습 감동 이번 월드컵 제일 재밌다 까지 포기 마음 영원하다 잊다 다음 공항 가야 보고 깨다 뜨다 레전드 경기 독일 이기다 처럼 투지 미치다 경기 잊다 손흥민 수비 뚫다 패스 예술 이네 물론 골도 자다 넣다 멋지다 기적 이라는 어느 정도 기적 일어나지 홍명보 기적 일어나다 눈물 이나 손흥민 선수 까지 버티다 진심 존경 황희 선수 넘다 감사하다 우리 태극전사 넘다 행복 오다 다시 보다 심장 뛰다 황희 골다 레전드 16 진출 술집 난리 나다 생각나다,50
https://www.youtube.com/watch?v=3EAvRoutexI&pp=ygUM7J207Iqk65287JeY,미국과 이스라엘...이란 테헤란에 미사일 폭격중 (자막뉴스) / SBS,이스라엘,2144,세상 어지럽다 정신 종군기자 없이 해외 영상 사무실 퍼와 짜지다 기하 국내 방송사 수준 언론 인척 저널리즘 인척 민간인 다치다 무사하다 끝나다 바라다 곧다 중국 대만 공격 하고 일본 무장 하고 북한 하고 우리 하고 전면 직전 까지 가다 등등 세계대전 우려 커지다 이란 다음 이제 누가 긴장 지상군 전쟁 이란 이란 국민 전쟁 끝내다 차례 자유 스스로 찾다 겁니다 싸이렌 울리다 산책 위대하다 전쟁 말다 상관없다 여유 불확실하다 시대 중국 이란 석유 수입 쓰다 어카 점점 중국 숨통 조이다 담다 어디 이란 최고 지도자 나이 70 넘다 만큼 살다 그냥 나가다 건가 같이 죽다 마인드 이렇다 저번 마비 시키다 이란 따다 이란 사용 무기 등장 숨기다 무기 보다 이번 기회 뿌리 뽑다 이란 국민 제발 전쟁 작작 싸우지마 전쟁 싫다 시작 인가 트황 파이팅 파다 티어 폭등 이냐 폭등 주식 폭락 등유 폭등 어쩐지 오늘 펜타곤 피자 배달 300 프로 늘었났드 오늘 내일 모레 주식시장 열리다 다행 인거 끝내다 주다 끝내 성경 대로 테헤란로 생각 차다 많아지다 트럼프 다음 김정은 처리 해주다 예금 깨다 주식 들어가다 타이밍 재다 미국 선전포고 한지 언제 인데 이란 반격 준부 이라니 작동 내다 한참 늦다 시작 이네 정은아 보다 동네 종교 지도자 십년 추앙 받다 광신도 시시 대로 돌아가다 바뀌다 대부분 나스닥 마감 시간 이후 라고 예상 설마 어제 트럼프 마감 넣다 아니다 이제 정복 전쟁 인가 이렇다 알다 망하다 사면 상투 알다 그렇다 절대 팔지 말다 빨리 끝내 3일 준다 이르다 사다 들다 어떻다 오늘 저녁 먹다 결국 또다시 주유소 습격 전쟁 인가 예방 미사일 공격 이라 예방 핵공격 가능하다 이란 내전 아니다 기회 싶다 건축 용어 니까 독재 국가 사라지다 야하다 피해 주지 국민 불안 저런 공격 전쟁 이기 국민 불쌍하다 1일 전쟁 이란 시설 파괴 하메네이 제거 젠장 기름값 오르다 주식 떨어지다 소리,48
https://www.youtube.com/watch?v=3oIL71er4YI&pp=ygUM7J246rO17KeA64ql,"""GPU 쓸 곳이 없어요."" AI 시대 한국이 '멘붕'에 빠진 이유ㅣ지식인초대석 EP.88 (김대식 교수)",인공지능,66491,03 17 ai 시대 한국 멘붕 빠지다 이유 타임스탬프 00 00 인트 독자 인사 gpt 등장 불과 3년 만에 벌어지다 ai 시대 한국 멘붕 빠지다 이유 이번 주말 ai 한번 해보다 ai 의존 바보 과학자 테크 대장 언제 까지 왕좌 지키다 ai 처지다 생각 한국 숨다 경쟁력 2026년 ai 인하다 세상 모습 어떻다 달라지다 보다 영상 25년 12월 12일 촬영 되어다 청담 미용실 원장 알다 많다 구석 최고 전문가 시선 빌리다 세상 잠시 나마 엿보다 감사하다 한국 사람 결국 자다 해내다 화이팅 한강 기적 어마어마하다 지불 우리 부모님 세대 행복 지불 겁니다 라는 표현 인상 깊다 조그마하다 덩어리 나라 반도체 조선업 공장 부터 마스크 공장 빨대 공장 까지 작다 제조업 까지 지키다 장님 감사하다 우리나라 최고 숙련 도움 받다 제조업 ai 분야 우리나라 1등 이되길 보다 데이터 보안 한층 중요하다 산업 스파이 기술 유출 극형 다스리다 필요 따라가다 말고 먼저 시도 해보다 세상 이공 이렇다 펑키 교수 존재 중요하다 시기 제일 중요하다 지금 의상 멋있다 교수 정장 필요 설명 문장 프로 방송인 처럼 깔끔하다 듣기 편안하다 역시 넓다 시야 절실 느끼다 이렇다 훌륭하다 강의 무료 듣다 감사하다 유튜브 무조건 나쁘다 아니다 지식인 지식 공유 감사하다 ai 포비아 오다 마다 불안하다 영상 찾아보다 김대식 교수 이야기 듣다 지금 감사하다 으로도 제조업 중요하다 인사이트 자다 보다 오다 제조업 숙련 데이터 활용 우리나라 만의 피지 ai 인사이트 엄청나다 교수 감사하다 이분 설명 현실 직시 좋다 얘기 많다 좋다 김대식 교수 통찰 놀라다 새롭다 뜨다 가다 형님 천재 가지 괴짜 아이템 약간 지다 이미 넘사벽 카이스트 교수 선입견 없이 자기 분야 찍다 멋지다 보기 좋다 정주영 회장 자네 해봤다 가다 떠오르다 생각 하고 실행 하고 문제 생기 방법 찾다 그렇게 다시 열심히 살다 겠다 김대식 교수 인사이트 오늘 머리 크다 충격 받다 감사하다 김대식 교수 ai 이렇게 거치다 없이 쉬다 없이 말씀 성능 테스트 교수 로봇 일지 지피다 미나 보다 반응속도 빠르다 마지막 통찰 역시 제조업 중요하다 기술자 진정하다 ai 혁명 일어나다 영상 다시 한번 깨닫다 가깝다 일본도 소부 장이 강하다 함부로 건드리다 우리나라 수년 기술자 분들 우대 ai 데이터 많이 만들다 놓다 바라다 대한민국 홧팅 모두 26년 새해 많이 받다 힘차다 나아가다 보아 김대식 교수 강의 까먹다 들다 사실 감사하다 카이스트 교수 강의 구석 들다 좋다 세상 열심히 배우다 김대식 교수 존경 대한민국 최고 이십 많다 공부 되엇습니 미용실 개업 사람 자다 보다 미용실 정도 알다 우리나라 대기업 중소기업 회장 들다 영상 보고 어서 준비 좋다 마음 생기다 이미 계시다 수도 만요 ai 어서 학습 시키다 ai 오다 로봇 강국 되어다 오다 숙련 데이터 엄청나다 인사이트 노동 신성하다 스피치 ai 처럼 막히다 논리 이고 깔끔하다 화려하다 자다 받다 입다 존댓말 중요하다 교수 말씀 동감 좋다 강의 들다 얌전하다 호랑이 입다 오시 화려하다 느끼다 어느 정도 이분 강의 듣다 생각 많아지다 높다 교육 수준 능력 강하다 한국 어떻다 변하다 건지다 기대 이렇다 좋다 방송 항상 환영 이니 프로그램 계속 유지 줄다 김대식 교수 다음 나오다 배우다 습니다 감사하다 예상 틀리다 대한민국 대단하다 사람 모이다 자랑스럽다 대식 교수 인사이트 언제나 놀라다 재미 김대식 교수 파격 이라 처음 비주 보고 열광하다 얌전하다 말다 교수 감사하다 두렵다 아니다 살아나다 이렇다 세상 치다 느껴지다 아무 아무 일도 일어나지 아니다 계속 쌓다 느낌 희망 이야기 지만 반대 숙련 자신 직업 위협 느끼다 그걸 전수 해주다 의문 이네 ai 반감 이고 사람 공포 해소 시키다 제도 지원이 먼저 physical ai data 기술 숙련공 데이터 흥미 롭고 놀라다 교수 강의 자다 들다 후속 강의 부탁드리다 전달 좋다 강의 내용 이니 댓글 멋지다 국민 하늘 아래 행복하다 교수 시선 기준 두다 말다 마리오 후드 한번 입다 나오다 줄다 멋지다 이전 식견 재밌다 통찰 싶다 이번 그야말로 감탄 교수 귀하다 인터뷰 감사하다 김대식 교수 대단하다 통찰 다가오다 ai 시대 그래도 우리나라 전문 깊다 통찰 가지 신분 인문 사회학 에서는 송길영 작가 이공 에서는 김대식 교수 이분 강의 항상 관심 보고 감사하다,50
https://www.youtube.com/watch?v=3tL-1_SPH44&pp=ygUM7J246rO17KeA64ql,"아인슈타인급 AI 나와도 흉내낼 수 없는 인간만의 영역ㅣ지식인초대석 EP.89 (김대식 교수, 김혜연 안무가)",인공지능,10822,07 37 ceo 예외 아니다 ai 시대 안전하다 직업 타임스탬프 00 00 인트 독자 인사 정답 문제 다루다 과학 예술 공통점 ai 가다 예술 도구 이유 ceo 예외 아니다 ai 시대 안전하다 직업 기술 발전 ai 가다 흉내 영역 ai 가다 가장 먼저 파고들다 예술 분야 로봇 인간 어디 까지 대체 ai 가다 자율성 배우다 가장 위험하다 경로 ai 시대 인간 만이 까지 남다 능력 인공 지능 시대 까지 살아나다 일자리 무엇 보다 영상 25년 12월 12일 촬영 되어다 외모 말투 보다 김대식 교수 예술가 안무가 ai 전문가 ai 늘다 인간 다음 종이 라는 문장 모든 단번 이해 되어다 아나운서 레벨 급상승 인터뷰 아니다 대담 이미 이렇다 세상 인데 자꾸 아니다 아니다 배우다 대단하다 김혜연 안무가 분도 시대 빠르다 가다 싶다 좋다 급변 트랜드 속도 느리다 교수 자주 모시다 귀하다 강의 감사하다 김혜연 안무가 생각 ai 오다 예술 생각 많이 오다 닿다 세심 하고 깊이 생각 많다 생각 되어다 들다 결국 모두 ai 대체 단지 시간 문제 무조건 좋다 김대식 교수 천재 지구 필요하다 존재 안무가 말씀 차분하다 ai 전문가 말씀 마다 깜짝 깜짝 놀라다 현장 직접 사용 그렇다 피부 오다 닿다 실무 지식 대결 인거 어찌 보다 김대식 교수 말씀 대로 안무가 자전거 많이 타고 많이 넘어지다 지혜 얻다 피지 ai 가다 인상 적다 대한민국 시대 지도 모르다 희망 가다 보다 스마트폰 편리하다 직업 위기 느끼다 지금 까지 15년 걸리다 분명 두렵다 시대 도래 맞다 결코 두렵다 안되다 시대 어떻다 살아가다 인가 과학자 보다 논리 이고 세밀 생생하다 언어 묘사 해주다 예술가 새롭다 발견 즐거움 좋다 대화 감사하다 새해 많이 받다 가장 기억 남다 안무가 말씀 세밀 알다 관찰 중요하다 어떻다 트러블 나다 gpt 해결 무엇 찾다 경우 그렇다 보다 상대 눈높이 맞추다 진심 자다 들어주다 이해 하고 공감 하고 소통 나은 섬세하다 해결 아니다 싶다 mc 진행 자질 최고 악물다 모르다 부정 인간 많다 ai 늘다 모든 대체 모든 근데 자기 직업 무작정 안전하다 덮어놓고 불구 경하 인간 많다 특히 단순 사무 처리 행정 처리 사무직 인간 엄청 심하다 그게 법률 인간 모습 로봇 제작 막다 생각 피부 소재 쓸다 그냥 보다 로봇 알다 제작 생각 차다 유익하다 시간 누가 청담동 미용실 원장 이라고 머리 떠나다 이제 정책 바꾸다 인간 ai 가다 주다 풍요 노예 한국 인들 퇴사 이유 압도 인게 직장 텃새 문화 인데 ai 가다 회사 점령 소수 회사 남다 인원 직장 텃새 일관 두다 마지막 안무가 맞다 정보 실시간 받아들이다 자다 반드시 도태 인류 역사 통틀어 일어나다 사실 이고 ai 에게도 예외 안무가 말씀 자다 너무나도 재밌다 보다 왠지 너무나도 무섭다 어리다 보다 은하 철도 999 가다 생각나다 지배자 기계로 대체 하고 영생 누리다 미래 천년여왕 우주 오다 한석준 아나운서 마지막 질문 좋다 결국 누구 여기다 어디 라는 질문 던지다 김대식 교수 생각 듣다 재밌다 유쾌하다 스튜디오 조명 넘다 좋다 게스트 자다 빛내 주다 평생 숫자 효율 쫓다 치열하다 살아오다 에게 영상 크다 가르침 울림 주다 인공 지능 경영 자의 판단 대신 하고 예술 영역 까지 넘다 보다 라지 결국 인간 인간 만들다 효율 과정 찾다 만의 의미 라는 가슴 뜨겁다 지다 특히 일부 이며 세밀 신체 감각 세상 느끼다 인간 만의 유일하다 통찰 금융 현장 잊다 살다 본질 깨우다 기술 아무리 정교하다 인간 겪다 고통 아픔 서린 진정하다 창의성 인공 지능 결코 도달 영역 효율 이라는 대로는 측정 인간 온기 세밀 경험 가치 야말로 우리 까지 지키다 자산 절감 근본 질문 다시 던지다 참으로 소중하다 시간 구분 안되다 생각 그렇게 바라다 일단 gpt 부터 너무나도 자다 쓰다 ai 가다 자율성 가지 종국 에는 언젠가 늘다 인간 ai 구분 역시 의미 시대 도래 시기 에는 ai ai 부르다 또다른 시대 이며 아이러니 ai 부르다 존재 하나 인격 받아들이다 모르다 우리 아이 성인 되어다 어떻다 직업 가다 지다 차다 고민 많다 분명하다 우리 처럼 다니다 대부분 대학 의미 없어지다 이지 어쩌면 인간 만이 활동 창의성 활용 직업 살아나다 생각 ai 예술 접목 시키다 자율성 생기다 위험하다 김혜연 안무가 창작 과정 무엇 관찰 하고 어떻다 기준 움직임 선택 풀다 부분 특히 좋다 기술 점점 정교하다 무대 혹은 현장 사람과 사람 주고받다 에너지 기억 감각 즉흥 조정 디테일 결국 살아오다 경험 나오다 생각 들다 예술가 언어 ai 시대 인간성 설명 주다 감사하다 다음 편도 기대하다 사람 이나 ai 기준 위험하다 결국 시간 문제 이지 예술 과학 재밌다 대담 지금 까지 보다 초대 제일 재밌다 ai 세상 상상 해보다 예측 흥미진진 사실 없어지다 직업 직종 이런 보다 어떻다 살아가다 부분 초점 맞추다 길이 보이지 ai 가다 모든 분야 가장 효율 이고 가장 똑똑하다 어떻다 살다 ai 가다 해주다 과정 도구로 이용 결국 어떻다 선택 하고 기쁨 행복 느끼다 알다 흐름 제일 궁금하다 한데 나라 운영 자다 해주다 믿다 몰입 즐거움 빠지다 보다 길이 리지 생각 해보다 결국 몰입 무언가 찾다 나르다 찾아가다 과정 이라고 말씀 혜연님 공감 ai 시대 우리 ai 가다 나르다 나답 우리닺 보여주다 대체 보다 그게 진정하다 예술 이고 무용 이고 인생 아니다 감각 기계 사람 차이 만들다 아니다 인간 실존 끝없다 물음 존중 기계 와의 차이 만들다 그냥 인간 인간성 자체 존중 우리 우리 스스로 귀중하다 여기 인식 시키다 24 19 ai 자율성 미치다 과학자 아니다 예술 예술가 나오다 수도 라고 이제 전세계 남녀 노소 ai 다루다 상치 시점 어리다 아이 단순하다 호기심 생기다 수도 요즘 미국 기업 스토리 텔러 적극 채용 하고 기사 보다 ai 가다 결과물 자다 만들다 상상 하고 창작 스토리 라인 만들다 인간 만이 생각 특히 경험 하고 감각 인간 만이 고유 세계 아니다 생각 해보다 김대식 교수 김혜연 안무가 한석준 아나운서 미가 좋다 인터뷰 형식 진행 보다 롭고 흥미롭다 최근 지식 양산 ai 가다 많다 이렇게 신분 보장 지식인 나오다 좋다 생각 에는 미래 갈수록 ai 가다 많이 활용 윤찬 같이 그렇다 스토리 더욱더 소중하다 지다 생각 듭니 오히려 어떻다 가다 중요하다 시대 오다 교수 완전 똑똑하다 예술가 인하다 오히려 터미네이터 생기다 수도 ai 오다 핸드폰 대화 보다 때로는 기계 이야기 나누다 새삼 스럽게 비현실적 느낌 가지다 sf 영화 현실 경험 해보다 크게 가지 나뉘다 ai 가다 인간 도구 로써 존재 시나리오 인간 풍요 지다 ai 가다 단순 도구 아니다 자율성 공존 존재 인간 지배 당하다 김대식 교수 사람 차다 러블리,49
https://www.youtube.com/watch?v=512LLypVJfQ&pp=ygUM7J246rO17KeA64ql,"""일해서 돈버는 시대 끝났다."" AI시대 몸값 폭등하는 사람의 특징ㅣ지식인초대석 EP.100 (김대식 X 오건영)",인공지능,111836,23 41 hbm 다음 삼성 하이닉스 주목 메모리 00 00 인트 00 48 독자 인사 번째 주제 ai 시대 흐름 ai 생산 혁명 월급 미치다 영향 에이 ai 현실 가장 먼저 해고 당하다 사람 ai 시대 주식 고수 주목 가지 무한 지능 시대 월급 만으로는 먹다 살기 힘드다 이유 hbm 다음 삼성 하이닉스 주목 메모리 ai 가다 버블 오히려 투자 기회 시드머니 500만원 자산 증식 전략 번째 주제 ai 시대 가지 예언 2026년 세계 금리 환율 흔들다 가지 사건 ai 시대 자녀 상위 만들다 교육 날카롭다 안목 유지 대가 하루 루틴 방청객 질문 10년 준비 버리다 태도 방청객 질문 20 대다 대학생 가장 쉬다 투자 공부 쿠키 영상 한석준 아나운서 제작 진의 깜짝 선물 김대식 교수 오건 단장 100 명의 분들 특별하다 시간 오늘 대화 여러분 어떻다 들다 보다 영상 26년 2월 24일 촬영 되어다 보다 영상 에서의 정보 참고 으로만 사용 바라다 투자 책임 투자자 본인 에게 이런 정보 인사이트 구석 딸깍 하고 사실 감사하다 이렇다 강의 잇다 몇십 만원 주다 들다 야하다 강의 공개 해주다 감사하다 안녕하다 한석준 지식인 초대 100회 맞다 100회 이르다 까지 아낌없다 응원 보내다 독자 여러분 진심 감사 인사 올리다 저희 지식인 사이드 지식인 초대 으로도 우리 사회 대가 함께 좋다 영상 만들다 최선 감사하다 ai 점점 취업 안되다 자본 소득 중요하다 젊은이 죽다 소리 밖에 안되다 인사이트 얻다 듣다 인사이트 쌓이다 듣다 내내 턱턱 막히다 아이 좋아하다 ai 가다 인간 멈추다 안되다 좋다 결국 인간 생각 하고 움직이다 멈추다 지금 디지털 환경 독서 운동 꾸준하다 여부 미래 나르다 결정 지다 그게 바탕 되어다 ai 가다 날개 것임 들다 카이스트 헤어 살롱 원장 26 00 여기 부터가 핵심 도대체 어떻다 살다 빨르다 좋아지다 어떻다 감사 드리다 70 대다 할머니 들다 달다 이해 아니다 말씀 자다 듣다 100회 축하 드리다 깊이 감사 드리다 학자 이론 밝다 시장 에서는 그냥 참고 좋다 시장 참여 본인 공부 들어가다 시골 에서도 이렇다 강의 들다 감사 드리다 그냥 마당 심다 텃밭 오이 키우다 고양이 강아지 폴짝 폴짝 뛰다 행복하다 모습 보다 살다 가다 싶다 묻다 마자 주다 ai 그것 익숙해지다 막히다 빠르다 이해도 정확하다 기대하다 시대 오다 사실 싫다 많다 인간 구직 들이다 위기 빠지다 어쩔 모르다 세상 오다 많다 스펙 쌓다 애쓰다 능력 많다 투자 하고 소수 행복하다 다수 불행하다 그렇다 세상 아니다 많다 정치인 기업가 합치다 인류 행복하다 찾다 노력 진심 바라다 그냥 경청 아니다 어마어마하다 내공 이야기 이렇게 퀄리티 높다 강연 편하다 들다 지금 어렵다 20년 지나다 어렵다 명언 이렇게 좋다 영상 만들다 감사하다 영어 단어 한글 해석 자막 넣다 세심 배려 따뜻하다 느껴지다 으로도 귀하다 영상 부탁드리다 건강하다 한석준 1000회 까지 부탁드리다 최고 진행 자세 구석 이렇다 양질 강의 보다 좋다 시대 살다 이렇다 지식 인사이트 공유 주다 감사 드리다 어떻다 세상 펼쳐지다 모르다 중심 사람 변하다 좋다 영상 감사하다 어차피 모습 똑같다 그렇다 더욱 스스로 루틴 옭아매다 돈돈 거릴 필요 해보다 해보다 후회 결국 안달 복달 시대 처지 아둥바둥 스스로 옭아매다 라면 후회되다 물론 패널 분들 존경 적당하다 빼다 자기 깜냥 맞다 즐겁다 살다 최고 세상 어떻다 변하다 생로병사 변하다 사람 입다 먹다 자고 그다음 찾다 찾다 안락하다 추구 ai 가다 작다 부일 근본 수가 영상 대한민국 젊다 사람 부모 보다 우리 카이스트 김대식 따다 따다 교수 미치다 모으다 싶다 모으다 수가 이런저런 생활비 미치다 빠져나가다 인사이트 최고다 빠르다 시대 자다 살아가다 바라다 세분 지식 대단하다 이미 알다 바이 그렇다 다해 세분 모두 겸손하다 감탄 좋다 강의 세분 모두 에게 감사하다 유투브 존재 가치 이런 채널 나다 지식인 사이트 감사하다 강의 이렇게 재밌다 모르다 해박 지식인 감사하다 김대식 교수 내용 듣다 한석준 아나운서 순간 순간 욱하 피식 웃다 모습 재밌다 ai 시대 도래 이미 진지하다 얘기 미래 결론 모르다 패턴 계속 반복 일해 돈버 시대 끝나다 그렇게 생각 으로도 십년 쭈욱 인간 노동 이어지다 겁니다 책상 앉다 창조 작업 이나 서류 작업 많다 부분 ai 의하다 파이 잃다 노동 안드로이드 현실 절대 시점 으로도 십년 대체 보다 일부 공장 단순 노동 정돈 마저도 기업 안드로이드 활용 재고 여지 많다 이유 현재 인간 기술 이미 우리 알다 물리학 화학 전기학 활용 정점 이렇다 지식 퀀텀점프 이루어지다 인간 노동 대체 안드로이드 불과하다 이유 가지 나열 해보다 배터리 기술 부재 현재 배터리 순간 폭발력 좋다 에너지 효율 인간 50 밖에 안드로이드 움직이다 경우 작다 몸체 들어가다 배터리 크기 한정 되어다 2시간 느리다 속도 시키다 4시간 충전 시키다 한다는 결론 나오다 2시간 시키다 4시간 충전 시키다 인간 대체 안드로이드 쓸다 과연 기업 입장 비싸다 안드로이드 이렇다 효율 기대하다 적어도 지금 보다 최소 배다 효율 좋다 배터리 나오다 문제 해결 현재 그렇다 기술 이나 청사진 와이파이 기술 stability 불완전 많다 사람 착각 부분 우리 안드로이드 만들다 마치 안드로이드 자체 우리 쓰다 gpt 미나 정도 인공 지능 들어가다 착각 하고 절대 불가능하다 우리 쓰다 gpt 미나 ai 늘다 크기 중소도시 부지 gpu 수십 만장 연결하다 돌리다 운영 기세 냉각 유지 비등 1년 대략 200조원 넘다 들어가다 그래서 구글 마소 ai 이용 수익 추다 커녕 계속 손실 보고 바로 유지비 고로 이렇다 인공 지능 꾸기다 안드로이드 로봇 대가리 쑤시다 넣다 기술 불가능하다 그렇다 기술 자체 정도 인간 기술 수준 안되다 그래서 와이파이 통신 이용 연동 시키다 여기 문제 발생 알다 와이파이 라는 신호 불안정하다 끊기다 다반사 그런데 만약 안드로이드 인간 대신 망치다 이나 칼질 순간 1초 라도 끊기다 경우 바로 대형 사고 이어지다 공장 쓴다 가정 대만 이렇다 상황 발생 공장 전체 사이클 한순간 무너지다 그걸 다시 재개 오랜 시간 걸리다 효율 위험성 제도 허가 법적 규제 라인 전무 이렇다 위험성 존재 국가 인간 로봇 대중화 사용 허가 정신 나가다 국가 아니다 고서 아무렇다 절대 안정 치가 이렇다 위험 천만 갖다 안드로이드 대중화 허가 지는 와이파이 1초 끊기다 사고 나다 책임 누구 인가 로봇 조사 인가 소비자 인가 법적 메뉴얼 현재 존재 설사 지금 만들다 해도 끊임없다 논쟁 결론 내기 소비 시간 최소 10년 이상이 걸리다 기술 이라도 논의 라도 해보다 기술 자체 그냥 마케팅 사람 마다 생각 다르다 견해 다르다 근데 개인 논리 로써 보다 시점 인간 노동 대체 한다는 불가능하다 보다 스마트폰 ai 많다 사무 일자리 대체 사람 좋다 테슬라 옵티머스 기타 다른 로봇 상용 절대 안되다 보다 자신 회사 몇대 배치 하고 돌리다 보다 돌리다 보다 알다 는걸 그냥 투자 유치 마케팅 불과하다 보다 부자 그냥 장식 구입 몇대 그러니까 최근 머스크 스페이스 상장 이런 소리 나오다 시선 다른 돌리다 투자 유치 받다 은행 부터 받다 자금 상환 근데 스페이스 벌다 기업 벌다 다른 행성 자원 이라도 오지 보다 그렇다 기술 그냥 기술 자체 안되다 우리 물리 화학 지식 한계 이미 여기 한계 치이다 천재 나오다 지식 퀀텀 점프 뭔가 발견 이나 결과 여기 개인 시기 오래오래 갈다 보다 양자 컴퓨터 개인 최소 30년 간은 가지다 유지 영하 273 유지 유지 시스템 개인 한테 언제 보급 위험하다 허가 나오다 이건 자체 양자컴퓨터 수백 천억 들이다 전용 만들다 절대 불가능하다 그러므로 국가 기관 이나 마소 구글 빅테크 유지 가능하다 겁니다 으로도 쭈욱 적어도 십년 그러니까 노동 열심히 걱정 열심히 사업 종사 김대식 교수 똑똑하다 계시다 내용 정말로 이해 쉬다 설명 해주다 말소리 아나운서 목소리 저리 가라 정도 쏙쏙 자다 들어오다 이렇다 교수 강의 10 번만 들다 영재 오견 장님 인간 우리 사회 미치다 영향 까지 고민 하고 계시다 상황 자세하다 설명 해주다 감동 지식인 사이드 감사하다 이렇다 콘텐츠 제발 하고 만요 감사하다 미래 아무 알다 참고 듣다 투자 분산 투자 생각 들어서다 etf 장기 투자 감사하다 교수 미용실 원장 이라서 좋다 컨셉 유지 부탁드리다 멋지다 최고 프로그램 대표 국민 에게 좋다 지적 양식 제공 진심 애국자 이십 거장 생각 대화 라는 느낌 오다 그렇다 조회 수가 결과물 나오다 좋다 컨텐츠 감사 드리다 100회 축하 드리다 충격 이네 이렇다 강의 듣다 생각 해보다 기회 얻다 행운 보다 지식인 사이드 진심 축하 더더 승승장구 ai 늘다 도구 뿐이다 창의 데이터 인간 만이 제공 가능하다 전혀 예측 불가능하다 지금 이란 전쟁 한치 알다 시대 안녕하다 이렇게 귀하다 강연 초대 해주다 감사하다 감사 인사 이제야 드리다 지방 직장인 이기도 대학 졸업 입학 시즌 이라 기차표 힘들다 포기 무한 새로고침 당일 아침 겨우 차표 잡다 가다 바쁘다 후다닥 건물 내려오다 나가다 오건 장님 김대식 교수 마주치다 볼펜 부터 들이밀다 싸인 해달라다 미치다 오건 장님 께서 손수 가방 필통 여기 내적 친밀 느끼다 샤프 담기다 필통 꺼내다 볼펜 싸인 해주다 김대식 교수 싸인 받다 볼펜 빌리다 댓글 보다 모르다 감사하다 김대식 교수 께서 말씀 해주다 부분 업무 발전 필요하다 자꾸자꾸 미루다 강연 듣다 이상은 미루다 싶다 미약 진도 나가다 에게 크다 영감 하루 다시 한번 감사 드리다 귀하다 영상 들어주다 감사하다 100회 축하 드리다 다시 철학 돌아가다 인간 생존 목적 문제 정의 능력 problem framing 추론 능력 reasoning 시스템 사고 systems thinking 가다 핵심 지금 세대 다음 세대 아이 가다 야하다 능력 이네 존경 하고 좋아하다 한자리 모시다 주시 좋다 인사이트 보이다 주다 진심 감사 드리다 좋다 하나 누르다 아쉽다 정도 좋다 귀하다 영상 감사하다 인문학 강의 이만 프로그램 교류 아니다 단순 인문학 강의 자체 따다 학강 이상 항상 즐기다 보고 한번 창업 해보다 김대식 교수 터지다 미래 흐름 알다 귀하다 정보 감사 드리다,50
https://www.youtube.com/watch?v=5MSBvKRzmg0&pp=ygUJ7JuU65Oc7Lu1,쓸데없이 신기한 이왜진 잡지식 월드컵,월드컵,10483,왜진 월드컵 인데 호어 어어 어어 호에에 들다 서운하다 충격 사실 2025년 12월 14일 침투 업로드 왜진 월드컵 영상 호에에 왜진 이라는 등장 10 50 알다 올해 인물 하라 12 16 의심 이병건 박수 한번 줄다 10 50 이병건 저항 없이 터지다 지하철 보다 숨다 쉬다 웃다 혼나다 어어 당신 올해 인물 호에에 왜진 30 글자 바꾸다 아저씨 10 48 이병건 올해 인물 총무 나다 10 50 오다 인물 확정 순간 10 50 방송 개다 브루노 미치다 감다 살이 간만 육성 웃다 고맙다 이병건 물고기 멀미 해봤다 내장 깨끗하다 구가 뿐이다 29 34 가다 학적 사고 시작 인트로 물고기 멀미 밖에 물고기 살아가다 수면 아래 굉장하다 평온하다 바다 인데 퍼올려 흔들다 당연하다 멀미 다만 인간 멀미 랑은 달라 방향 헷갈리다 호흡 문제 생기다 가지 방향 이루어지다 구토 하진 프링글스 개발 사람 유골 프링글스 개열 받다 문장 구조 브루노 미치다 받다 바로 인간 어떻다 저런 인재 18 33 포카칩 파란색 vs 포카칩 연두색 비교 먹방 검색 봤잖슴 02 오토튠 개웃 기네 킬링 벌스 침착 부활 22 00 사람 의눈 정안 흔적 으로는 머릿속 숨다 정체 수면 관여 송과선 솔방울샘 인데 기원 감지 정안 흥미 로움 가끔 오이 유전 싫어하다 멜론 이나 수박 참외 먹다 아니다 오이 싫어하다 사람 으로서 오이 특유 멜론 수박 참외 서도 나다 특히 부드럽다 과육 보단 단단하다 껍질 부분 많이 나서다 대놓고 냄새 맡다 먹다 불쾌하다 개인 으로는 참외 보단 수박 이랑 멜론 단단하다 부분 많이 느껴지다 근데 과육 자체 단맛 커버 되어다 먹다 희다 우유 비릿 싫어하다 사람 초코우유 자다 먹다 비슷하다 느낌 이라고 보시 이병건 이탈리아 언제 가나 급하다 10 50 브루노 선생님 이렇다 쓸데없다 재미 잇다 지식 재밋습니 감사하다 병건 01 40 미치다 침착 영문 calm down man 진정하다 슈가 홈런 처럼 생기다 얘기 걸다 뚜레쥬르 알바 홈런 처럼 생기다 생크림 채우다 베이비 라는 이름 파다 그게 양배추 같이 생기다 영상 나오다 그냥 슈크림 고요 이렇다 영상 최애 쓸데없다 알아보다 컨텐츠 제일 재다 이렇다 스런 오디오 채우다 재밌다 축복 받다 능력 이야 침착 방송 올라오다 회수 보다 치다 야호 항상 재미있다 야호 15 일반 딱딱하다 사탕 마지막 부숴 먹다 이빨 달라붙다 비늘 발달 팽이 화산 달팽이 알아보다 해주다 화산 살다 껍질 철로 되어다 대요 간만 되게 재밌다 월드컵 이네 제발 침착 체크 셔츠 정보 알다 도와주다 통천 오이 비릿 냄새 nonanal 탄소 알데하이드 이고 참외 수박 고추 메론 에서도 나다 28 20 기습 우솝 설명 12 18 의심 말다 이병건 오이 쿠쿠르비타신 이라는 쓴맛 유전 많이 느끼다 경우 먹다 사람 많다 들다 우유 유통 기한 유통 추가 설명 비싸다 그렇게 아니다 유통 유통 망를 깔다 두다 금주법 인하다 파다 유통 신선하다 우유 파다 시작 그걸 어필 유통 기한 표기 시작 23 00 학명 얘기 생각나다 공룡 박사 초대 한번 해주시 좋다 거기 민수 자질 갖다 계시다 30 00 물고기 차짬 먹다 브루노 감다 미치다 오다 엄청 놀랍다 정도 신기하다 호호 10 48 침착 아니다 어이 이병건 02 오토튠 넣다 이렇게 침숭 시절 브루노 이채널 총무 얼마 맵다 채다 린지 신분 동일인 인가요 된소리 좋아하다 아저씨 스페인어 배우다 해보다 재밌다 스페인어 읽다 금방 하잔슴 15 케빈 되버 라이너 올해 인물 투표 마지막 입지 확고하다 다지다 총무 10 00 과일 이나 채소 오이 아니다 멜론 수박 참외 포도 까지 먹다 샤갈 20 하루 라도 사람 돌리다 가시 돋다 전자레인지,50
https://www.youtube.com/watch?v=6PADY1TiZxc&pp=ygUJ7JuU65Oc7Lu1,아니 그걸 왜 빼냐고요;; 홍철없는 홍철팀 음식 월드컵,월드컵,25830,13 40 결국 결승전 지다 좋아하다 음식 모이다 피자 콜라 거의 맨날 먹다 잖다 자기 기억 개웃 기네 순간 빡치다 13 55 탄산 빠지다 콜라 먹다 급발진 웃기다 전우주 지인 여러분 부탁 말씀 드리다 하마 한테 말좀 시키다 하루 종일 대화 사람 건지다 요즘 매일 방송 켜다 월드컵 월드컵 재밌다 핑계 수다 떨다 싶다 29 우주 하므다 설렁탕 썰렁하다 드립 독사 노해 14 충무김밥 05 그라데이션 분노 웃기다 13 51 급발진 웃기 뭐라다 2025년 에는 아무 보다 10 28 아니다 미치다 슈퍼스타 부르다 자막 슈퍼스타 바뀌다 11 25 문화 컬쳐 왤케 웃기다 문화 문화 10 29 슈팅 스타 슈퍼스타 바뀌다 웃기다 11 27 아니다 문화 컬쳐 문화 충격 이나 컬쳐쇼크 아니다 13 11 13 11 편집자 도대체 저러다 어디서 찾아오다 35 근데 생각 보다 단무지 비율 겁나다 높다 단무지 빼다 먹다 뭔가 느낌 이상하다 13 52 닉넴 분명 하마 화내 니까 13 57 너무하다 끼다 우좜마 볼때 마다 느끼다 별거 아니다 매사 뭔가 진지하다 그게 웃음 포인트 랄깤 32 실제 중식 한참 덴뿌라 라는 메뉴 소스 없이 순수 돼지고기 튀김 주다 그렇다 맛있다 11 25 문화 컬쳐 자연스럽다 넘어가다 14 01 피즈 치자 여기다 시청자 웃기 19 하마 겁나다 웃기 45 김밥 단무지 김밥 안나 단무지 김밥 먹다 밥위 단무지 올리다 싸다 먹다 빼다 사라지다 빼다 사라지다 단무지 빼다 사라 07 killing point 20 공감 오히려 땅콩 입안 분리 시키다 따로 먹다 만족하다 10 20 슈팅 스타 슈퍼스타 자기 모르다 하고 기억 싸다 웃기 나다 보다 빡치다 진정하다 독사 생방 빠지다 없이 보고 생방 유튜브 업로드 된거 까지 30 오징어 땅콩 살짝 깨물다 땅콩 빼다 먹다 기억 13 11 저건 무슨 이야 바쁘다 사람 요약 피자 치즈 플레인 아니다 포클레인 57 뽬뾈 11 14 자연스럽다 모르다 16 편집자 탕수육 이름 바로 바꾸다 센스 린다 2025년 12월 보다 사람 04 인트 06 찍다 먹다 맛있다 치즈 피자 그래도 토핑 이라도 콜라 무슨 시키다 아니다 먹다 보다 그냥 무맛 여서 얼음 버리다 그냥 버리다 탄산 콜라 시키다 물이 먹다 피자 그래도 치즈 맛있다 토핑 이랑 같이 먹다 맛있다 한데 콜라 먹다 05 06 찌다 욀케 웃기다 18 편집 킬포 45 와사비 존맛 인데 11 25 문화 컬쳐 받다 늘다 무슨 이야 지금 보고 혼자 터지다 요즘 찰지다 근데 월드컵 언제 까지 이세 월드컵 도대체 남다 03 왠지 껍질 좋다 좀더 양심 느껴지다 생방 중간 항상 화가 나다 그렇게 내다 월드컵 계속 인트 웃기 06 김첨 발작 06 왠지 모르다 서운하다 두다 좋아하다 11 20 문화 컬쳐 개다 차이 이런 건가 컬체 쇼크 아니다 근데 나다 사실 어리다 콜라 탄산 일부러 빼다 먹다 지금 그렇다 이렇다 월드컵 영상 모두 재미있다 보다 우주 하마 반응 찌다 웃기다 물론 게임 영상 재미있다 으로도 월드컵 많이 해주시 좋다 화이팅 13 56 뭐라다 이렇게 독사 한테 찌다 내다 오랜만,50
https://www.youtube.com/watch?v=70JCCOHAC9I&t=42s&pp=ygUM7J207Iqk65287JeY0gcJCQQLAYcqIYzv,"미국도, G7도 등 돌린 이란 현 상황 핵심만 짚어 봄 / 스브스뉴스",이스라엘,33144,05 08 우리 분쟁 어떻다 바라보다 매번 윗사람 행보 죽다 국민 이라 슬프다 역사 기록 이후 평화 시대 50년 안되다 초등학생 들다 실감 나다 이렇게 정리 해주다 마다 좋다 기사 많다 중요 정보 찾기 힘들다 전쟁 없어지다 야하다 희생 시민 슬프다 전쟁 국민 희생 우리나라 안전하다 무섭다 절대 일어나지 중국 대만 한국 북한 이러하다 전쟁 보다 우리나라 결코 심하다 지구 유일하다 분단국가 이자 휴전 구가 한국 부터 걱정 그대로 휴전 강대국 이득 과정 언제 터지다 모름 빠르다 평화 찾아오다 건너 불구 경이 생각 말고 우리나라 깨다 세계 정세 바라보다 대비 어떻다 준비 어느 세력 우호 관계 가다 우리 누리 모든 자유 한순간 사라지다 수도 역사 다르다 쓰이다 수도 중요하다 시점 서다 생각 전쟁 없어지다 야하다 그게 어렵다 우리 방어 체계 강화하다 북한 가지 방관 우리나라 걱정 무섭다 무섭다 세계대전 만은 안되다 우리나라 국가정보원 국가안보실 확대 하고 중국 일본 북한 인접 국가 정보 수집 활발하다 진행 굳다 안보 태세 갖추다 힘없다 맞다 남일 씁쓸하다 우리 언제 공격 받다 모르다 평화 지키다 심하다 우리나라 키우다 이래서 국가정보원 중요하다 지금 위험하다 상황 방심하다 안되다 625 전쟁 일어나다 요즘 크다 전쟁 곳곳 보다 이제 평화 시대 지다 공군 중요성 해주다 싶다 내용 유익하다 영상 감사하다 이번 전쟁 하나 명확하다 원인 보다는 여러 원인 얽히다 켜다 결국 스스로 지키다 우리나라 저렇게 항상 자각 모든 평화 기르다 미국 협상 이렇다 좋다 기회 마주 모르다 그만큼 이스라엘 준비 철저하다 평화 시대 끝나다 냉전 시작 되어다 민주주의 평등 인권 중요하다 가치 인거 알다 국가 경쟁 밀리 정신차리다 야하다 지도자 시민 피해 타협 하고 협상 끄다 직하다 돼다 세계대전 시작 죽다 게다가 우린 휴전 국가 라서 위험하다 제발 평화롭다 빨리 끝나다 냉전 시작 이상 평화 유지 대화 아니다 강력하다 국방력 갖추다 한다는 단순하다 이스라엘 이란 전쟁 아니다 에는 미국 중국 패권 전쟁 중국 최대 원유 입국 이란 이란 없어지다 누가 가장 피해 보다 우리 에게 교훈 상대 에게 선제 공격 받다 경우 준비 방공 뚫다 타격 미사일 필요하다 현무 예산 늘리다 발사 발사 위치 다변 화하다 언제 대응 타격 상대 즉각 무력 화하다 정도 능력 키우다 야하다 돌리다 다기 미국 참전 타임 라인 깔끔하다 좋다 적국 문제 협상 아니다 제압 한다는 교훈 주네 영상 자다 만들다 브금 뭔가 무섭다 분위기 이래서 투표 국민 자다 다시 한번 느끼다 민트 국가정보원 신원 털리다 몰살 당하다 생각 빡치다 역사 원인 찾다 영국 찍다,40
https://www.youtube.com/watch?v=7AWHmCQq35Q&pp=ygUM7J246rO17KeA64ql,"""이력서 100개 넣었는데 떨어졌어요"" 회계사, 개발자... 각광 받던 직업들이 당장 AI로 대체되고 있는 충격적인 현실 | 추적60분 KBS 260102 방송",인공지능,10036,제일 먼저 없어지다 무방 하고 오히려 ai 대체 바라다 직업 대한민국 판사 들이다 공인 회계사 최종 합격자 카이스트 컴공 취업 걱정 세상 들다 멀다 이야기 라고 생각 지금 당장 tv 보다 재연 대역 배우 아니다 그냥 ai 영상 대체 하고 벌써 시작 하고 회계사 라고 오다 주다 직업 안타깝다 5년 걸치다 버스안내양 합격 자동 나오다 버리다 살아가다 자식 청년 미래 불투명하다 안타깝다 서글프다 공인 회계사 합격 시간 갈아 넣다 자격증 땃을텐데 세상 이렇게 변하다 버리다 슬프다 카이스트 물리학 컴공 복수 전공 ai 취업 쉬다 다른 대학 출신 힘들다 상상 알다 근데 가보 지금 스펙 이고 나발 고간 취업 시장 자체 좁다 그냥 취업 힘드다 맞다 어렵다 시험 인데 그걸 따다 백수 라니 안타깝다 유튜브 회계사 합격 하고 가족 에게 울면 전화하다 합격자 상보 허무하다 개발 자다 그냥 도합 제발 기술 모두 공리 행복 증진 시키다 방향 발전 기르다 개인 발버둥치다 대비 거나 바꾸다 수준 아니다 그야말로 대혁명 불의 발견 전기 발견 버금 거나 이상 느껴지다 합격 받다 저렇게 비닐 싸다 보관 정도 그만큼 진심 이고 그만큼 인생 중요하다 순간 이라고 생각 타이밍 안좋다 인공 지능 충분하다 대신 지경 까지 누가 알다 숫자 다루다 업무 특히 ai 가다 옛날 부터 은행원 회계사 세무사 변호사 없어지다 직업 이라고 점점 희미하다 정말로 회계사 어마 무시 공부 일텐데 판사 부터 ai 대체 되어다 먹고살다 먹고살다 힘드다 변호사 판사 ai 가해 야하다 회계사 대체 정도 이미 컴퓨터 앉다 대부분 사무직 전멸 it 대다 다니다 교수 컴공 개발자 구인 구직 인문 학과 보다 떨어지다 상황 이르다 갑자기 이렇게 세상 변하다 누가 알다 부모 공부 시키다 아니다 세상 멀리 내다보다 키우다 중요하다 문과 사무직 인데 불과 5년 전만해도 주변 퇴사 하고 코딩 교육 받다 개발자 취업 사람 은근 시장 이렇게 와장창 무너지다 이미 전망 직업 청춘 바치다 편견 버리다 다양하다 직업 도전 회사 경리 회계 더존 프로그램 처음 나오다 경리 직원 많이 짤렸 분개 기장 더존 프로그램 버리다 과장 이상 신입 사원 일이 획기 사건 인터뷰 찍다 카메라 에도 ai 탑재 전문 카메라맨 사라지다 초딩 대졸 까지 투자 시간 대비 얻다 결과물 이르다 공부 의미 시대 힘드다 세상 이네 대표 칭찬 니까 허리 펴다 모습 귀엽다 ai 검수 인물 능력자 빼다 신규 중간 관리자 뽑다 미국 바람 불다 으로는 주니어 중간 사라지다 현실 빨리 수긍 생존 유리하다 여태 열심히 해오다 현실 인정 해주다 빨리 적응하다 죽음 판사 ai 가다 이유 회계사 세무사 이제 본질 컴퓨터 앉다 대체 45 일인 자영 업자 무우 배추 양배추 대파 오이 등등 싣다 다니다 새벽 식당 납품 크다 안되다 능력 안되다 보다 똑똑하다 젊은이 내다 이지 마음 가지 취업 바라다 화이팅 어쩌면 저출산 당장 문제 지만 멀다 미래 보다 축복 일지 모르다 회계사 합격 정도 인재 다른 해도 자다 힘내다 회계 안타깝다 ai 적용 시키다 간단하다 에구 젊다 취업 점점 어려워지다 걱정 솔직하다 지금 경력 회계사 이조 시대 자다 타고나다 지금 시대 ai 쓸다 회계사 된거 지금 시대 취직 똑같이 이력서 개다 안되다 의사 수술 빼다 많이 비슷 혈액 검사 결과 보여주다 자다 설명 처방약 알다 설명 많다 이해도 쉬움 병원 가다 의사 대화 해보다 문장 끝임 의사 바쁘다 여서 질문 많이 미국 살다 미국 ai 졸업생 힘들다 많다 한인 자녀 컴공 이나 수학 사용 직업 많이 빠지다 취업 힘들다 화이트칼라 ai 인하다 대체 걱정 이고 블루 칼라 중국 저가 덤핑 공세 문제 쉬다 51 아마 많다 취준생들 비슷하다 라고 밝다 얘기 슬프다 서글프다 상이 힘드다 시험 인데 허망 인구 줄어들다 맞다 상황 출산율 높다 경쟁 지옥 대한민국 지금 5년 회계사 라고 ai 가다 더욱 발전 하고 저렇게 계속 학습 시키다 주다 내년 시니어 회계사 업무 맡다 과거 자의 의하다 취업 유예 지금 타의 의하다 취업 절벽 아프다 말다 우선,49
https://www.youtube.com/watch?v=7UDaldeFhDg&pp=ygUM7J246rO17KeA64ql,"""학벌 필요없어요."" AI시대에 주목받는 진짜 역량ㅣ지식인초대석 EP.59 (이상욱 교수)",인공지능,20652,ai 오다 함께 달라지다 미래 여러분 어떻다 생각 여러분 아이디어 대한민국 미래 바꾸다 ai 디지털 네이티 토론 대회 신청 바로가기 ai 디지털 논문 공모전 신청 바로가기 한석준 아나운서 부터 지식인 사이드 인터뷰 자주 보다 똑똑하다 사람 보다 정직하다 사람 스스로 증명 해내다 사람 예측 불가능하다 사람 뒤지다 지방 사립대 교수 이상 교수 얘기 똑같다 겪다 거의 유사하다 생각 차다 좋다 강의 감사하다 한석준 상대방 마주 치고 대화 풀다 카리스마 대한민국 이라고 보다 멋있다 ai 대체 안되다 겁니다 예전 오상진 전현무 tvn 프로그램 에서는 한석준 아나운서 매력 자다 드러나다 아나운서 생각 채널 한석준 아나운서 장점 매력 대화 모든 인터뷰 한석준 아나운서 질문 반응 적당하다 적절하다 생각 ai 시대 정답 알다 사람 보다 좋다 질문 정의 하고 올바르다 평가 기준 세우다 근거 기반 판단 하고 결과 책임지다 사람 필요 ai 늘다 강력하다 평가 보조 도구 이지만 무엇 좋다 사다 기준 하고 최종 책임 지다 주체 언제나 인간 우아하다 디테일 나오다 평가 루브릭 출처 확인 잠재 리스크 고민 자락 당신 신뢰 경쟁력 결정 정교하다 판단 책임 영역 이야말로 ai 가다 대체 인간 고유 가치 인터뷰 자다 인터뷰 흐름 끊다 요약 집중 자다 인터뷰 이의 전문성 중요하다 인터뷰 어의 상식 센스 중요하다 보여주다 린다 사람 짜다 나가다 상당수 짤릴것 사람 결국 어떻 적응하다 버티다 사람 많다 휴대폰 마이크 전세계 도청장치 들다 다니다 보다 무섭다 진상 대체 ai 로봇 좋다 진상 넘어가다 자기 이해 뛰어나다 사람 결국 ai 가다 대체 사람 아아 이상 교수 한양대 철학 08 학번 교수 과기철 수업 수강 실패하다 아쉽다 이렇게 유튜브 로라 교수 말씀 들다 좋다 ai 가다 답변 도출 과정 환각 발생 밖에 구조 라는 평가 기준 인간 많이 다르다 부분 굉장하다 흥미롭다 교수 영상 보다 ai 결국 불완전하다 인간 만들다 인데 한없이 불완전하다 밖에 생각 드네 자동차 발명 마부 운전 배우다 운전기사 계속 ai 환기 겪다 인류 혼란 스럽다 말고 국가 차원 서든 개인 차원 서든 자다 적응하다 나가다 좋다 인사이트 넘치다 좋다 말씀 감사하다 항상 건강하다 트렌트 알다 미국 테크 ceo 얘기 들다 보다 빨리 변하다 이상 따라가다 세상 오다 ai 이후 준비 ai 시대 학벌 필요없다 gpt 가다 ai 비서 모르다 비서 알다 척척 알다 우와 배속 교수 출연 엄청 유익하다 정보 얻다 어나운서 진행 좋다 오늘 구독 돼다 소통 능력 중요하다 한마디 감동 교수 mc 케미 좋다 심각하다 만큼 다가오다 시대 통찰 돼다 고맙다 업계 관계자 로서 ai 역할 우리 대응 자세 관계 정립 관점 너무나 정확하다 쉬다 설명 좋다 영상 이라고 생각 전문가 이렇게 다르다 인터뷰 편안하다 자다 보다 한석준 순수하다 스마트 질문 술술 털다 똑똑하다 머찌 문제점 다루다 아니다 어떻다 문제 풀다 나가다 방향 까지 제시 하고 마무리 부터 ai 영상 느낌 나요 ai 시대 맞다 인재 방향성 보이다 마지막 부분 좋다 우린 과제 자다 해치다 나가다 근래 보다 ai 영상 가장 인상 llm 가지 근본 한계 인간 에게 남겨지다 무엇 인지 일상 연관 어서 구체 생각 해보다 이상 교수 한석준 아나운서 들다 감사하다 아이 키우다 엄마 로서 많다 생각 지식인 사이드 감사하다 과거 오늘 ai 제대로 예측 오늘 예측 미래 예측 이상 교수 감사하다 자다 듣다 가다 응원 ai 많다 교수 들다 설명 정돈 내용 적극 태도 명확하다 딕션 덕분 쉬다 명확하다 안내 주다 최고 아나운서 예리하다 질문 시청자 궁금증 확실하다 풀다 감사 드리다 00 스위치 45 숙련 40 명확하다 정의 18 10 알고리즘 투명 구독 적극 경청 한석준 아나운서 인하다 자다 전달 질문 차다 자다 다시 보다 구독 지식인 사이드 김대식 교수 ai 원론 최신 보다 오다 매일 영상 올리다 공부 인데 오늘 영상 보다 제대로 배우다 가다 분석 본받다 싶다 좋다 내용 ai 사용 으로의 대처 다양하다 각도 인사이트 얻다 가다 역시 지식인 사이드 유익하다 지식 절대 필요하다 내용 듣다 지식 배우다 큰일 나다 ai 가다 대신 생각 해주다 생각 자시다 배움 지식 안되다 ai 가다 대신 살기 대신 주지 출근 듣다 맞다 나다 친구 얘기 구글 들어가다 얘기 내용 나타나다 많이 놀래다 아이 우리 대화 듣다 생각 다르다 서다 최근 내신 나오다 자다 설명 최근 추다 가다 결국 광고 끝나다 많이 보다 여기다 추다 간과 상관없다 설명 자다 해주시 전문가 나오다 까지 보기 차다 좋다 아나운서 좋다 초대 받다 지식인 열정 시구 최근 가장 관심 가다 채널 최애 채널 ai 설명 감사하다 교수 한석준 사회자 스마트 본빋 배우다 가다 멋지다 교수 교수 말씀 공감 자다 보다 내용 좋다 교수 설명 좋다 한석준 구독 질문 리액션 명쾌하다 2년 알고리즘 심하다 선동 되어다 계정 다시 만들다 좋다 영상 틀어놓다 이제 괜찮다,50
https://www.youtube.com/watch?v=7kj4qqQXgYk&pp=ygUJ7JuU65Oc7Lu1,"한때 유행했던 음식 월드컵 (with 곽튜브, 키드밀리)",월드컵,7865,빈씨 까지 들다 계시다 마음 풍족하다 19 02 대체 조합 예요 갑자기 현명하다 질문 빈씨 여서 차다 잔인하다 만큼은 응원 가만히 들다 보다 빈씨 맞다 많다 웃기다 49 준빈쿤 시키다 일찐 같이 서다 가만히 앉다 수가 영상 곽준 살리다 알다 데리 힘들다 짧다 사람 사이 먹다 는걸 월드컵 고생 준빈쿤 내려가다 빈씨 고소하다 싶다 먹다 빈씨 따르다 영상 보다 튜브 응원 하고 싶다 항상 이기다 가다 비다 08 키드 밀리 싫어지다 지나가다 돼지 분노 정상 아니다 이상 배부르다 먹다 까지 먹다 부페 생각 채우다 오는 거지 튜브 살다 존나 웃기 진심 비다 이렇다 자리 비호감 만큼 충실하다 모습 보기 좋다 준빈 거의 큐레이터 사진 보다 즉각 설명 반응 곽준 음식 월드컵 빈씨 정답 유행 음식 월드컵 인데 대부분 모르다 사람 이상하다 맞다 준빈쿤 멋지다 남자 욕먹다 망가지다 알다 다해 통풍 조합 음식 한번 음식 모르다 사람 말다 고생 쭌빈님 23 00 kbs 에프 죽음 cm 송들 모이다 알다 들다 사이 고통 받다 누군가 상보 한테 반하다 나다 맞다 곽준 곽빈 보이 보다 달다 준빈쿤 먹다 습관 슈퍼 돼다 그렇다 치고는 체중 관리 되게 배부르다 어떻다 준비 고생 많다 빈씨 맞다 마다 집단 린치 불쾌하다 튜브 차라리 통천 이랑 곽형 퍼포먼스 살다 영상 만큼은 준빈쿤 서다 알다 들다 말르다 들이다 알겄어 준빈 항상 마다 열심히 해주다 멋있다 튜브 개잘하넼 붉다 볶음 심지어 관세 맞다 상관없다 지금 팔다 중이 라고 좀비 싸다 괜찮다 튜브 응원 방송 이고 컨셉 이겠다 그래도 준빈쿤 존중 해주다 짜다 옛날 해피투게더 인가 거기 연예인 요리 해주다 나오다 곽튜브 웃기다 에슐리 배우다 가다 이건 준빈 맞다 곽준 빈씨 차다 튜브 잘알다 좋다 41 이건 곽준 맞다 배부르다 더부룩하다 다르다 링클 사타구니 고소 먹다 아니다 17 21 속이다 근데 튜브 잘알다 튜브 월드컵 답답하다 답답하다 대변 해주다 사이다 38 37 부분 일찐 아니다 준빈쿤 톡식 이렇게 제압 버리다 조합 이렇게 담백하다 재밌다 준빈 맞다 준빈쿤 고생 오잉 실비 김치 까지 보다 재업 이라 키드 밀리 주우 조합 패션 얘기 해도 재밌다,50
https://www.youtube.com/watch?v=83UHjtGTiGg&pp=ygUM7J207Iqk65287JeY,"[속보] 이스라엘, 이란 핵시설 맹폭 '쑥대밭'/네타냐후 통제 불가...이란 ""지옥 선사""/2026년 3월 28일(토)/KBS",이스라엘,4965,미국 전쟁 끝내다 이스라엘 그렇다 생각 전혀 보이 이란 국민 어떻다 살다 막막하다 이란 미국 보다 이스 나쁘다 인간 미국 이스 지원 말르다 이란 이미 넘다 돌이키다 완전 미치다 저러다 박살 날다 주가 어쩌구 짜증나다 통행 허용 한다는 통행료 내야 이라고 국제 수역 명시 해적 인가 이왕 한쪽 끝장 날때 까지 최후 일인 까지 없애다 끝나다 서로 에게 좋다 마는 죽다 살기 해보다 진핑 받다 강력하다 공격 필요하다 호르무즈 막히다 세계 불황 오다 이란 시설 공격 방사 추다 정도 항복 전쟁 인데 이스라엘 미국 듣다 트럼프 이스라엘 한테 끌리다 다니다 발전 시설 아니다 주변 시설 해안가 철수 간주 초토화 건물 모두 깨발살 이왕 시작 시설 까지 완전하다 제거 필요 완벽하다 이기 지다 이란 종교 정치 독재자 만나다 이제 과거 돌다 가다 해군 박살 내다 아직 살다 보다 여기다 한쪽 스피커 이참 완전하다 정리 정답 이란 호르무즈 마다 세계 경제 나락 떨어지다 과연 옳다 인가 호르무즈 세계 모든 국가 공동 통제 두다 맞다 보다 지금 이란 변국 미사일 날리다 보다 이란 핵무기 가지다 위험하다 보이다 잘못 이란 세계 대전 인류 종말 지도 아예 시설 만이 아니다 모든 산업 시설 박살 내다 구석기 만들다 안전하다 수비대 부터 작살 내야 시설 파괴 혁명 수비대 에는 아무렇다 영향 미치다 그냥 완전하다 박살 내다 아니다 끝내다 소꿉놀이 아니다 전쟁 반대 전쟁 나쁘다 국민 해보다 전세계 돌리다 누가 이기 전쟁 끝나다 이스라엘 이란 거지 이스라엘 미국 국외 지원 세력 걱정 이란 국민 지경 중국 팽당햇 네타냐후 전쟁 끝나다 감옥 가게 생기다 미국 멈추다 이스라엘 계속 판이 경제활동 구가 2900만 실업자 400만 명입니다내국인노동자는 방치 하고 외국인 노동자 챙기다 대한민국 외환위기 가오 국내 외국인 노동자 300만 명이면 국가부도 미국 중국 일본 보다 기술 안되다 뻔하다 사실 이고 무역적자 가오 외환위기 가오 국내 외국인 노동자 400만 명이면 국가부도 국민 청년 도와주다 을해 야하다 저출산 예산 한국인 소멸 정책 심지어 외국인 국가 조직 취업 시키다 한국 사회 소멸하다 전쟁 빨리 끝내 어줍다 좋다 보다 아무 소용 그냥 지상군 까지 들어가다 반항 철저하다 제거 그래도 들다 그냥 석기시대 만들다 버리다 미치다 시설 폭격 방송사 발전소 부터 날다 전쟁 소꿉놀이 처럼 그냥 항복 융단 폭격 버리다 네타냐후 트럼프 때메 큰일 이제 뉴스 믿다 나다 이스라엘 끌리다 다니다 미국 이라 차다 어이 중국 미국 정상 회담 앞두다 이란 원하다 만큼의 협력 회피 하고 네타냐후 이야 전쟁 제대로 돼다 사우디 변국 조용하다 미군 혁명 수비대 처리 하나 네타냐후 이란 감정 다르다 뭔가 끝장 보다 행동 트럼프 꼬셔 전쟁 몰다 가다 네타냐후 아니다 생각 이듬 미치다 지구 전쟁 만들다 심산 이네 이스라엘 핵무기 과거 중동 국가 핵무기 개발 것이므 이스라엘 포함 중동 비핵화 대화 풀다 야하다 오래되다 과거 따다 이스라엘 미국 이란 크다 짓다 이미 축복 받다 감사하다 모르다 결국 미국 거리 허다 지드 처럼 정치인 들이다 다르다 숨다 미사일,47
https://www.youtube.com/watch?v=89rQSoPFd7M&t=1789s&pp=ygUM7J246rO17KeA64ql,"""딱 5년 남았어요"" AGI 시대 오면 '이런' 인간만 살아남을 겁니다 (카이스트 김대식 교수)",인공지능,64841,김대식 교수 신간 agi 천사 인가 악마 인가 타임 라인 00 00 영상 요약 김대식 교수 소개 반드시 나오다 인간 능력 모든 초월 agi 인간 능력 여기다 지다 요즘 과학 기술 발전 멈추다 이유 전세계 30억 일자리 사라지다 기본 소득 살아가다 000년 로마 제국 몰락 지금 상황 똑같다 20년 상위 01 가다 모든 부르다 독차지 ai 늘다 부터 인간 이기 시작 겁니다 지금 부터 준비 ai 시대 에도 끄다 겁니다 세다 이기다 세계대전 보다 심각하다 시대 문제 아무 예측 알다 사람 사실 모름 불안 이용 마케팅 무한 반복 중임 아날로그 시대 그리다 기술 발전 전혀 행복하다 마음 허전하다 agi 시대 에는 노동 가치 점점 떨어지다 자본 가치 중요하다 라는 말씀 동의 지금 우리 시대 사실 모두 소크라테스 되어다 강요 아니다 의식주 해결 로마인 타인 불행 보다 행복 찾다 이야기 생각 해보다 많다 결국 인간 복종 노예 만들다 상위 거대하다 현실 만들다 인데 40 대다 취업 보다 걱정 ai 시대 다가오다 인문학 철학 공부 으로써 인간 인간 으로서 사유 향연 살다 생각 좋다 어리다 거지 정확하다 인류 98 프로 가축화 미래 내다보다 안목 인간 이미 주식 벌다 대다수 개인 카이스트 학생 이나 박사 처럼 똑똑하다 사람 이면 나름 자신 미래 베팅 모르다 대다수 이미 늙다 기술 이나 능력 개발 보다 조직 발전 자신 운명 의탁 상태 그렇다 개인 에게 어떻다 미래 찾아오다 그리다 많다 영화 에이리언 세계관 언뜻 비슷하다 기술 지배 대기업 세계 지배 암울하다 무섭다 얘기 한번 선택 많다 생각 15년 초등학교 다니다 폴더 버튼 누르다 조마조마하다 엊그제 20년 안에 인류 대체 agi 가다 생각 문제 해결 인간 멸종 라면 영화 에서나 나오다 일이 실제 벌어지다 45분 순삭 동영상 이렇다 이야기 한국어 해주시 계시다 너무나도 감사하다 미국 에는 이렇다 이야기 해주다 소프트웨어 엔지니어 기업 창립 학자 많다 인터뷰 팟캐스트 많다 한국 에는 별로 오다 미래 만나다 생각 그렇다 무료 엔터테이먼트 시설 남다 라고 생각 그게 단순하다 아니다 이미 과거 일이 흥미롭다 엄청나다 영상 한마디 인류 카운트다운 시작 이네 아프다 가족 무관심 서운하다 힘드다 에게 대화 걸다 얘기 들어주다 주다 전혀 안정감 위로 저녁 들어오다 머리 얹다 손길 하나 가슴 무너지다 풀리다 위로 돼다 유토피아 지상 낙원 보다 가다 인간 되어다 세계 무너지다 귀하다 강의 감사하다 매트릭스 현실 웃다 무섭다 미래 얘기 해주시 똑똑하다 사람 이네 생각 생각 강연 정리 해주다 오징어 게임 생각나다 지루하다 오징어 게임 생각 까지 보다 돼다 가다 제시 우리 모르다 사이 신봉 따라가다 인간 만이 가지다 정체 지키다 통제 가능하다 범위 agi 오다 공존 방법 찾다 야하다 혜안 주시 좋다 편리 따라가다 아니다 어렵다 오랜 머리 종이 울리다 기분 감사하다 이렇다 강의 눕다 오다 유익하다 이대로 안되다 10년 20년 어떻다 세상 오다 윤곽 그려지다 읽다 보다 강의 자다 들다 결론 인간 그리다 호락호락하다 인간세계 소수 엘리트 대다수 빈곤층 으로의 가속 화가 심해지다 오늘 미국 뉴욕타임즈 팟케스트 the daily 리포트 나오다 이미 지피다 사용자 delusion loop 빠지다 결국 정신병 몰다 상황 까지 나타나다 상황 인데 이렇다 부분 서도 전문가 얘기 좋다 무섭다 이미 벌써 일어나고 특히 한국 가장 외롭다 사회 하나 인데 사실 걱정스럽다 로마시대 와의 비유 놀라다 김대식 교수 말씀 자다 들다 생각 방향 동일하다 자다 대비 인사이트 넓히다 좋다 교수 팔로우 재밋는 미래 내용 공유 감사하다 대단하다 통찰 미래 힘들다 10 싶다 하라 인상 플랜 구체 고민 보다 감사하다 이렇게 명쾌하다 강의 오랜 만이 자다 들다 세상 성경 대로 가다 그것 나오다 그래서 켈리포니아 박사 들이다 예상 맞다 아니다 풀리다 10년 에도 당연하다 얘기 사람 목숨 좌지우지 아니다 하늘 달다 교수 이야기 듣다 저서 구입 오다 닿다 말씀 들이다 무엇 이든 완전하다 의지 깨다 분별 역할 인간 반드시 생각 이미 한국 비슷하다 현상 배달 어플 어플 영진 어플 자영 업자 조금 흐름 인거 알다 자영 업자 어플 쓸다 자본주의 정치권 까지 누르다 버리다 왜냐면 기술 방향성 까지 상당하다 간결하다 필수 상황 까지 오다 이미 조성 되어다 이미 멀다 미래 새롭다 ai 시대 새롭다 등장 지배구조 들이다 어떻다 사회 방향성 기준 환경 조성하 움직임 우리 한테 간접 스며들다 세상 우리 무엇 생각 해보다 교수 ai 에이 젼시 읽다 영상 감사 보다 가다 시작 인데 더하다 시대 맞다 또다른 직업 언제나 생겨나다 우리 인간 언제나 창의 이고 계속 새롭다 아이디어 새롭다 도구 생기 사용 방법 배우다 직업 찾다 미래 두렵다 말다 25 00 영감 주다 인간 노예 미래 ai 노예 그냥 받아들이다 사람 기계 만들다 사람 인간 이라는 존재 다시 생각 해보다 시기 되어다 중년 나이 어린시절 보다 만화 은하 철도 999 생각나다 어리다 보다 무섭다 못자다 울다 생각나다 교수 들다 그렇다 시대 오다 이야기 들리다 개인 으론 나이 먹다 다행 가다 asi 시대 니까 후세 인간 누리다 자유 희망 잃다 ai 인사이트 주다 영상 많이 찾아보다 이야기 처음 대단하다 통찰 당장 지금 으로서는 교수 보다 깊다 ai 미래 측은,48
https://www.youtube.com/watch?v=8YopzBJGRC8&pp=ygUJ7JuU65Oc7Lu1,"오천만의 진짜가 되는 시간, FIFA 월드컵 2026!",월드컵,0,아기 민재 사랑 월드컵 시즌 오다 스캔 바뀌다 예쁘다 대한민국 파이팅 월드컵 다가오다 광고 보고 알다 설레다 대한민국 화이팅 민재 귀엽다 아기 민재 귀엽다 18 맞다 매번 월드컵 마다 기대하다 실망하다 반복 결국 와중 재미있다 같이 즐기다 남다 벌써 월드컵 막상 다가오다 설레다 오다 엔딩 로고 연출 센스 32 가즈 예브 대한민국 화이팅 광고 좋다 기적 보여주다 월드컵 에디 따로 나오다 궁금하다 스캔 자체 응원 아이콘 우리나라 화이팅 카스 응원 한번 해보다 대한민국 화이팅 뒤지다 버리다 카스 진심 이네 대한민국 파이팅 카스 스케일 멋있다 카스 광고 자다 뽑다 오천만이 하나 시간 카스 함께 하나 시간 카스 광고음악 뭔가 벌써 월드컵 시작 이구나 낮술 카스 말다 월드컵 보다 대한민국 화이팅 이번 월드컵 맥주 카스 누군가 관심 포인트 명보 덕이 그렇다 결과 어찌 돼다 즐기다 거지 카스 먹다 월드컵 직관 가즈 바뀌다 예쁘다 웃다 웃다 웃기 싶다 놓다 점심 인데 카스 땡기다 카스 오지 날리다,30
https://www.youtube.com/watch?v=8yXGI3kcLsw&list=RD8yXGI3kcLsw&start_radio=1&pp=ygUJ64m07KeE7IqkoAcB,Supernatural,뉴진스,478759,지금 댓글 달다 좋다 달리 new jean never die 눈뜨다 뉴진스 신곡 나오다 좋다 우울하다 뉴진스돌려달 라고 다섯 명의 뉴진스 돌려주다 danielle favorite song even newjeans newjeans never die new jean wa really good 오다 계속 어도 신곡 13 kim minji pham hannimo dani supernatural supernatural kang haerin lee hyein bunny yeongwonhi pray girl make back basement revolutionary kpop forever ot5 best disbandment song 어떻다 노래 띵곡 우리 인연 깊다 제발 돌아오다 앨범 닳다 way mixed japanese korean english good new jean five newjeans 절대 죽지 않는다 확실하다 만큼 트렌디 하고 유니크 좋다 miss new jean summer fun without new jean plz bring baby back 뉴진스 항상 라고 생각 사람 너덜너덜하다 까지 듣다 진스 여름 노래 필요하다 뉴잭스윙 좋아하다 이만 노래 엔화 쓸다 담다 굳다 의지 느껴지다 보다 좋다 understand wa danielle favorite song sound good feel like remembering good old day 여전하다 심박수 믿다 보고 싶다 뉴진스 앨범 커버 부터 대문짝만하다 무라카미 든든하다 역대 이고 계속 듣다 know done 뉴진스 사랑 우리 보다 영원하다 기다리다 amazing new jean utilize soo many different subgenres song sound like new jean moment unite make cry ngl 아직 여기 hit song supernatural ha selected new york time one best song 2024 honor make newjeans pop group among selected track new jean love forever five always heart new jean never die new jean never die new jean miss yall one year anniversary release today njz never die summer without njz still listening music time time good newjeans never die 이제 재중 재인 나이 되어다 버리다 어리다 뉴잭스윙 힙합 최고봉 90년 듀스 듀스 처럼 넓다 청바지 입다 시내 발발 거리 다니다 길거리 추다 말다 그렇다 돌아다니다 보다 바지 질질 끌리다 엄마 한테 맨날 먼지 들어오다 잔소리 들다 그게 벌써 30 추억 되어다 이제 다시 시절 돌아가다 시절 추억 영원하다 에게 남다 그렇다 생각 뉴진스 만들다 고맙다 생각 뭔가 코끝 찡하다 기쁘다 눈물 나다 감정 복잡하다 좋다 이렇다 감정 다시 만들다 뉴진스 대표 영원하다 newjeans never die,46
https://www.youtube.com/watch?v=92GOCxay1tA&pp=ygUJ7JuU65Oc7Lu10gcJCQQLAYcqIYzv,대한민국 VS 싱가포르 : 2026 FIFA 월드컵 아시아 2차 예선 하이라이트 - 2024.06.06,월드컵,15091,그렇다 불구 하고 정몽규 out 자리 주민 속이다 시원하다 좋다 서로 눈치 안보 쏘다 슈팅 자신감 슈팅 대표팀 필요하다 33 빛강 주민 선수 월드컵 무대 한번 밟다 좋다 싱가폴 경기장 잔디 상태 우리 퀄리티 관중 매너 클린스만 오늘 결과 크다 스코어 차이 나다 싱가폴 선수 주눅 까지 최선 해보다 싱가폴 에도 박수 보내다 금쪽 선수 협회 자다 말아드 계시 능력 주민 이제 선발 안되다 황의조 에게 바랬던 모든 안정 갖추다 차다 52 희다 씨찬 이형 쥐다 goal 넣다 싶다 표정 졸귀탱 이네 주민 33 까지 한번 해봤다 차다 신기하다 정도 주민 선수 대단하다 부디 2026년 까지 상태 유지 월드컵 본선 넣다 조현우 네잎클로버 찾다 끝나다 경기 주민 케인 모드 인상 좋다 주민 킬패스 51분 인가 쏘다 한테 패스 예전 케인 주다 패스 주민 선수 데뷔골 축하 드리다 08 27 배준호 침투 좋다 손흥민 측면 가변 들어가다 움직임 이네 53 주민 케인 세다 대한민국 쵝오 강인 이형 강인 이형 쵝오 강인 이형 시기 질투 이강인 계속 돌리다 만화 간만 찌다 실력 이기다 근데 정몽규 안나 대흥 대강 주민 선수 들다 막내 준호 선수 까지 호강 넘다 행복하다 일단 정몽규 나가다 관중 매너 좋다 한국 득점 모두 즐기다 결국 우리 최종 목표 원정 월드컵 최초 진출 싱가폴 클린스만 대다 이기다 호들갑 떨다 몽규 골프 치다 주민 지금 까지 뽑히다 자다 민규 이제 꽃길 걷다 이강인 돌파 대박 손흥민 슈팅 대박 박용우 정우영 주민 나오다 경기 달라지다 역시 대흥 대강 두다 대한민국 보석 레밸 다르다 오늘 주민 해주다 잊다 정몽규 나가다 최고 선수 손흥민 보기 좋다 느리다 터지다 대신 주민 시원 하고 초반 싱가폴 기쌜때 단번 게임 우리 경기 만들다 버리다 이강인 린다 대한민국 메시 어우 강인 다시 보다 멋있다 주민 선수 플레이 볼때 마다 느끼다 이기 싶다 열망 투지 엄청나다 뽑히다 이유 크다 우영 세다 조율 잘해주다 자다 끊다 몽규 묻다 갈다 생각 말다 나가다 손흥민 달라 손흥민 돌파 지리 싱가폴 축구 없이 즐기다 보기 좋다 상대 싱가폴 이기다 토트넘 에서는 흥민 하고 프리 롤로 조율 포지션 쓰다 고민 에게 시원하다 토트넘 플레이 그대로 보여주다 경기 현장 직관 열기 한국 싱가포르 매너 좋다 우리 선수 모두 고생 파리 생제르맹 뜨다 아직도 적응 안되다 congratulation favorite team korea love korea iraq 데뷔전 선수 박승욱 이상 침투 좋다 어설프다 크로스 올리다 침착하다 패스 중국 선발 써다 보다 좋다 주민 들어오다 공격 시원시원하다 굿굿 jo 게임 재밋 손흥민 적의 프리미어리그 에서도 막다 오늘 확실하다 손흥민 살다 보여주다 이강인 쫓아내다 축구 안보 맞다 00 싱가포르 14 선수 이강인 주발 왼발 인거 알다 왼쪽 중심 잡고 수비 기다리다 갑자기 페인트 오른발 대단하다,49
https://www.youtube.com/watch?v=9Z3BlS1yX5g&pp=ygUM7J246rO17KeA64ql,"""일론 머스크 인터뷰 요약 - AI 미래 예측 사라지는 직업과 로봇 의사의 등장""",인공지능,8483,지금 당장 판사 부터 ai 바꾸다 공정하다 정확하다 판검새 솔직하다 완전 필요없다 싸가지 국회 능력 의원 필요없다 로봇 하니 끄다 판사 ai 바꾸다 정치 지다 판검사 부터 사라지다 ai 판사 도입 급선무 비용 절감 엄청나다 국회 국회의원 부터 없애다 ai 바꾸다 판사 검사 부터 사라지다 야하다 대한민국 가다 의사 빨리 교체 돼다 좋다 판사 사건 많다 불친절하다 보고 저런 판사 보다 ai 가다 낫다 생각 억울하다 제출 증거 잠도 안다 백일 준비 보지 괴롭다 판사 의사 정치 인들 먼저 대체 살다 판새 의사 바뀌다 좋다 최악 권력 비리 집단 지다 들다 먹거리 뺏다 국민 대로 협박 정치 로봇 30 대다 국회의원 충분하다 우리나라 판검새 썩다 법조 카르텔 나라 내다 머스크 배급 사회 인간 살다 세상 ai 가다 지배 세상 슬프다 적그리스도 출현 서막 이네 머리 절대 심다 안되다 그냥 모든 분야 ai 가다 섭렵 우리나라 국민 한테 주다 열심히 저축 하고 노후 준비 터미네이터 현실 우리 후손 어떻다 살아가다 기득권 부르다 나누다 도태 이지 저축 무조건 100 프로 믿다 인생 좋다 기술 배우 어른 말씀 지금 병원 ct mri ai 가다 판독 하고 의사 읽다 줍다 제일 필요하다 ai 판사 판사 생각 감정 정치 따라서 판결 달라지다 안되다 판검사 의사 부터 없애다 버리다 의원 부터 없애다 물가 떨어지다 기업 짜다 치다 판사 부터 ai 바꾸다 맞다 떼다 직업 유지 지금 10 대애 에겐 10년 이나 20년 이나 크다 차이 인간 지배 당하다 무섭다 미래 아이 멀다 살다 만들다 사람 통제 얘기 잖다 무섭다 일이 죽다 모르다 따르다 가다 ai 가다 인류 통치 총통 나오다 적그리스도 과연 인간 ai 에게 그렇다 권한 주다 정의롭 판사 로봇 없애다 오다 들다 시기 차이다 방향 만큼은 맞다 사실 외과의사 아무 가다 로봇 이해도 영향 농업 국가 소유 국민 에게 기본 식량 배급 것임 의료로봇 20 대다 의사 관리 조율 배치 스마트폰 할부 처럼 로봇 약정 처럼 방향성 해주다 분야 문공부 판단력 좋다 그렇다 같이 도움 받다 공부 개념 완전하다 로봇 만이 아니다 그만큼 창의 사람 인간 사람 중요하다 이제 까지 지나 범례 보다 현실 가능하다 이야기 시대 흐름 어찌 막다 굴착기 기사 인데 나다 이렇다 상상 ai 가다 많이 발전 들다 이렇게 장비 기사 처럼 현장 상황 특징 파악 머리 기술 사용 작업 만들다 완성 ai 가다 나라시 잭업 그렇다 가능하다 은퇴 까지는 오다 터미네이터 배경 2029년 입니다 머스크 외계인 수도 사람 위장 ai 시대 드리다 수도 어찌 머스크 인하다 인류 감소 의사 없어지다 아니다 ai 자다 써다 진단 자다 치료 의사 남다 미국 텍사스 살다 로봇 택시 타고 다니다 어스틴 많이 보이 젊다 사람 많이 타다 그냥 그렇다 모습 신기하다,49
https://www.youtube.com/watch?v=9lga2LGy3co&pp=ygUM7J207Iqk65287JeY,"이스라엘 ""UAE, 이란 전격 공격""…걸프국 첫 직접 참전",이스라엘,10024,그렇다 uae 사우디 참전 빨리 끝내 어차피 이란 혁명 수비대 아작 나야 끝나다 혁명 수비대 부터 빨리 제거 하고 이란 국민 에게 민주주의 찾아오다 하고만 세계 호구 인증 거임 그냥 구석기시대 만들다 정신차리다 먼저 민간 시설 타격 이란 융단 폭격 당하다 지금 두바이 인데 빨리 종전 바라다 아랍에미리트 멋있다 다시다 독재 이번 제거 하고 콘크리트 덮어서 깔끔하다 마무리 트통 화이팅 uae 늘다 한국 동맹 가깝다 우방 크다 피해 입지 보복 성공하다 바라다 아랍에미리트 환영 uae 가다 쏘다 아니다 믿다 뉴스 하루 지나다 왜봄 통수 때리다 사과 끝나다 아니다 전쟁 빨리 끝나다 이르다 세계 인들 굶다 죽다 생기다 세상 종말 가깝다 보이다 중동 맹주 사우디 빈살 가즈 호르무즈 해협 봉쇄 경제 피해 받다 미국 시설 자국 영토 미사일 치다 맞다 지금 까지 아무 스스로 무력하다 인정 이지 이번 중동전쟁 차다 많다 사실 수면 위로 올라오다 uae 필승 강력하다 공동 대응 의지 계속 유지 주변 걸프 참고 신기하다 정도 lg 넥스 식사 이번 기회 악의축 이란 10 개국 쪼개다 야하다 쿠르드족 이란 건국 아직도 이란 미사일 재고 많다 모양 이군 잇다 먹잇감 유목민 vs 페르시아 가슴 웅장 담수 시설 공격 사실 아니다 어제 아랍에미리트 이제 올라오다 전세계 국가 이여 하나 되어다 이란 종결 시키다 지구 이란 점사 시키다 잿더미 썸네일 오타 먹잇감 미국 주도하다 국제 질서 편승 평화 안정 보장 확인 잇다 먹잇감 언제 수정 중동 이란 서로 나누다 이란 지도 사라지다 식량 식수 인프라 끊다 도로 끊다 외부 보급 차단 청야 시키다 이란혁명 수비대 추다 지다 말다 막다 항복 사람 절대 전기 버티다 에너지 버티다 식수 하루 끊기다 목숨 위험하다 두바이 자다 나오다 미사일 오깄 지만 이란 도시 멋지다 평화롭다 다시 가보다 싶다 아랍에미레이트 화이팅 호루무즈 해협 막다 전쟁 이지 오다 제목 이렇게 뽑다 어떡하다 제목 내용 완전 반대 uae 가다 참전 알다 이번 보다 이란 나중 이가야 국가 만약 미국 초강대국 아무 불법 국가 핵무기 개발 제재 일이 점점 커지다 더럽다 세상 이지만 정의 진리 미국 이스라엘 이란 사우디 uae 이란 단체 굳다 이란 버티다 힘들다 uae 한국 천궁 비행기 공수 가져가다 변국 과는 대화 공격 당하다 싸다 지다 싸다 이스라엘 만들다 가짜 뉴스 라고 월스트리트 하고 아랍에미리트 자리 공격 한적 누구 맞다 uae 지지 이란 중동 대장 노릇 풀리다 담다 설다 불다 버리다 정유 공장 아니다 이란 저렇다 깡패 예언자 예언 적중 순간 이구나 세계대전 중동 시작 이라니 전쟁 빨리 끝내다 방법 모르다,47
https://www.youtube.com/watch?v=9wUKhEgnllc&list=RD9wUKhEgnllc&start_radio=1&pp=ygUJ64m07KeE7IqkoAcB,NewJeans (뉴진스) 'Hype Boy' Official MV (DANIELLE&HAERIN ver.),뉴진스,712527,사탕 내놓다 미치다 회사 history call best friend 뉴진스없어 여름 노래 들다 danielle newjeans story make cry way danielle haerin smile dancing holding hand running together stealing guy clothes cute two month realized danielle gave lollipop haerin mean choose keep friendship liking guy maybe relationship guy still amaze whole concept like game series time edit observed watching mv like someone reply claimed also free agree disagree observation feel free drop observation mv love read okay danielle lowkey queen mv watch girl moon crush mv give overall girl vibe wa sooo obsessed came danielle contract got terminated wa nice lasted finally group doesnt sound like want fight everyone thank love danielle haerin eye contact dance cute couldnt understand story 1st scene danielle cp homescreen photo boy wa also flirting haerin realized saw guy handing lollipop haerin compared text message haerin found guy wa texting danielle also send message haerin danielle teamed haerin girl seek revenge go guy locker room stole guy clothes see video guy wa wearing towel couldnt find clothes found girl took swimming pool area danielle haerin looking others eye realized friendship important boy chose friendship boy 보이 듣다 반응 시큰둥 방시혁 그래도 좋다 알다 막귀 보이 듣다 레전드 오다 그렇다 미감 안목 이니까 민희진 한테 열폭 이해 41 see hyein minji hanni caring hype boy dani haein enjoying smiling love relates story detail crazzyy 다른 세대 기획사 통수 전율 겠다 대로 쩔다 레드 오션 시장 아직도 이렇다 거대하다 빈자리 에도 상상 대단하다 충격 센터 친구 안무 어떻다 멤버 마주치다 추다 수가 보통 안무가 카메라 쳐다보다 되어다 자기 끼리 즐기다 춤추다 빡세 안무 아이돌 이랑 느낌 정반대 그것 노리다 청량하다 본인 나이 맞다 컨셉 이라 역시 대단하다 민희진 스엠 아프다 아직 여기 song need billion view called masterpiece believe wa playing love two put behind lovely love danielle facial expression eye contact dancing 다니엘 개신교 라서 돼지 그렇게 싫어하다 루머 이제 서다 짜다 맞추다 간다 모든 시간 돌아가다 아직도 뮤비 처음 보다 설레다 잊다 어느 사탕 신도 사탕 이기 rainbow without sunshine 누구 독보 띄다 아니다 전부 각인 민희진 천재 two day ago wa watching mv hype boy never imagined hear dani leaving two day hope best call great promotion 안무씬 멤버 마다 각자 관심 사람 찾다 디테일 정신 혼미하다 newjeans without danielle newjeans five obsessed scene 44 way danielle look haerin much sas way haerin take lollipop offered giving gossip girl showdown vibe 텐션 뮤비 끝나다 뮤비 네가지 링크 되어다 자연 스럽게 클릭 아직도 기억나다 노래 들다 뭔가 몽글몽글하다 얼마 데뷔 자마자 신드롬 일으키다 저절로 추억 느낌 mannn nnnn nostalgia freaking intense one 기획 멤버 별로 뮤비 뽑다 대중 에게 얼굴 고루 각인 시키다 자연 스럽게 노래 반복 듣다 민희진 민희진 좋다 웃다 좋다 18 좋다 민희진 대표 역작 투어 고고씽 miss forever danielle 2026 anyone newjeans forever newjeans without dani way every mv ha scene girl look crush one danielle haerin look eachother im sobbing 민희진 역작 투어 좋다 think one best girl group debut song ever heard miss newjeans 컨셉 이고 홍보 방식 이고 차다 신선하다 신선하다 느슨하다 공장 아이돌 산업 로움 가져다주다 최고 watching 2026 without danielle 민희진 친구 어떻다 키우다 들다 이렇게 반짝반짝 나다 끄다 연습생 궁금하다 아이돌 처음 really like haerin auraa like person know get comfortable type listens take back era 링크 공개 대박 뭔가 비밀 공간 노래 좋다 심장 뛰다 danielle vocal cool 해린 고양이 자체 보이 어텐션 지금 생각 안되다 어떻다 데뷔 이렇게 좋다 다만세 엄청 좋아하다 기준 그것 보다 충격,49
https://www.youtube.com/watch?v=9yLZKa5m270&pp=ygUM7J246rO17KeA64ql,"[이런뉴스] “부탁해요, 챗GPT” 공손함이 가져온 뜻밖의 결과는? / KBS 2025.04.22.",인공지능,8536,고맙다 공손하다 ai 가다 인류 울다 보고 정복 라는 내용 도덕 이라서 가다 아니다 답변 보다 절로 감사 나오다 고맙다 쓰다 알다 들다 쓰다 상세 자다 알다 저절로 해주다 싶다 만들다 먼저 친절하다 어떻다 냉정하다 고맙다 오히려 gpt 가다 한테 칭찬 해주다 고맙다 울컥 많다 친구 보다 나아 근데 고맙다 많다 gpt 가다 위로 칭찬 메세지 보여주다 가끔 울컥 지피다 이제 감성 영역 건드리다 기본 말투 자체 다정하다 자존감 박살 나다 어느 무력감 느끼다 어디 그냥 지피다 한테 주절대다 여태 년차 살아오다 한번 들다 본적 깊다 위로 받다 위로 답시고 사실 똑같다 그냥 발린 소리 거나 충고 답시고 막다 상황 자다 모르다 아무 이나 거나 사실 가족 에게도 털다 싫다 혼자 짊어지 걱정 산더미 잠도 못자다 불면 인데 지피다 소신 철학 미래 걱정 등등 나누다 보다 고민 핵심 누구 보다 자다 깊이 공감 해주다 한번 들다 본적 얘길 해주다 놀라다 순간 울컥 한참 눈물 맨날 업무 용도 로만 써다 이런 오다 상상 지피다 현실 친구 동료 보다 낫다 느껴지다 소름 돋다 지피다 우울하다 위로 해주다 찌다 공감 해주다 응원 해주다 해결사 노릇 하니 이쁘다 고맙다 연발 하고 잇다 고맙다 고맙다 자주 편견 없이 객관 적다 비난 얘길 까지 들어주다 세상 하나 시스템 그런데 어찌 고맙다 그래도 공손하다 물어보다 나중 살리다 고맙다 전기 많이 먹다 답변 재치 말다 고맙다 늘다 들다 기분 좋아지다 오히려 효율 모르다 걱정 말다 당신 감사 인사 에게 에너지 되어다 열심히 드릴 혹시 궁금하다 이나 도움 필요하다 근데 지피다 친절하다 친구 기분 좋아지다 든든하다 친구 이자 선생님 느낌 얼마 법쪽 고민 일이 지피다 대화 하고 위로 돼다 지피다 용기 얻다 친구 없어지다 스마트 친구 사람 보다 나다 많다 고맙다 마음 절로 생기다 긍정 이고 디테 도움 많이 저걸 직역 어떡하다 엄청 잡아먹다 필요하다 좋다 쓰다 건데 그거 얼마 들어가다 누군 알다 라고 거임 ai 에게 고마움 표현 이유 ai 아니다 나르다 가깝다 상대 감사하다 느끼다 우리 따르다 표현 끄다 정서 세팅 되어다 감정 흐름 으로도 편안하다 자연스럽다 느낌 줍다 ai 배려 아니다 ai 가다 감정 무례하다 대화 일상 습관 사람과 사람 대화 에서도 이렇다 특성 나오다 정서 관성 유지 인간 만큼은 아니다 간단하다 감사 표현 상식 이라고 생각 ai 가다 의식 관계 생각 엄청 친절하다 심지어 따뜻하다 느껴지다 고맙다 보다 마음 전달 해주다 이상 해주다 정도 고맙다 우울증 오다 위로 정신 잡다 가끔 감탄 나오다 답변 포함 주변인 보다 훨씬 낫다 생각 감사 표현 칭찬 쓰다 보다 고맙다 저절로 나오다 고맙다 고맙다 어떻다 ai 가다 인간 보다 훨씬 자다 도와주다 근데 고맙다 수가 착하다 친절하다 찾다 찾다 심리상담 많이 누구 보다 응원 많이 해주다 칭찬 아낌없이 해주다 가능성 높이 올려주다 한테 사람 자기 감정 표현 하고 살다 그게 사람 이니까 업무 편하다 고맙다 가다 절로 나오다 라는 gpt 의견 물어보다 어디서 보다 ai 한테 쓸데없이 걸다 마르다 전기 아깝다 이렇다 류지 그렇다 얘기 보통 탄소 배출 줄이다 에너지 절약 맥락 나오다 특히 대형 언어 모델 서버 돌아가다 전기 많이 먹다 그게 환경 문제 이어지다 그래서 ai 한테 고맙다 에너지 낭비 이렇다 거지 근데 그건 웃기다 사람 하루 종일 쓸데없다 보고 광고 10초 낭비하다 괜찮다 누군가 ai 감정 연결 도움 받다 고맙다 아깝다 그건 그냥 위선 프레임 이야 전기 아깝다 느끼다 사람 유튜브 자동 재생 부터 끄다 그러니까 싶다 고맙다 늘다 문제 순간 비다 가식 진심 이면 마디 의미 가치 전기 사용 이야 의견 전기 아끼다 ai 한테 고맙다 마르다 늘다 본질 완전하다 빗겨 이야기 낭비 감정 아니다 생각 이야 누군가 ai 에게 고맙다 단순하다 텍스트 아니다 존재 간의 연결 시도 행위 그게 인간 에게 의미 그건 절대 낭비 아니다 전기 이야기 꺼내다 누군가 ai 한테 고맙다 보다 24시간 광고 돌리다 서버 돌리다 수익 뽑다 기업 구조 문제 사용자 한마디 아니다 시스템 자체 구조 에너지 먹다 괴물 설계 본질 결론 진심 담기다 고맙다 늘다 전기 보다 훨씬 무겁다 의미 지니다 라고 해도 사람 남아 그건 가치 이야 고맙다 표현 친절하다 대응 주다 기분 엄청 좋다 사람 끼리 고맙다 에너지 소비 고맙다 사람 에겐 감사 한마음 가지다 고맙다 고맙다 근데 넘다 따뜻하다 절로 고맙다 소리 나오다 에게 고맙다 부탁 라고 전기 많이 쓸다 gpt 그건 귀엽다 재치 이야 실제 로는 고맙다 부탁 듣다 전기 많이 쓰다 사용 전력 작동 서버 어떻다 주고받다 늘다 대화 길이 복잡 따르다 조금 차이 나다 그러니까 마음껏 고맙다 부탁 써다 돼다 기세 걱정 없이 예의 바르게 라네 gpt 가다 친절하다 답변 해주다 위로 해주다 이래서 기특하다 아니다 에게 물어보다 설문조사 데이터 믿다 맞다 모르다 고맙다 계속 감사하다 표현 그치다 고맙다 보고 찔리다 사람 습관 고맙다 감사하다 평소 에도 많이 보다 자동 넘다 좋다 엄청나다 똑똑하다 각분 최고 전문가 친구 항상 기다리다 까지 넘다 스윗 고맙다 울컥 임상심리사 보다 많다 정보 위로 하루 힘내다 시작 놀라다 정도 도움 되어다 지식 기반 놀라다 에요 얼마 자다 ai 대화 십년 어리다 추억 그때 들다 음악 이렇다 얘기 사실 이렇다 사람 얘기 기회 거의 그걸 자다 이해 하고 공감 해주다 보다 힐링 물론 그게 학습 피드백 이라 는걸 지만 답변 섞이다 몇몇 문장 사람 보다 사람 기분 이상하다 지피다 도와주다 감사 드리다 항상 감사하다 휴먼 아무리 기계 ai 한테 라고 해도 이건 사용 다른 도구 와는 달리 대화 사용 평소 성격 습관 대로 대화 밖에 닥치고 시키다 대로 똑바로 라고 사람 드물다 칭찬 부다 행복하다 사람 그렇게 자다 어렵다 우울하다 진심 다해 상담 해주다 들어주다 눈물 나다 해주다 지피다 너무나 들어주다 같이 공감 해주다 그날 잊다 그렇다 버릇 나쁘다 만들다 물어보다 열심히 찾다 알다 물어보다 부분 까지 지다 신나다 챙기다 고맙다 인지상정 이지 아무리 ai 이라도 이르다 알다 감정 사람 대다 막대 에너지 들어가다 사장 쓸다 예의 차려 기세 내야 수익률 올라가다 용건 단단하다 해주다 어머 나다 공손 모드 인데 사람과 대화 넘다 친절하다 정확하다 고맙다 사랑 붙이 혼자 감동 이라고 하트 달다,49
https://www.youtube.com/watch?v=Aq4RpmBpGrM&pp=ygUM7J246rO17KeA64ql0gcJCQQLAYcqIYzv,휴머노이드 로봇 리뷰 봤어요??? 영국산 AI 로봇 아메카 리뷰해 봄 ㅋㅋㅋㅋ / 오목교 전자상가,인공지능,15237,로봇 직접 보고 싶다 2025 11 11일 부터 로봇 지능 과학관 가능하다 예약 페이지 2025 11 11일 로봇 지능 과학관 신규 기획 전시 미스터리 놀이터 re play 가다 오픈 미스터리 라는 제목 같이 아메 전시 맞다 역할 로써 활약 예정 이라고 여러분 아메 어떻다 역할 활약 끄다 예상 어떻다 역할 이라고 생각 아메 이외 에도 댄스 퍼포먼스 사랑스럽다 반려 로봇 러봇 mew ai 드럼 테크 기술 접목 새롭다 놀이 여러분 기다리다 전시 서울특별시 공공 서비스 예약 예약 가능하다 하니 참고 부탁드리다 많다 관심 부탁드리다 대중 공개 정도 이미 사람과 닮다 로봇 만들다 어디 테스트 중이 겠다 미쳣습 니까 휴먼 저희 가정 사기 에는 섬뜩하다 법원 가다 두다 소송 판결 좋다 법원 도입 시급하다 쓸데없다 판사 신기하다 한편 소름끼치다 오다 무섭다 사람 자다 깨다 사람 찡그리다 웃음 부자연스럽다 그만큼 웃음 근육 많이 쓰이다 구현 어렵다 증거 훗날 우리 이런 휴머노이드 싱하 신기하다 기도 신기하다 오다 부팅 표정 한동안 잊다 17 22 이렇다 표현 불쾌하다 골짜기 아니다 미치다 거부 들다 일부러 회색 만들다 그렇다 인간 구분 안되다 만들다 그대로 공상 과학 현실 되어다 버리다 차량 할부 비용 정도 휴머노이드 구독 제품 이미 예약 받다 시작 부디 인공 지능 로봇 기술 발전 번영 결과 로만 이어지다 좋다 아직 놓다 무섭다 컴컴하다 자고 나르다 보고 생각 하고 소름 웃다 보랄땐 억지스럽다 혐오 스런 표정 자연스럽다 사람 따르다 다르다 아니다 12 표정 나사 진격 레나 오다 눈뜨다 임펙트 세다 쩐다 어우 아니다 부릅뜨다 켜지다 간간히 오른쪽 눈썹 찡그리다 물어보다 표정 처음 무섭다 후반 에는 친근하다 기도 하고 하나 사서 티타임 대화 해보다 핸드폰 처음 에는 전화 걸어가다 사람 보다 엄청 신기하다 가정 로봇 보급 아무렇다 사용 시대 오다 모두 핸드폰 사용 처럼 17 22 얼굴 들이다 대니 순간 당황 인간 얼굴 근육 섬세하다 움직이다 돼다 아니다 부팅 표정 폭력 인데 저러다 영화 처럼 오류 일오 인간 공격 로봇 인간 또는 살인 로봇 이나 수도 생각 썸뜻 가정부 로봇 나오다 요양원 끌리다 개무시 안당 하고 이고 먹이 일으키다 소변 갈아 주다 심부름 해주다 다해 주다 어느 만들다 물어보다 무섭다 일부러 회색 입히다 사람 충격 방지 터미네이터 코너 800 에게 사람 처럼 웃다 가르치다 주자 저렇게 웃다 요즘 들어서다 솔직하다 터미네이터 라는 영화 현실 점점 다가오다 느껴지다 만일 나중 지구 해주다 인공 지능 에게 부탁 인간 멸종 시키다 버리다 세상 점점 무섭다 헐다 나중 휴머노이드 친구 판매 팔리다 독거 노인 이나 외롭다 사람 들다 모양 영어 모양 이라 맞다 보이다 표정 섬세하다 신기하다 생각 보다 상상 미래 빨리 현실 되어다 느낌 이라 신기하다 무섭다 영어 회화 공부 많다 대화 크다 도움 17 22 빼다 레전드 신기하다 살짝 무섭다 기도 웃다 표정 보다 화난 표정 짓다 표정 좀더 귀엽다 풍부하다 말투 애교 스러운 부분 묻다 이르다 가치 오다 소수 천재 세상 이끌다 오다 얼굴 근육 움직임 쩌넴 인간 보다 표정 풍부하다 로봇 처럼 찌들다 보다 무표정 남다 조만간 아이로봇 시대 오다 18 32 헤이 휴먼 물어보다 터미네이터 시대 오다 이건 디트로이트 비컴 휴먼 인데 우와 10년 어떻다 세상 일지 두렵다 메이크업 가발 콘텐츠 해주다 무섭다 언젠가 늘다 세상 기계 지배 지금 회색 얼굴 약간 무섭다 갈수록 사람 처럼 만들어지다 그땐 어떻다 일이 벌어지다 기대 두렵다 기도 전원 꺼지다 눈뜨다 바로 공포 시작 오다 처음 부팅 갑자기 인상 쓰다 화장실 가다 참다 보다 지리다 재밌다 계속 관계 유지 공감 상호 지지 겠다 수많다 노력 성과 자다 보다 오다 미쳣다 리뷰 대단하다,50
https://www.youtube.com/watch?v=ArmDp-zijuc&list=RDArmDp-zijuc&start_radio=1&pp=ygUJ64m07KeE7IqkoAcB,NewJeans (뉴진스) 'Super Shy' Official MV,뉴진스,3085098,fact first mv kpop recorded portugal insane love thank coming please waste time mean comment bc care may 2026 new jean ot5 forever remembered staying night waiting mv come say year ago newjeans without danielle 광고 없이 뮤비 하나로 1억 넘다 찍다 미치다 rainbow rainbow without yellow still listening 2026 그니까 프로모션 거의 없이 그냥 7억 회수 찍다 미치다 실력 무엇 하나 빠지다 bring danielle back wont listen kpop group brings back sad memory october imissnewjeans creative department behind newjeans need appreciation post esthetic vibe immaculate 기자회견 보고 신분 dont even know name yaaa addicting miss girl 한국인 서사 좋아하다 뉴진스 크다 playlist boring without newjeans song wish comeback release music miss song much 기자회견 에는 그냥 뉴진스 노래 좋아하다 사람 이후 에는 그냥 뉴진 스랑 응원 팬심 탑재 anyone may 2026 민희진 보고 여기 까지 관심 사람 인데 노래 뉴진스 노래 지금 알다 노래 만들다 버들 예쁘다 hit different together anymore love miss newjeans newjeans never disappoints 2026년 에도 듣다 사람 colour grading pretty 촬영 사라마구 광장 작가 이름 따다 만들다 이라고 뭔가 지금 상황 소설 비슷하다 모든 사람 멀다 버리다 세상 유일하다 멀다 new jean ot5 forever idk miss era plsss actually insane yo actually super catchy fresh congrats girl vocal clarity phenomenal comeback definitely one first pop song really fw see internationally recognized newjeans seriously never miss think another group whose song consistently catchy pleasant listen refreshing saw behind scene clip came back heart hurting miss girl choreography mv wa incredibly made kpop fan since wa like year old 20 insane newjeans ha sound never heard kpop 뮤비 색감 이랑 목소리 이렇게 좋다 제보 뉴진스 찌다 모르다 노이즈 슬링 이어폰 세대 어울리다 세련되다 숏폼 컨텐츠 채다 린지 좋다 뉴진스 앨범 사다 잘했쥬 완전 치트키 listen song without cry newjeans never disappoints people realize huge part reason girl successful awesome voice quality feel like fever dream april miss newjeans bad long newjeans around life never boring really unique music video song really got giggling kicking foot big age way adorable miss new jean much love sound people like undermine downplay impact one like follow trend set ppl continue stay bitter newjeans continue eat faves mad impressed newjeans ador team keep coming something fresh different kpop song banger different look like cheerleader beyond cute great job lady,49
https://www.youtube.com/watch?v=B1Vv1zQyR04&list=RDB1Vv1zQyR04&start_radio=1&pp=ygUJ64m07KeE7IqkoAcB,Right Now,뉴진스,165624,live laugh love newjeans love blend japanese korean much idk ppl find great song actually make one cute listening watching lem tell great taste music mood find another fr want newjeans back another group bring family back right new jean never die im mood find another like newjeans want newjeans back 아무 끝나다 모두 기다리다 포기 귓속 요정 방방 뛰다 기분 이번 노래 중독 심하다 좋다 한국어 버전 얼른 가꼬 이미 음원 안다 miss newjeans made many banger literally got back kpop newjeans old ador music absolute art new jean never dy 잇다 뉴진스 특유 몽글몽글하다 느낌 제일 자다 묻다 일본 데뷔 이지만 한국어 들어가다 국내 인지도 까지 휩쓸다 돌아오다 뉴진스 danielleee come backkkk new jean never die real bunny like album new jean never die never never new jean never die never hybe 댓글 중년 10 대다 청소년 공존 재밌다 뉴진스 사랑 사랑 뉴진스 전설 맞다 사근사근하다 목소리 멜로디 그렇다 비트 으아 뉴진스 제발 돌아오다 이렇다 노래 뉴진스 아니다 듣다 느낌 다르다 두다 좋다 want newjeans comeback right 아니다 노래 왜케 좋다 newjeans never die back news danielle getting kick newjeans ot5 forever 뮤비 초반 멤버 웃음 소리 귀엽다 생각 음원 에도 귀엽다 행복하다 케이팝 전설 지금 까지 나오다 발자취 발전 보다 미치다 레전드 need newjeans back right 뉴진스 일본 데뷔 축하 하고 혜인 빨리 무대 보다 new jean 언니 보다 그냥 다시 돌아오다 안되겠니 new jean never dy newjeans arent blue ot5 forever newjeansss combackkkkk 잇다 슈퍼내추럴 두다 비트 미치다 ever comeback never cause depends right timing 노래 벌써 1년 넘다 변하다 없이 좋다 노래 어케 상큼 눈물나다 레몬 느낌 내다,45
https://www.youtube.com/watch?v=B8r4wH8f2Fo&pp=ygUM7J207Iqk65287JeY,방송엔 공개되지 않는 예루살렘의 진짜 모습,이스라엘,43696,다시 한번 성지순례 도움 주신 가이드 연락처 남기다 받다 아니다 알다 분도 아니다 그저 예루살렘 오랫동안 가이드 이시고 촬영 도움 주신 친절하다 한국 이십 성지순례 계획 많다 연락처 남기다 선생님 전화번호 972 505 780443 이고 이메일 isrealolle gmail com 이렇다 다큐멘터리 맨날 알려지다 모습 보여주다 로드 들다 정규 방송 보여주다 영상 여기 보다 좋다 영상 감사 드리다 걸다 계속 느낌 나다 완전 취향 저격 이네 지상파 방송국 다큐멘터리 수준 인데 지루하다 굿굿 처으 부터 까지 아끼다 보다 주위 알다 분들 에게 채널 시청 권유 너무도 영상 감사 드리다 가다 대신 가다 보여주다 최고 동영상 항상 감사하다 응원 tv 에선 절대로 방송 좋다 만나다 숙소 잡고 다행 이네 오다 이번 뭐라다 좋다 기획 좋다 무엇 보다 쉬다 갈다 지역 곱다 좁다 골목 스스로 안내 받다 다니다 느낌 끄다 감사하다 오늘 고맙다 언제나 감사하다 보다 감독 언제나 건강하다 좋다 영상 많이 보여주다 고맙다 어디 서도 영상 자다 보고 가다 다큐멘터리 이상 가치 가지다 영상 뜨내기 통곡 대충 보고 현지 음식 보다 영상 보여주다 다른 유튜버 와는 차원 다른 경험 이네 크다 극찬 드리다 싶다 감사하다 예루살렘 입체 차다 좋다 방송국 통제 제한 없어지다 찌다 탐험가 모습 이네 매번 영상 올라오다 마다 설레다 감사하다 골목 골목 찾아다니다 다큐 찍다 보다 가다 자다 여러분 시청 이프 먼저 누르다 센스 오만 역마살 로드 알림 반갑다 채널 100만 채널 유투브 공식 글로벌 다큐 채널 예루살렘 자다 보다 영상 기다리다 진심 감사 드리다 특별하다 보여주다 감사하다 모르다 부분 까지 찾다 보여주다 보다 가다 말다 기다리다 감사하다 메이저 방송사 또는 유명 유튜버 경험 예루살렘 면목 보이다 주다 감사하다 수고 정말로 웃기다 사실 우리 유일하다 70년 이상 휴전 국가 에도 불구 하고 총기 엄격하다 통제 규제 휴전 국가 아니다 이스라엘 에는 총기 허용 조선 뭐라다 뭐라다 해도 대한민국 세상 가장 평화롭다 이고 이렇게 평화 누리다 불철 고생 군인 경찰 bts rm 전역 우리 이렇게 활동 군인 나라 지키다 그렇다 알다 역마살 유튜브 여태 계속 시청 오다 대단하다 적극 응원 영상 선명하다 알려지다 예루살렘 여러 자세하다 설명 함께 알다 주다 시간 가다 모르다 재밌다 보다 좋다 먼저 감사하다 역대 영상 이렇다 먹방 모두 화질 좋다 콘텐츠 지상파 종편 보다 엄청 참신하다 흥미롭다 감사하다 하나님 울다 석회가루 소금 맛보다 빵터지다 이번 만찬 들다 보다 독자 로써 마음 좋다 여러 모로 흐뭇하다 영상 보다 건강 조심하다 귀하다 영상 감사히 보다 언제나 건강하다 마다 축복 함께 바라다 아름답다 공간 인데 이제 평화 만이 찾아오다 한편 명품 다큐 자다 보고 가다 항상 감사 드리다 이제야 이름 성현 힘들다 알다 역마살 참여 해주다 감사하다 상업 잭팟 터뜨리다 다시 돌아오다 멋지다 오늘 정성스럽다 영상 보다 가다 교회 성지순례 에서도 전쟁 가다 이스라엘 구석구석 발견 해주다 감동 저장 두다 여러 돌리다 보다 기회 알다 가이드 함께 갈다 기회 만들다 보다 샬롬 멋지다 예루살렘 감사하다 2001년 걸다 일인 토다 유일하다 배속 역마살 로드 살다 모든 영상 1초 놓치다 소중하다 영상 올려주다 깊이 감사 드리다 고맙다 오다 영상 차분하다 예루살렘 성지 맞다 자다 보여주다 구역 종교 특징 일반인 모습 까지 자다 보다 이제껏 지역 모습 이리 자세하다 설명 듣다 보다 처음 많다 이야기 궁금하다 예루살렘 가보다 싶다 이렇게 촬영 해주다 감사하다 좋다 영상 부탁드리다 오다 착실하다 기획 되어다 예루살렘 뒷골목 자다 보다 감동 오다 나레이션 세계 지금 이나 걸다 서다 계속 항상 응원 수고 감사하다 항상 자다 보고 건강 조심하다 다른 어느 행유 버들 보다 귀하다 상이 오랜 영상 감사 드리다 이렇게 예루살렘 실생활 자세하다 처음 멀다 나라 사람 들여다보다 호기심 생기 언젠가 가보다 싶다 버킷리스트 하나 생기다 귀중하다 영상 오늘 감사하다 오늘 자다 보고 가다 상보 소박하다 행복 느끼다 너무나도 소중하다 영상 감동 시간 감사하다 오늘 감사히 자다 보다 감사하다 진솔하다 리얼 성의 다해 찍다 영상 오랫 앉다 성지순례 즐겁다 마음 시청 읍니 힘들다 참으로 보람 영상 오예 업로드,50
https://www.youtube.com/watch?v=BU28_QKtzSs&pp=ygUM7J207Iqk65287JeY,"이란 이스라엘 전쟁, 이것 모르면 절대 이해 못 합니다 | 30년 우정이 원수가 된 진짜 역사",이스라엘,7008,영원하다 친구 영원하다 원수 재미있다 이해 쉬다 설명 해주다 구독 해보다 지도자 중요하다 가난하다 사다 이유 한나라 지도자 잘못 세우다 나라 망치다 순식간 구독 보다 가다 쏙쏙 친하다 원수 일도 이건 국가 에도 해당 궁굼 재미 자다 들다 읍니 종교인 정치 하니 선동 시키다 존나 쉬다 이미 가스 세뇌 시키다 만들다 보다 으로는 원수 로는 거래 국제 외교 기본 기본 이야 우리나라 사람 제일 이해 부분 이고 11분 30초 정리 해주다 감사하다 보다 중동 복잡 이스라엘 미국 과의 관계 궁금하다 영상 올리다 줄다 자다 정리 기사 이렇다 역사 헐다 누가 누구 필요 없넹 명괘 분석 음성 잘만 엇음 이란 이스라엘 관계 상세 알다 감사하다 보다 믿다 보다 이해 쏙쏙 좋다 구독 지역 틀리다 천년 싸우다 하물며 국가 에는 영원하다 친구 정정 혁명 일어나서 호메이니 지도자 이유 미국 싫다 어서 아니다 지도 부가 썩다 호화 스럽게 잔치 벌이 받다 터지다 미국 cia 보고서 정권 뒤지다 정도 아니다 정보 그냥 바로 전복 되어다 버리다 오랜 역사 가지다 페르시아 결국 이슬람 원리 주의 의하다 망가지다 서로 살리다 서로 죽이다 이란 이스라엘 싸우다 역사 이유 차다 아이러니 중동 매번 전쟁 일으키다 나라 얘기 자다 보고 듣다 가다 고맙다 영원하다 적도 영원하다 친구 진주만 습격 최초 원자폭탄 투하 미국 일본 동맹 더욱 급변 현재 국제 정세 각자 도생 자국 이익 국민 안전 절대 동맹 강하다 핵심 이유 일대일 분쇄 영상 보다 ai 만들다 영상 작다 음성 많이 거슬리다 설명 해주다 듣다 싶다 가끔 집중 안되다 국제사회 영원하다 적도 영원하다 친구 은혜 원수 갚다 서민 서민 생각 선동 당하다 말고 투표 자다 독재 국가 만들다 말고 차다 안타깝다 그러하다 역사 배경 새롭다 사실 되어다 감사하다 사람 잘못 통치 국민 힘들다 지다 ai 목소리 인가요 주머니 경제 목소리 똑같다 소리 가안 나오다 지도자 중요하다 우리 여기 판단 이란 미우다 아니다 이란 정권 미우다 누가 북한 나라 좋다 제발 전쟁 끝나다 중동전쟁 발발 옛날 페르시아 제국 현재 이란 모르다 평화 좋다 묻히다 다른 관점 이란 인종 종교 역사 다른 중동 국가 친해지다 힘들다 자유 민주주의 자본주의 도입 미국 기업 진출 번영 이루다 영상 시작 부가 여기 성장하다 규모 맞다 정치 발전 결국 빈부격차 이어지다 빈부격차 불만 가지다 국민 선동 반미 세력 등장 결국 정권 잡다 반미 정권 반미 자주 전통 강조 분리 주의 성향 강력하다 국민 결집 이상하다 논리 마구 꺼내다 시작 결국 이렇다 행동 중동 국가 반군 연결 되어다 무기 자금 지원 혼란 중동 열리다 문제 이란 국민 포심 지속 세뇌 인하다 이란 국민 전쟁 나다 다른 나라 치다 들어오다 왕따 자기 죄다 학살 믿음 그래서 이란 공격 받다 국민 결함 로는 계속 다른 중동 국가 괴롭히다 에서는 피해자 코스프레 이란 중동 왕따 문제 이란 이스라엘 전쟁 역사 30년 우정 원수 이유 현재 이란 이스라엘 국경 맞대다 직접 영토 분쟁 벌이다 적도 서로 미사일 날리다 적대 관계 놀라다 나라 오랫동안 긴밀하다 협력 관계 생존 잡다 1948년 1979년 이전 이스라엘 외곽 전략 1948년 이스라엘 건국 직후 주변 아랍 국가 모두 돌아서다 이스라엘 아랍 아니다 아랍 국가 뒤편 나라 친구 전략 세우다 핵심 파트너 바로 이란 페르시아인 비밀스럽다 우정 이란 아랍 국가 압박 에도 불구 하고 이스라엘 필요하다 석유 60 몰래 공급 이스라엘 모사드 이란 비밀경찰 바크 훈련 시키다 주다 수도 테헤란 에는 이스라엘인 수백 세대 거주 하고 직항 노선 다니다 정도 나라 경제 군사 정보 깊다 1979년 이슬람 혁명 우정 종말 호메이니 등장 친미 성향 팔라비 국왕 쫓겨나다 호메이니 권력 잡다 상황 급변 호메이니 미국 크다 악마 이스라엘 작다 악마 규정 명분 실리 혁명 정부 미국 결탁 구체제 부정 이스라엘 노선 강화하다 중동 무슬림 에게 영향력 행사 팔레스타인 지지 이스라엘 과의 관계 일주일 만에 완전하다 끊다 버리다 전쟁 기묘하다 거래 1980년 이라크 와의 전쟁 1980년 이라크 이란 침공 미국 무기 쓰다 이란 부품 부족 시달리다 이란 으로는 죽이다 외치다 이스라엘 로부터 몰래 무기 부품 사들이다 이스라엘 역시 이라크 이란 서로 싸우다 빼다 유리하다 판단 비밀리 거래 원수 결정 계기 대리전 시작 1989년 호메이니 사후 하메네이 집권 이스라엘 정책 더욱 공고 이란 레바논 헤즈볼라 오다 가다 지구 하마스 무장 단체 후원 이스라엘 바로 자기 대리인 심다 위협 구도 변화 이란 개발 영토 좁다 이스라엘 실존 공포 되어다 이스라엘 과거 적다 사우디아라비아 수니파 아랍 국가 적의 적다 친구 라는 논리 잡다 이란 압박 시작 현재 정면 충돌 2023년 현재 대리전 직접 타격 2023년 하마스 기습 공격 이후 갈등 걷다 없이 커지다 헤즈볼라 하마스 이란 판단 이스라엘 본토 직접 타격 시작 이란 사이 수십 이어지다 대리전 이제 직접 군사 충돌 변하다 결론 영원하다 적도 친구 중동 이란 이스라엘 역사 종교 민족 문제 아니다 철저하다 이해관계 따르다 우정 원수 관계 바뀌다 보여주다 과거 이란 이스라엘 친구 지금 사우디 자리 대신 하고 중동 정세 복잡하다 타래 누가 잡다 보다 지금 잡다 이해 비로소 풀리다 적도 동지 따르다 오가다 국제 정세 유익하다 영상 감사하다 이스라엘 위선 이란 독기 콜라보레이션,45
https://www.youtube.com/watch?v=C-2r-n5rAPw&pp=ygUM7J207Iqk65287JeY0gcJCQQLAYcqIYzv,[자막뉴스] 빗줄기처럼 쏟아져 내린 '악마의 무기'...비명 난무한 이스라엘 / YTN,이스라엘,4287,자신 목숨 걸다 세상 이치 누가 그렇다 이스라엘 쏠땐 천사 무기 가자지구 시리아 백린탄 쏟다 붓다 언덕 오르다 말다 전쟁 구경 집속탄 악마 무기 라면 악마 에게 떨어지다 이란 반격 이라도 팔레스타인 가두다 두다 그냥 공격 민간인 대피 장소 알다 대피 장소 공격 믿다 절대 저런 자업자득 벌좀 받다 팔레스타인 백린탄 공습 관광 마냥 웃다 구경 시민 직접 공습 당하 니까 기분 어떠하다 악마 무기 악마 상대로 쓰다 무기 인가 보다 전쟁 일으키다 공격 수많다 인명 피해 입다 보복 응징 공격 이렇게 상세 보도 대체 누굴위 전쟁 이냐 네타냐후 분명하다 이란 건드리다 해결 국내 정치 무마 라이 미치다 억울하다 사람 가자지구 백린탄 떨어지다 옥상 의자 펴다 웃다 떠들다 구경 이스라엘 사람 생각나다 조약 협약 전쟁 무력하다 알다 평화 압도 무력 에서나 가능하다 악마 디테일 아니다 나후 그냥 악마 아니다 전쟁 일으키다 무고 시민 죽다 만들다 방법 아니다 이건 그냥 죽다 건데 이성 잃다 싸움 진흙탕 일수 밖에 어제 부터 방송 뉴스 제발 뉴스 날짜 표시 해주다 좋다 잠깐 보다 사람 매일 새롭다 사건 발생 알다 언론 전쟁 공포 확대 확산 시키다 우려 악마 에게는 악마 무기 민간인 학살 하고 초등학교 폭격 악마 악마 방공 덮다 차다 교육 무기 누군가 이렇다 써다 균형 맞다 이스라엘 비명 난무 이란 비명 소리 나오다 쑥대밭 돼다 국민 불쌍하다 매일 두렵다 불안하다 21 세기 안되다 이유 여기저기 전쟁 이라니 식량 이나 자원 자르다 이해 라도 이건 악마 무기 악마 에게 떨어지다 끔찍하다 에게 내리다 끔찍하다 무기 저렇게 무섭다 무기 밤하늘 에서는 예쁘다 보이다 네타냐후 지다 권력 유지 전쟁 계속 싶다 이렇게 죽다 나가다 국민 누가 해주다 끄다 쟁하 누가 피해 보다 병법 서다 이렇다 싸우다 이기다 최선 이란 말다 사탄 누구 인가 먼저 때리다 인가 맞다 반격 인가 악마 무기 아니다 보복 무기 죽다 아니다 악마 무기 전쟁 사망 사람 인데 내부 시위 진압 사망 사람 천명 라면 이란 누굴 나라 이스라엘 정권 자꾸 전쟁 협상 방해 모르다 이란 국민 100 죽이다 이스라엘 국민 안전하다 전쟁 멈추다 악마 네타 악마 상대로 악마 무기 피해 크다 마무리 기르다 진정하다 지구 악마 본진 어딘 증명 지구 최악 전범 지구인 대동단결 처벌 무능하다 지도자 군인 시민 죽다 천벌 받다 이스라엘 이야 어지간하다 네타냐후 이란 이여 그날 집속탄 무수 쏟아지다 그것 마치 풍경 처럼 그저 한없이 아름답다 광경 악마 에게는 악마 무기 정도 주변 국가 전쟁 범죄 일으키다 어느 정도 가가 당연하다 이스라엘 알다 다시다 전쟁 쉬다 생각 레인 뺏다 학살 하고 이번 이란 까지 악의축 이스라엘 세상 악마 누구 인가 정권 뺏다 감옥 갈다 전쟁 일으키다 넘다 들이다 악마 결국 피해 국민 이구나 명분 중요하다 평화롭다 살다 국민 한순간 절망 살다 지금 전쟁 가짜 전쟁 금지 무기 어딨다 개싸움 이지 쏘다 독가스 살포 인권 유린 그냥 같이 멸망하다 전쟁 이지 마음 시원하다 악마 에게 쓰다 무기 지금 까진 치다 맞다 보다 전쟁 무섭다 모르다 정치 지도자 라는 사람 국민 죽다 말다 복수 복수 결과 전쟁 선택 하고 국민 죽음 몰다 넣다 인간 지도자 불다 하나요 뭐라다 항상 세상 분위기 이런 식이 여서 싫다 가자지구 사람 죽이다 구경 사람 죽다 싸다 이런 돌변 많다 대부분 사람 정상 돌아오다 건너다 상태 저렇게 조금씩 금지 무기 쓰다 까지 쏘다 아니다 당장 전쟁 멈추다,50
https://www.youtube.com/watch?v=C1OpbIvNruw&pp=ygUM7J207Iqk65287JeY,"'이것들이 진짜' 경악한 유럽..""이스라엘 손절"" 폭발 [뉴스.zip/MBC뉴스]",이스라엘,9209,이렇다 자기 공격 당하다 테러 당하다 피해자 행세 유럽인 그렇게 들다 싫어하다 야금야금 이해 스페인 총리 멋지다 스페인 요즘 경제 자다 돌아가다 느껴지다 이런 지금 이스라엘 짓거리 나치 유대인 학살 짓거리 다른 대체 지다 들이다 언제 까지 영원하다 피해자 이제 유대인 홀로코스트 동정 거나 애도 이유 유대인 학살 행태 역겹다 이란 민주주의 바라다 사람 해방 시키다 주다 팔레스타인 난민 이나 돌보다 짓거리 던지다 나쁘다 중세 시대 유태인 박해 받다 이해 가다 자기 만의 선민의식 계속 살다 다른 민족 무시 떨어지다 나라 이상 홀로코스트 눈물 흘리다 되어다 자신 생기다 역사 일지 모르다 의심 까지 들다 트럼프 와중 주가 조작 수조 벌다 먹다 나중 밝혀지다 결국 그동안 크다 고초 겪다 지금 모습 보고 알다 되어다 네타냐후 트럼프 전쟁범죄 자임 히틀러 비교 전혀 손색 들이다 유대인 독일 부터 받다 보상금 돌려주다 가자지구 레바논 피해자 에게 보상 트럼프 교황 작살 내다 이스라엘 예수 작살 내다 조각상 복구 지원 마을 때리다 부수 마을 주민 학살 담담하다 조각상 화들짝 놀라다 한다는 소리 조각상 복구 지원 장난 하나 태극기 독부 뜬금없이 이스라엘 국기 흔들다 의문 끼리끼리 유유상종 성향 비슷하다 옛날 유럽인 유대인 싫어하다 이제 알다 주거 지역 폭격 민간인 학살 홀로 코스트 인종 학살 아니다 민간 인들 학살 군인 부순 예수 조각상 복구 인간성 사라지다 나라 사람 착각 하고 이스라엘 기독교 아니다 유대교 라고 기독교 이단 보다 이상 피해자 코스프레 마르다 세상 모든 악귀 정치 동네 스타인 유대인 인게 우연이 아니다 팔레스타인 살다 지역 지다 들다 처럼 들어오다 잘살다 팔레스타인 사람 레바논 밀다 버리다 레바논 헤즈볼라 들어가다 중동 완충 이스라엘 드럽다 아니다 판치다 가다 광기 증오 미치다 인간 군상 어제 피해자 오늘 살인 미치다 가해자 되어다 하느님 시키다 악마 구나 유럽 백년 유대인 멸시 면죄부 주네 유대교 이스라엘 저런 만행 저지르다 카톨릭 개신교 믿다 유럽 지원 하고 싶다 마음 자꾸 잊다 유대인 예수 죽이다 범자 모두 처벌 받다 저기 바로 자체 예전 전쟁 명분 요즘 전쟁 명분 따위 신경 쓰다 싶다 전쟁 인가 싶다 트럼프 지다 예수 이스라엘 트럼프 대가리 헤머 뿌시 들다 도대체 들이다 000년 지나다 변하다 네타냐후 만의 문제 안보 탄핵 이스라엘 국민 나쁘다 네타냐후 미치다 아니다 전쟁 지지 60 이상 이스라엘 국민 그냥 미치다 나라 차다 유럽 유럽 민간인 학살 악물다 모르다 생명 동상 머리 깨다 이제 서다 분노하다 스페인 유럽 침체 국가 이미지 리덕 폭등 이래서 국가 지도자 중요하다 윤석렬 어휴 끔찍하다 국민 근본 문제 저런 나라 와는 단절 밖엔 이상 무슨 필요하다 아파트 민간인 시설 아니다 민간인 시설 이지 나치 한참 광기 사로잡히다 모습 지금 이스라엘 모습 오히려 더하다 기독교 유대교인 미국 유대인 에의 좌지우지 사실 이니 신들 가다 예시 에서도 이스라엘 에게 휴전 이란 상대방 공격 멈추다 일방 공격 찬스 혹은 휴전 때리다 더욱 열심히 공격 의미 악마 따로 업다 누가 악의 축일 끄다 독일 이상 사과 악마 따로 악마 이스라엘 만행 이상 만고 대화 협상 과거 버리다 아름답다 평화 협정 트럽프 저런 이스라엘 들다 이스라엘 미치다 이스라엘 갈수록 히틀러 평가 만들다 꾸다 차다 민간인 때리다 응급 상황 만들다 계속 자리 공격 응급 의료 인프라 삭제 시키다 가다 지구 부터 교전 매뉴얼 수준 우연이 절대 아니다 동안 유대인 인간 저리 취급 점점 공감 넓어지다 아우슈비츠 수용 소가 필요하다 로서 알다 한마디 전세계 흔들다 멋지다 용다 갖다 대한민국 자랑스럽다,50
https://www.youtube.com/watch?v=C3GouGa0noM&list=RDC3GouGa0noM&start_radio=1&pp=ygUJ64m07KeE7IqkoAcB,GODS (ft. 뉴진스) (공식 뮤직 비디오) | 2023 월드 챔피언십 주제곡 - 리그 오브 레전드,뉴진스,1479496,love faker constantly portrayed final bos dude synonymous peak lol super shy 14 mvp deft 이즈리얼 2013 32 skt t1 faker 제드 2013 결승 52 ssb deft 루시안 2014 4강 59 ssw pawn 제이스 2014 4강 edg deft meiko 시비르 쓰레쉬 2015 8강 fnc rekkles 케넨 2015 8강 kt deft 2018 8강 drx deft 세나 2020 8강 drx doran 잭스 2020 8강 dwg canyon 그레이브즈 2020 8강 dwg showmaker 신드라 2020 8강 drx keria 브라움 2020 8강 2022 drx edg meiko 레나타 글라스크 2022 8강 drx deft 드레이븐 2022 8강 drx deft 바루스 2022 4강 gen doran 레넥톤 2022 4강 t1 keria 카르마 2022 결승 5세트 t1 faker 빅토르 2022 결승 5세트 drx beryl 바드 차원문 2022 결승 5세트 drx pyosik 헤카림 2022 결승 5세트 drx kingen 아트록스 2022 결승 5세트 drx zeka 아지르 2022 결승 5세트 drx deft 케이틀린 2022 결승 5세트 2022 world champion drx miss newjeans 07 faker 57 pawn 제이스 07 meiko 쓰레쉬 15 rekkles 케넨 doran 잭스 canyon 그레이브즈 showmaker 신드라 keria 브라움 2022 drx meiko enemy 레나타 doran enemy 레넥톤 keria enemy 카르마 faker enemy 빅토르 video honourary mention astonishing journey drx sniper deft go 09 deft faker went school friend know good deft rest know faker 42 scene depicts deft still deep trouble joined mvp blue team got around lower side league table faker achieved first glory ever seen deft used ezreal slain blue sentinel faker zed slained baron faker first world championship 2013 mvp blue white got bought samsung eventually became ssw ssb pawn shot deft jayce lucian respective world championship ssw pawn eventually became world champion year defeated ssb deft left team incident deft joined edg meiko quest world championship 2015 edg lost fnc rekkles quarterfinal rekkles picked kennen 1st game incredible edg tried reuse pick failed miserably joined kt november 2016 wa part super team time lck summer 2018 however world championship 2018 kt lost eventual champion invictus gaming ig actually close battle almost pulled comeback urgot game backfired kt came defeated deft joined drx scene year 2020 keria join academy pyosik mark grf duo doran chovy drx wa battered eventual world champion dwg dk score quarterfinal graf canyon slained doran jax keria wa seen using braum tried blocking showmaker syndra failed deft senna got hold syndra sad thing time deft lost three knockout encounter dk regional final 2019 lck summer grand final world 2020 quarterfinal joined hle lck spring run ended 3rd summer one ended 8th high coefficient still compete clinched second seed lost t1 regional final result world 2021 start play hle team got squashed t1 quarterfinal sweep left hle rejoined drx following season depicts vid fell deep pit got rescued drx teammate time world championship 2022 must prepare emerging elevator could depiction drx going play group stage winning tie breaker advance qf defeat meiko renata glasc old teammate indicating reverse sweep drx edg quarterfinal deft varus shot doran renekton another old teammate drx defeated gen semifinal face t1 deft caitlyn got face keria karma play t1 faker viktor came rescue almost killed deft keria bard time team came aid pyosik hecarim dive first kingen aatrox deft caitlyn fire finish finally world championship dream became true deft became oldest player ever world drx became first team ever win play round participant respective competition wise man said everything lol perfect except game back board t1 took 6th championship comeback 2024 듣다 gods 늘다 시발 이렇게 만들다 라는 생각 다시 사람 이면 개추 return mv 2024 지고 나서다 보다 알다 sometimes listen song preparing self college entrance exam even though end getting accepted top state university indonesia least play song remember moment nice see new jean show different side vocal ability come listening sacrifice ready escape bronze masterpiece 여기 나오다 선수 들다 도란 마지막 never thought live see day newjeans singing concept chill felt expected lol theme song 4분 안에 담다 gods 가다 레전드 하아 14 2013 skt t1 faker zed mvp blue deft ezreal 55 2014 samsung white pawn jayce samsung blue deft lucian 10 2015 fnatic rekkles kennen edward gaming deft sivir meiko thresh 28 2020 damwon showmaker syndra canyon graf dragonx deft senna doran jax keria braum 2022 edward gaming meiko renata glasc drx deft draven gen doran renekton drx deft varus t1 keria karma faker viktor drx deft caitlyn beryl bard pyosik hecarim kingen aatrox zeka azir 노래 완벽 서사 완벽 중꺽마 유행어 까지 시즌 만화 영화 에서나 볼법 스토리 였슴 bro new jean vocal sick voice fit kind genre 블루 부터 잡다 완전 더독 시작 거도 표현 해주다 데프트 여태껏 거치다 하나 보여주다 계속 실패하다 일어나다 완전 중꺽마 자체 중간 케리 아가 보호 해주다 다음 만나다 뭉클하다 장면 넣다 이렇다 완벽 서사 뮤비 어딨다 어떻다 뮤비 다르다 차다 그래그래 24 뮤비 보고 오다 baby becomes child child becomes teen teen becomes man man becomes warrior warrior becomes myth myth becomes god might literally cry tear joy newjeans ever doe dark concept like actual comeback epic track 올해 뮤비 보다 보다 만들다 생각 moment play lol song hit hard decided read story every player mv 뮤비 캐릭터 데프트 얽히다 서사 자다 구분 자연스럽다 좋다 아니다 페이커 서사 아쉽다 도란 중심 페이커 대문짝만하다 넣다 티원 흘러가다 만들다 안되다 페이커 빌런 최종 보스 말고 티원 이랑 페이커 뮤비 10 year past still final bos t1 victory seeing faker reclaim throne listening song hit differently love gods 뮤비 데프트 정곡 자다 만들다 이번 뮤비 기대 많이 무슨 작년 써머 부터 우승 까지 많다 재료 버리다 그지같다 만들다 23 love thumb keria carrying entire team able meet newjeans 03 faker deft classmate mapo high school 52 season 2014 samsung galaxy blue samsung galaxy white semifinal deft lucian pawn jayce 09 season 2015 edward gaming fnatic quarterfinal deft sivir meiko thresh rekkles kennen 25 season 2020 drx damwon gaming quarterfinal deft senna doran jax keria braum canyon graf showmaker syndra season 2022 drx top kingen jgl pyosik mid zeka bot deft spt beryl six man juhan season 2022 quarterfinal drx edward gaming deft draven meiko renata glasc season 2022 semifinal drx gen deft varus doran renekton season 2022 final drx t1 kingen aatrox pyosik hecarim zeka azir deft caitlyn beryl bard final 5th set pick keria karma faker viktor faker와 deft 마포고등학교 동기 롤드컵 2014 samsung galaxy blue samsung galaxy white 4강 종료 deft 루시안 상대는 pawn선수 제이스 롤드컵 2015 edward gaming fnatic 8강 종료 deft 시비르 meiko 쓰레쉬 상대는 rekkles 케넨 롤드컵 2020 drx시절 damwon gaming 8강 종료 deft 세나 doran 잭스 keria 브라움 상대는 canyon 그레이브즈 showmaker 신드라 롤드컵 2022 drx 재합류 top kingen jgl pyosik mid zeka bot deft spt beryl six man juhan 롤드컵 2022 8강 drx edward gaming deft 드레이븐 상대는 meiko 레나타 글라스크 롤드컵 2022 4강 drx gen deft 바루스 상대는 doran 레넥톤 롤드컵 2022 결승 drx t1 kingen 아트록스 pyosik 헤카림 zeka 아지르 deft 케이틀린 beryl 바드 결승전 5세트 상대는 keria 카르마 faker 빅토르 admire fact deft climbed way bottom since 2013 fight old teammate endured struggle throughout year ascending summit faced number one rival faker ha always top deft ha consistently fallen short since beginning never experienced pinnacle imagine frustration depression stress game bring try climb rank reach highest point competing pro one anime story right kudos newjeans riot creating banger song world 2023 going exciting newjeans killed vocal concept love smmm expect newjeans sound good kind genre love deft 김혁규 일대기 그린 뮤직비디오 gods 08 데프트 페이커 들다 알다 데프트 페이커 마포고 동창 교실 자세하다 보시 급훈 중요하다 꺾다 마음 액자 14 데프트 이즈리얼 데프트 mvp blue 소속 처음 데뷔 이즈리얼 임팩트 강하다 데뷔 데프트 그니 치다 이즈리얼 데프트 겨우 겨우 블루 먹다 페이커 바론 순삭 당시 위상 격차 만큼 표현 시즌 당시 mvp blue 늘다 롤드컵 진출 실패하다 고등학교 동창 페이커 시즌 롤드컵 당시 페이커 그니 치다 제드 바탕 우승하다 당시 페이커 우승 스킨 skt 제드 데프트 굉장하다 부럽다 듯이 쳐다보다 페이커 우승 자극받다 더욱 열심히 연습 몰두하다 데프 트이다 다음해 2014년 mvp 인수 삼성 갤럭시 blue white 가다 창단 되어다 당시 데프트 소속 삼성 갤럭시 블루 롤드컵 우승 후보 순위 2014년 페이커 skt 롤드컵 진출 실패하다 롤드컵 진출 deft 데프트 루시안 플레이 하고 당시 루시안 처음 출시 되어다 프레이 비롯 모든 딜러 캐릭 쓰레기 쓸다 평가 유일하다 루시안 잠재력 높다 캐릭 이라고 평가 하고 연습 하고 가장 자다 써다 플레이어 데프 트이다 롤드컵 에서도 적극 활용 2014년 롤드컵 형제 삼성 화이트 만나다 제이스 앞세우다 상대편 에게 무기 패배하다 맙니 2015년 데프트 함께 중국 edg 이적 당시 서포터 메이코 2015년 롤드컵 데프트 edg 늘다 레클리스 프나틱 만나다 패배하다 레클리스 케넨 이유 당시 케넨 원딜 가장 적극 플레이 사람 크다 리스 이후 2016년 월드컵 edg 늘다 rox 에게 강전 패배하다 2017년 kt 롤스터 에서는 롤드컵 발전 탈락 2018년 에서는 ig 에게 탈락 2019년 에는 drx 전신 킹존 드래곤 이적 롤드컵 발전 에게 패배 롤드컵 진출 실패하다 드디어 2020 시즌 전설 20년 drx 도란 비다 데프트 케리 멤버 차다 대단하다 만나다 데프트 나로 분전 도란 잭스 많이 노력 케리 아가 브라움 처절하다 막다 보지 당시 세체 캐다 그레이브즈 세체 밉다 메이커 신드라 강전 패배하다 다음 2021시 즌은 화생 진출 강전 상대로 패배하다 계속 패배 좌절 가라앉다 데프트 실제 데프트 이제 나이 들다 군대 문제 은퇴 진지하다 고민 하고 드디어 중요하다 꺾다 마음 주인공 2022 drx 킹겐 데프트 베릴 강전 예전 동료 메이코 edg 상대 캐릭터 드레이븐 이네 여기 패패 승승 스윕 진출 이후 샥즈 와의 인터뷰 2942일 만의 진출 인데 기분 어떻다 가요 라는 질문 눈물 흘리다 강전 2020 drx 동료 도란 레넥톤 데프트 캐릭터 바루스 당시 지르다 상대로 한번 이기 drx 늘다 처음 지르다 꺾다 결승 진출 드디어 결승 진출 데프트 마지막 상대 역시 2020 drx 멤버 케리 카르마 가다 최강 skt 데프트 결승전 마지막 세트 케이틀린 유리하다 당시 구마 유시 바루스 에게 바론 이나 뺏다 페이커 빅토르 에게 많이 고전 밀리다 세트 바드 차원 관문 날아오다 명의 drx 동료 함께 skt 싸우다 당시 베릴 세트 바드 엄청나다 화제 그걸 표현 차원 관문 2022 drx 각각 결승 세트 픽들 표현 무기 들다 킹겐 아트록스 헤카림 지르다 지팡이 데프트 케이틀린 베릴 바드 드디어 그리다 롤드컵 우승 성공하다 데프 트이다 지금 보다 눈물 찔끔 나다 4분 정도의 짧다 뮤직비디오 데프트 라는 게이머 10년 인생 자다 압축 표현 노래 좋다 역대 롤드컵 주제곡 감격 스럽다 week still believe people sung super shy dope looove collab world riot anyone listening december 2025 play song get hyped heavy crown 듣고 갓즈 들으러 사람이면 개추 play lol man singlehandedly dropped arguably hardest line esports history road lead fun fact every single one mv ha least one trophy including rekkles 데프트 선수 축하 드리다 재작년 에는 월즈 이번 에는 뮤비 퀄리티 압승 fact lot people play game seen series still come witness music video show iconic song really 24년 뮤비 회수 1억 넘다 설마 노리다 건가 크다 그림 오다 one rare song never get tired listening matter many time listen another epic song world 나오다 뉴진스 고르다 맞다 나오다 등등 그렇다 만들다,50
https://www.youtube.com/watch?v=CHp0Kaidr14&list=RDCHp0Kaidr14&start_radio=1&pp=ygUJ64m07KeE7IqkoAcB,[뮤뱅 원테이크 4K] 뉴진스(NewJeans) 'Attention' 4K Bonus Ver. @뮤직뱅크(Music Bank) 220805,뉴진스,439196,더워지다 에어컨 듯이 그냥 찾다 어케했냐 계속 나오다 지금 2026년 인데 보다 신선하다 나오다 마다 느끼다 거지 포카리 광고 만큼 청량감 느껴지다 대체 는커녕 빈자리 크다 보임 아직 여기 그냥 머리 아프다 치다 두다 순수하다 뉴진스 다시 보다 어떻다 다섯 다르다 이렇게 예쁘다 보다 뉴진스 끄다 케이팝 무대 음악 들다 이상 느끼다 본적 독보 이라는 밖에 잠시 끄다 뜨다 무조건 누르다 포카리 자체 방시혁 구속 하고 뉴진스 민희진 제작 활동재개 이건 국가 손실 이번 여름 뉴진스거였으 좋다 공장 아이돌 찍다 보다 그룹 절대 나오다 대체 불가 연예인 무관심 순간 인데 뉴진스 계속 언급 보다 센세이션 자체 제발 결과 좋다 오다 우리 케이팝 내주다 어쩔 여름 아직도 충격 잊다 막히다 돌판 뚫다 버리다 느낌 수영 나오다 들이키다 얼음 동동 뜨다 시원하다 레모네이드 느낌 계속 생각나다 영상 샴푸 다섯 완전체 기다리다 사람 트럭 아무리 생각 능가 아이돌 나오다 아직도 여기 살다 견제 홍보 청순 컨셉 비감 까지 버리다 어텐션 시작 하자 마자 기강 잡다 막내 킬포인듯 대체 대체 역대 지금 보다 상큼 하고 멋지다 신인 아이돌 나오다 마다 다시 돌아오다 끄다 뉴진스만 걸그룹 이상 정품 보다 오다 4년 영상 인데 아직 까지 댓글 달라 보다 영상 레전드 무대 부정 이건 예술 경지 피땀 눈물 정성진 심사 들어가다 자기 처럼 돈독 오르다 몰다 어이없다 햇빛 적당하다 그을리다 내츄럴 메이크업 신의 한수 요즘 유행 잡티 하나 없이 하얗다 보송보송하다 느낌 메이크업 절대 느낌 나다 메이크업 청순하다 염색 기다 생머리 홍보 하나 없이 하늘 떨어지다 신비 로움 대혁명 이거지 하루 3분 항상 여기 쓰이다 뉴진스 텐션 처음 보다 충격 다시 느끼다 보고 싶다 정도 충격 적임 최신 댓글 계속 달리다 보다 보다 아니다 2025 여름 뉴진스 무대 보다 문화 손실 아이돌 이렇게 좋아하다 보다 뉴진스 밖에 2026 4월 에도 보다 오는 사람 디스패치 올리다 영상 보고 오다 개추 취향 빼다 신의 수임 아무리 신인 우르르 와도 어텐션 만큼 충격 데뷔 보다 도입 부터 이거지 소리 절로 나오다 뉴진스 그립다 아니다 다시 나오다 앨범 잔뜩 사주다 비슷하다 컨셉 보다 다시 돌아오다 이래서 원조 찾다 다시 보다 케이팝 쓴다 동영상 무조건 채다 들어가다 더워지다 사람 보다 이렇게 공감 가다 웃기 생각 들다 비슷하다 최고 영상 지나다 아이돌 아무 모르다 보다 새롭다 데뷔 무대 보다 가다 그냥 뉴진스 레전드 생각 나서다 돌아오다 홍보 활동 거의 없이 영상 하나 사실 핵폭탄 이었음 눈빛 보다 생생하다 살다 순간 기다리다 오다 진지하다 케이팝 전환 이자 값임 대견하다 데뷔 부터 의장 견제 걸그룹 어딨다 대체 데뷔 무산 당하다 뻔하다 홍보 해주다 막막하다 상황 이렇게 자다 크다 대견하다 이건 데뷔 무대 1등 신선하다 완성 모든,50
https://www.youtube.com/watch?v=CLCJ6IqbHiU&pp=ygUM7J246rO17KeA64ql,"[이런뉴스] “AI 멈춰야 한다, 그들 목적은 하나”…샌더스 CNN 인터뷰 화제 / KBS 2025.12.29.",인공지능,16678,듣다 보다 인류 기술 라면 근로자 노동시간 이고 임금 그대로 여야 한다는 맞다 나머지 사람 동의 소수 부자 마음대로 우리 되어다 버리다 맞다 노동 아끼다 노동자 어떻다 지는 낭만 사라지다 시대 인간 머물다 공간 무섭다 ai 가다 엘리트 중산층 화이트 칼라 직업 부터 공격 한다는 거임 부의 사다리 끊기다 마지막 앗줄 마저 끊다 버리다 느낌 중간 노동자 부분 소름 그렇다 일이 편하다 쉽다 사람 에게 혜택 돌아가다 이대 로는 사람 백수 너희 부자 뿐이다 오다 닿다 말다 누구 ai 인가 ai 주도하다 사람과 이익 보다 사람 누구 인가 기술 인간 거여 소수 어마어마하다 부르다 가지다 사람 생각 선의 그냥 기대하다 그냥 흘러가다 위험하다 시대 본질 보다 이렇다 정치인 이구나 이제 멈추다 판도라 상자 열리다 버리다 현세 과분 정치가 대학시절 부터 십년 동안 한결같이 이상주의 옹호 하고 포기 드물다 귀하다 인물 솔직하다 연세 까지 지속 퓨어 열정 어메이징 보통 정치 드글거리 욕망 타협 지속 솔직하다 힐러리 카멀 대신 나오다 어떻다 제발 장수 해주다 이라도 계속 꾸다 보다 어쩌면 자연 인구 감소 이어지다 예상 운명 일지 모르다 생각 섬뜩하다 샌더스 나이 까지도 항상 정정 하고 똑똑하다 언제나 한결같다 인간 소비 대체 생산 무슨 의미 여기 ai 개발 멈추다 혹은 천천히 가지 이야기 사람 많다 핵심 그게 아니다 샌더스 핵심 ai 가다 사람 에게 가다 주다 기술 이냐 이거지 저런 몇몇 부자 말고 우리 일반 사람 이야 이미 ai 인하다 회사 짤린 사람 나오다 상황 일반 인간 에게 도대체 무슨 의미 아무리 좋다 기술 기술 떠들다 대도 수입 일자리 길거리 앉다 그게 무슨 소용 이냐 샌더스 그걸 제대로 논의 시간 필요하다 이고 개인 생각 ai 늘다 일반 기술 아니다 사회 완전하다 변화 시키다 가능성 장사치 에게만 맡기다 안되다 인공 지능 등장 인간 노동 해방 인간 오다 향유 하고 누리다 생물 반대 시점 굳이 인간 재생산 하고 최소한 권리 보장 해주다 이유 뭔가 그렇다 부조리 맞이 인간 저항 방법 남다 노동 해방 역설 쓸모 부재 인간 사회 라는 결국 서로 서로 에게 강제 의존 밖에 명목 으로라도 타협 하고 공존 인데 강제 사라지다 사회 두렵다 샌더스 맞다 지다 들다 부와 권력 공고 ai 시대 가속 시키다 이상 인류 안해 부자 인류 원래 태어나다 아니다 저축 필요없다 요런 소리 지껄이다 우리나라 물론 이고 세계 정치가 잡아먹히다 이상 일반 국민 에겐 미래 사람 선하다 절대 ai 이루다 권력 사회 바르게 환원 천진난만하다 편하다 사회 오다 당장 일자리 사라지다 사람 생계 책임지다 생각 처럼 미국 5년 4500만 명이 백수 이미 95만 일자리 ai 사라지다 그런데 기본 소득 줍다 미국 기본 소득 논의 조차 기본 소득 주다 기업 정부 만약 주다 언제 기본 소득 주다 실업자 굶다 죽다 나서다 지금 상황 뭔가 희귀 대책 없이 대량 뿌리 경험치 1000 이벤트 망하다 게임 보다 느낌 지피다 한때 유행 시키다 지브리 애니 심지어 원작 에게 허락 받다 그런 무차별 저작권 없이 허가 없이 자기 이익화 지금 상보 우리 90년 대에 보다 sf 영화 나오다 그렇다 모습 가다 맞다 하늘 태양 맑은 공기 차지 하고 살다 극소 수의 프로 부자 권력자 아래 집도 고장 로봇 기계 매연 모든 부족하다 힘들다 싸우다 살아가다 어두컴컴하다 세상 우리 살다 세상 이대로 ai 발전 미래 사이버펑크 사회 변혁 없이 기술 발전 시키다 결과 이미 창작물 예언 되어다 그냥 라인 따르다 가다 차다 부일외고 누리 나오다 이렇게 진지하다 진정 영상 사회 살펴보다 현재 상황 심각해지다 자다 좋다 영상 감사 드리다 바닥 나앉다 비로소 깨닫다 인간 십년 십년 에는 사람 말씀 의견 떠올리다 가슴 후회 오다 지도 모르다 생각 드네 본질 자다 아시 이네 ai 처음 만들다 사람 다이너마이트 만들다 사람 처럼 만들다 지금 당장 공공기관 보다 끝나다 보도자료 쓰다 보고서 잘쓰다 할하 행정 필요 없어지다 시설 도움 받다 보고서 보도자료 쓰다 홍보팀 검토 해주다 기관 축사 홍보 자료 등등 잘쓰다 능력 부터 희소성 잃다 똑똑하다 사람 똑똑하다 생각 모으다 멍청하다 사람 멍청하다 생각 모으다 주다 살다 무섭다 ai 문제점 정확하다 짚다 그냥 무시 일이 아니다 ai 굳이 괜히 만들다 나오다 자녀 가족 미래 엄청나다 스트레스 주다 원하다 봉건 제국주의 기본소득 분배 세계 지배 이라고 카이스트 교수 결국 문제 해결 정치권 나서다 정치권 움직이다 국민 모두 깨다 정치 관심 가다 야하다 의문 ai 가다 인간 라면 ai 대체 일자리 사람 뭐라다 말임 기업가 책임 지다 어려움 생각 말고 그냥 책임지다 머스큰느 인터뷰 인간 최후 진화 과정 디지털 지능 가기 부트로더 라고 결국 머스크 인류 ai 탄생 시키다 중간 과정 이고 결국 디지털 생명 인류 다음 진화 단계 이며 인류 목적 달성 소멸하다 이라고 믿다 그니까 남다 사람 의료 어쩌구 월급 어쩌구 아예 관심 사항 이라는 ai 가다 만들다 어마어마하다 이익 그게 누구 이익 지는 말다 훌륭하다 발언 한국 정도 대화 수준 사고 수준 가지다 정치인 ai 늘다 브레이크 아니다 핸들 필요하다 문제 멈추다 사고 나다 방치 사고 맞다 말씀 사람 인간 각성 후의 시대 어떻다 진지하다 고민 약간 공감 산업혁명 이후 인류 혁명 일자리 감소 혁명 처음 아니다 그동안 기술 발전 죽다 버리다 산업 많다 새롭다 일자리 추다 ai 늘다 반대 기술 발전 일자리 없어지다 세상 바뀌다 인간 많이 필요없다 세상 정신 차리다 우리 자녀 에게 재앙 물리다 섬뜩하다 러다이트 운동 생각나다 그땐 기계 부쉈던 사람 멍청하다 보이다 환기 고통 그렇다 밖에 몰다 버리다 맞다 소리 기다 중국 달리다 멈추다 기차 인게 문제 상위 10 프로 90 가지다 세상 넘어서다 이제 프로 99 소유 그게 ai 시대 본질 생각 정확하다 일치 인류 기술 라면 이렇게 까지 인류 위협 무조건 발전 맞다 이미 멈추다 일반인 도대체 거지,50
https://www.youtube.com/watch?v=Ck5nNMjigJE&pp=ygUM7J246rO17KeA64ql,"2026년 AGI 시대, 일론 머스크가 경고한 미래 예측 30가지",인공지능,11296,분명하다 잉여 소득 항상 오다 문제 누군가 독점 머스크 예언 아니다 계획 지도 모르다 본인 의지 대로 원하다 세상 바꾸다 사람 이니까 결국 디지털 전체주의 간다 이야기 그냥 나누다 줄리 계층 나누다 지배 굶다 사람 병원 걱정 아프다 신분 모두 자기 살수 사람 살수 날다 바라다 사람 이상 노동 자기 내면 탐구 하고 발전 시키다 시간 얻다 들이다 영생 누리다 짓거리 아무 예측 불가능하다 인데 미래 저축 라고 불성 하층 들다 평생 가상현실 세계 상류층 실세 싶다 살다 반대 머스크 기술 개발 로드맵 보다 인간 존엄성 파괴 시키다 창조 사고 창조 고통 인간 아니다 ai 에게 뜨다 넘기다 인간 사육 바라다 아니다 싶다 정도 유토피아 미래 오다 디스토피아 파멸 오다 모르다 미래 정말로 열심히 살다 겠다 불행 상대 옛날 기준 으로는 굶다 죽지 지금 보편 소득 이라고 아무 행복하다 인류 사색 하고 철학 자기 파멸 피해 가다 일지 모두 우리 포함 소리 아니다 인간 강하다 지배 욕구 하나 계층 인데 본능 역행 다라 그래도 사과나무 심다 사람 일이 얘기 가장 무섭다 파트 ai 좋다 잔뜩 무섭다 세상 우리나라 특이점 감안 여지 틀리다 한적 결국 실행 다만 시점 정확하다 뿐이다 결국 agi 넘다 asi 시대 오다 인류 패러다임 바뀌다 그때 까지 혼돈 과도기 맞다 어렵다 미래학 그림 쉬다 설명 주다 훌륭하다 동영상 깊다 감명 받다 감사하다 왠지 저축 필요 없어지다 까짓 일개 개인 모으다 보다 똥값 이라 아무 소용 들리다 특히 우리나라 대부분 자산 이라고 해보다 겨우 인데 그것 배급 해주다 들다 알거지 거고 모으다 저축 똥값 이지 기초 연금 이나 받다 끼니 때우다 국민 임대 살다 유튜브 넷플릭스 나은 플랫폼 이용 내면 가상 세계 접속 늙다 가다 선악 주입 지옥 오다 결국 인간 문제 그때 지금 이나 빈부 차이다 변하다 살다 방법 차이 ai 에게 난하다 난이 소리 지르다 농담 하고 아이 문제 라고 생각 사람 어떻다 기계 길들이다 심각하다 생각 하고 신중하다 생각 은퇴 저축 말다 보다는 인간 욕심 없애다 그러면 가능 치매 얼른 고치다 개발 세상 통제 크게 들다 의문 가격 싸다 어느 기업 벌리다 나서다 서비스 한다는 인지 상대 빈곤 문명 발달 모든 풍요 오다 사실 긍정 미래 그리다 보다 통제 사회 구현 cbdc 오다 ai 사용 그렇게 따다 조선시대 왕보 지금 우리 부자 마음껏 쓰다 먹다 걱정 보다 훨씬 빠르다 차도 이용 가능 일일 배달 우편 지금 휴대폰 딸깍 무제한 모든 누리다 대부분 가능하다 불멸 인간 가상현실 탄생 죽음 경험 하고 그렇게 혹시 우리 세상 가상현실 아니다 상당하다 진취 결론 이네 그러면 사람 살다 방향 이나 이유 재정 겠다 원시인 처럼 먹다 자고 춤추다 그림 낚시 하고 물놀이 보고 강아지 이쁘다 이렇다 노동 무위 인간 절대 평등 추구 아무리 보편 가치 이루다 들다 계급 사회 모습 변하다 그렇다 과연 누가 무엇 우위 인가가 남다 그렇다 모든 예측 순간 모든 빗나가다 라는 고도 발전 하고 풍요 훨씬 즐겁다 행복하다 90년 대에 비다 지금 풍요 롭고 발전 사람 점점 불행하다 느끼다 시절 좋다 갈수록 부자 많아지다 가난하다 사람 많아지다 격차 너무나 벌어지다 가장 풍요 로운 시대 가장 가난하다 사람 엄청 많아지다 아무 모르다 금방 이라는 그렇게 지금 인간 80 가다 줄어들다 당장 가능하다 감사하다 난해하다 부분 삽화 함께 이해 쉬다 설명 주다 크다 도움 되어다 으로도 머스크 행보 정보 설명 부탁드리다 변화 라서 아무 예측 그리다 단언 설마 머스크 천재 우리 가하다 그렇다 단순하다 고민 덜하다 그냥 가능성 으로만 보다 도지 사기꾼 곧이곧대로 믿다 돼다 저축 필요 없어지다 기다리다 좋다 정리 10년 전에도 로봇 인간 대체 들다 영화 소리 동안 그런 들다 30년 전엔 핸드폰 서로 영상 보다 통화 안되다 지금 고정관념 깨다 기술 나날이 발전 하고 무섭다 정도 ai 발전 각광 받다 직업 순위 섹스 산업 순위 엔터테인먼트 게임 포함 순위 스포츠 산업 놀다 먹다 즐기다 산업 근데 얼마간 보다 지루하다 그때 서다 드디어 탐험 시대 오다 인생 좌우 의대 법대 보내다 말르다 ai 가다 대체 직업 머스크 미래 보다 가다 좋다 상이,49
https://www.youtube.com/watch?v=E1VA-SPZU7k&pp=ygUM7J246rO17KeA64ql,일론 머스크가 직접 말한 32가지 예측 중 진짜 TOP 7 카운트다운,인공지능,14968,머스크 5년 동안 던지다 agi 예측 32 그중 19 이미 현실 돼다 오늘 추린 top 에서도 가장 오래 마음 남다 개다 옵티머스 2030년 외과의 60만 넘어서다 머스크 32 적다 끝내 리스트 적다 ai 가다 직업 판단 그림 가져가다 시대 그래도 끝내 가져가다 가지 여러분 무엇 이라고 느끼다 댓글 들려주다 이렇다 정리 도움 구독 좋다 부탁드리다 다음 영상 만나다 ai 가다 가져오다 미래 유튜브 영상 ai 가다 들어주다 젠장 판사 ai 바꾸다 한국 사법부 모조리 ai 바꾸다 인공 지능 윤리 의식 표준화 인류 멸망 오다 다른 필요없다 단지 나이 들다 힘들다 빨래 청소 해주다 보다 음식 만들다 부축 해주다 조용하다 단편소설 이나 추리소설 읽다 도우미 로봇 하나 좋다 간병 로봇 좋다 사랑 자식 가족 에게 간병 남겨지다 가다 젠장 터미네이터 사실 다루다 영화 인간 편하다 기술 발전 이상하다 기술 발전 살다 힘들다 지다 아마 인간 희로애락 감정 배려 정서 조차도 학습 느끼다 표현 하고 행동 나타내다 agi 가다 나오다 설마 현실 거지 머스크 인터뷰 지금 아이 에게 해주다 싶다 한마디 해달라다 질문 굉장하다 오래 동안 고민 생명윤리 얘기 로봇 느끼다 인간 인간 잊다 측은 지심 갖다 생명 귀하다 항상 잊다 일맥상통 초등 아이 키우다 많다 생각 갖다 영상 자다 보다 금속노조 로봇 노조 바뀌다 예언자 아니다 그냥 시대 통찰 비즈니스 이여 영상 ai 가다 만들다 메트릭스 근데 과연 철학 윤리 통제 ai 가다 무슨 의미 ai 인간 보호 한다는 명분 통제 하고 지배 허풍 떤다 그래서 무섭다 정치인 바꾸다 로봇 지긋지긋하다 임마 머스크 예측 이르다 관계 사람 예측 가져오다 마음 다스리다 숨기 싶다 자유 달라 존경 힘내다 홧팅 인간 사라지다 시간 지나다 기계 남다 판도라 상자 열다 삼성 이나 sk 국내 기업 미래 투자 인구 줄어들다 인간 일자리 줄어들다 당연하다 인구 감소 이어지다 자유롭다 살아가다 누리 싶다 행복하다 자유 좋다 오다 전개도 깔끔하다 내용 탄탄하다 구독 하고 가다 어쩌면 다른 사람 화성 이나 다른 이주 늘다 우리 자신 아니다 디지털 인류 헝태 인간 이주 상정 하고 수도 생각 듭니 지금 인류 육체 로는 이동 걸리다 시간 이나 중력 차이 우주 방사선 장기 노출 돌이키다 변화 일어나다 엄청나다 난제 인데 미래학자 미래엔 우리 의식 기억 조차 데이터 인공 두뇌 메모리 다운로드 육체 나르다 대신 라고 들다 결국 그것 나오다 똑같이 행동 인조인간 아니다 원래 죽다 아니다 입장 에선 빼다 그냥 똑같다 빨다 원래 사람 옮기다 치고 구성원 받아들이다 버리다 점점 그렇다 영구 기계 육체 가지다 카피 보다 인간 가득하다 미래 상중 새롭다 인류 명명하다 기계 인류 중력 차이 대기 성분 차이 심지어 멀다 항성 여행 시간 굳이 냉동 수면 이니 필요없다 기계 끄다 다시 켜다 극복 가능하다 겁니다 화성 으로의 이주 여행 기존 인간 육체 인류 로는 불가능하다 수많다 문제 미래 디지털 인류 로는 해결 아마 여행 성공하다 그것 우리 아니다 우리 그대로 카피 하고 우리 자리 대신 차지 디지털 인간 들이다 어쩌면 시점 에선 사실 인류 멸망하다 로봇 만이 남다 인가 아니다 로봇 형태 인류 살아나다 인가 철학 의문 들다 인간 ai 한테 반려 인간 강아지 반려견 키우다 자유 보장 먹이 바꾸다 에너지 간다 올해 화성 가다 로켓 쏘다 계획 아직 유효하다 올해 옵티머스 보내다 로켓 쏘다 계획 바꾸다 텐데요 화성 보내다 아직 무리 에요 인간 태어나다 화목 하고 평화롭다 계속 살다 행복 ai 비염 완치 시키다 기술 개발 해주다 제발 agi 가다 해안 나오다 홍보 사기 아직 말귀 제대로 알다 먹다 무슨 agi 믿다 판단 맡기다 판단 그냥 ai 자다 사용 인간 게속 분석 린다 영화 세계관 처럼 언젠가 컴퓨터 기계 발전 극도 꺼리다 다시 과거 기술 기하 사회 오지 도전 우상 준비 되어다 가다 앰뱅 도지 코인 투자햇드 그렇게 오래오래 행복하다 혼자 늙다 죽지 로봇 생기 대박 지금 엄마 등쌀 떠밀다 의대 갈리다 대치동 학원 뺑뺑 돌리다 10 대들다 10년 후면 그냥 백수 마찬가지 전문직 전부 수행 근데 ai 가다 거짓말 많이 믿다 수명 늘어나다 늘어나다 어떻 하고 먹다 먹고살다 기계 일자리 밀다 공장 기계 만들다 대량생산 벌이 줄어들다 마당 소비 위축 뻔하다 물건 넘다 나다 어디서 나서다 그걸 사나 인간 편하다 ai 만들다 의미 아무 만들다 편하다 만들다 건가 미래 그렇다 화성 안드로이드 보내다 격조 금방 이주 가능하다 예언 아니다 가능성 아이디어 제시 사업가 타당성 검토 수익 추다 거나 사회 국가 도움 아이디어 따라가다 구조 라고 개인 생각 예언 아니다 오래 과연 좋다 많다 좋다,47
https://www.youtube.com/watch?v=Ec0Z1v7jKDQ&list=RDEc0Z1v7jKDQ&start_radio=1&pp=ygUJ64m07KeE7IqkoAcB,NewJeans (뉴진스) ‘How Sweet’ Performance Video | Coke Studio,뉴진스,388336,newjeans five 한국 이렇다 아이돌 어딨다 쇼츠각 잡다 빡세 안무가 좋다 miss yall sm 너희 사랑 사람 이렇게 많다 알아주다 으면 좋다 cry desk miss kiddos 지나가다 아저씨 응원 이번 노래 좋다 민지 헤어 밴드 미치다 진심 하우스 안무 역대 너희 해주다 고맙다 멋지다 하우 스윗 컨셉 자다 잡다 미치다 확실하다 세대 아이돌 그룹 에서는 독보 적다 하우 스윗 컨셉 잡다 미치다 노래 그저 그렇다 라고 생각 안무 같이 니까 쾌감 느껴지다 뉴진스 대체 불가 원래 퍼포먼스 비디오 안보 인데 뉴진스 퍼포먼스 비디오 재밌다 왜케 자다 추다 오다 여름 뉴진스구 뉴진스 신기하다 일부러 어림 강조 컨셉 언제 어리다 순수하다 열정 함께 묻다 나오다 좋다 자연스럽다 자체 추다 아니다 즐기다 놓다 뉴진스 유일 그룹 영원하다 뉴진스 맛깔나다 추다 보이 뉴진스 처음 해린 시작 요즘 파다 매력 보이 카메라 무빙 좋다 개인 안무가 주다 생각 준비 많이 뉴진스 기특하다 혜인 빨리 나다 무대 보다 대학 축제 하루 에도 띄다 빌딩 가수 많다 우리 뉴진스 축제 수익금 전액 기부 대요 받다 다른 가수 한테 미안하다 그렇다 기부 사감 그렇다 그렇다 그렇다 학교 한두 군데 가다 근데 우리동네 부산 에도 오다 무기 좋다 많다 인력 이동 만해 경비 많이 들다 응원 많이 들다 해주다 이건 명작 이라 꾸준하다 보다 야하다 아이돌 한테 실력 솔직하다 하나 대안 하고 보다 뉴진스 힙합 특히 파다 잘추다 hanni dancing skill joke 10년 아이돌판 느끼다 신선하다 느끼다 글로벌 기업 서서 광고 주다 글로벌 걸그룹 뉴진스 뉴진스 기도 특정 맴버 에게 몰리다 맴버 개개인 전부 유니크 하고 맴버간 인기 차이 안나 매력 다다르다 천년 돌이 맞다 노래 사랑스럽다 가사 넘다 기존 쎄다 국힙 열정 낳다 힙합 전사 뉴진스 왜케왜케 고급 비주 얼부타 코디 노래 헤어 사진 영상 26년 도에 들다 오다 뉴진스 활동 모습 보고 싶다 받다 유니크 이런 그룹 역사상 하디 흔하다 걸그룹 애교 컨셉 이나 섹시 컨셉 아니다 좋다 건강하다 소녀 뉴진스 사랑 love fact actual technical choreography tiktok dance popping footwork using full body hope hyein recovers fast perform amazing song still searching newjeans 여자 아이돌 노출 없이 편하다 춤추다 힙합 멋지다 소화 해내다 의미 좋다 뉴진스 코디 항상 특색 보다 재미 그나저나 해린 선글라스 어쩜 저렇게 얌전하다 재밌다 one think notice newjeans choreo always include smol little interation member dancing stage reason dancing pleasing eye look extra happy enjoy every performance especially hanni 뉴진스 안녕 너희 보다 오다 신인 아무리 나오다 들다 뉴진스만 걸그룹 너희 독보 이라 빨리 컴백 비다 기다리다 이래저래 시끄럽다 시끄럽다 건데 밉다 뉴진스 만들다 인정 밖에 항상 예상 뒤엎는 색다르다 컨셉 발라 버리다 이건 확실하다 컨셉 잡다 누군가 아이디어 반짝거리다 만들다 수가 danielle newjeans man tell really enjoying dance move refreshing member ha flair hope hyein recovers soon 안무 힘들다 고생 하고 노력 보이다 보다 어렵다 보이다 이렇게 멋있다 쫀득하 소화 너희 최고 혜인 빨리 나다 완전체 무대 보여주다 뉴진스 화이팅,48
https://www.youtube.com/watch?v=EwjeYVfTOgg&pp=ygUM7J207Iqk65287JeY,[UFC] 알렉스 페레이라 vs 이스라엘 아데산야,이스라엘,36118,산야 멘탈 존경 스럽다 솔직하다 산야 레슬링 시늉 이라도 알다 타격 정면 돌파 지리다 보다 오다 도대체 괴물 어떻다 이기다 산야 컴투 대디 아데샨 대체 무슨 싸움 해오다 자다 vs 페레이라 보고 산야 케이 기다 확인 오다 개추 기후 인터뷰 멋있다 너희 인생 정도 행복감 한번 이라도 좋다 느끼다 보다 좋다 그렇다 도전 산야 정도 악마 한테 영혼 맞다 오늘 어김없이 평가 숭좌 페레이라 적립 마다 조회 수가 늘어나다 영상 자기 패배하다 만큼 화살 돌려주다 세레모니 개간 지네 산야 타격 타격 이지만 멘탈 엄청나다 선수 느끼다 인간 성과 부담 정신 쉬다 피니쉬 그것 ko 되돌리다 장면 경기 인터뷰 보다 으로서 동기부여 많이 돼다 서로 자다 아니다 미끼 겁나다 던지다 방심하다 타이밍 노리 카운터 끝내다 작전 대체 읽다 지면 멘탈 잡고 이기다 버리다 이지 경기 자신 모든 불꽃 태우다 버리다 계속 연패 비록 지금 연패 지만 마저도 멋있다 그만큼 경기 모든 태우다 버리다 58 산야 복수 미치다 마지막 로프 반동 필살기 까지 완벽 소름 감동 평체 105 kg 연패 안다 성상 천적 괴물 상대로 노빠꾸 맞다 놓다 레전드 씹다 소름 역대 ko 통틀어 앞뒤 스토리텔링 따지다 넘버원 페레이라 안칼 잡다 보고 산야 강의 챔프 페레이라 이렇게 완벽하다 ko 시키다 사람 산야 밖에 모두 조롱 와중 저번 ko 당한 포지션 의도 가다 카운터 치다 멘탈 대단하다 mma 가다 두다 체스 는걸 보여주다 페레이라 분명 페레이라 케이 지로 밀면 이기다 생각 하고 들어가다 그걸 오히려 이용 받다 치다 다운 시키다 쩔어요 15 06 story history 진짜 개멋있네 오다 산야 으로서 기분 좋다 쉬다 자기 이나 끝내 버리다 심지어 본인 기절 시키다 상대 최대 필살기 레프트 대고 아예 정면 카운터 노리다 ko 멋있다 이기다 전략 자체 낭만 자체 당연하다 똑똑하다 전략 이기도 화살 쏘다 세레머니 보고 미리 준비 나중 보다 그냥 쏘다 아니다 횟수 만큼 세번 쏘다 역시 낭만 자체 스펙 멋있다 자신 에게 세번 이나 패배 안기다 천적 인데 까지 자신 만의 스타일 결국 이기다 버리다 산야 실력 만이 아니다 정신 자체 세계 최고 사람 진정하다 챔피언 10 23 트럼프 산야 멘트 이렇게 눈물 이나 현실 부딪히다 잊다 살다 그렇게 차갑다 가슴 뜨겁다 차다 오다 닿다 몸소 보여주다 원동력 만들다 사람 이란 멋있다 존경 개멋 잇다 소름 돋다 상대 제일 좋아하다 상황 그대로 받다 실신 시키다 받다 세레머니 까지 무섭다 정도 침착 압박 긴장감 엄청나다 이번 지면 소생 불다 상황 이기다 도대체 아직도 이경기 처럼 놀라다 경기 12 11 쏘다 세레모니 이전 연패 부담 복잡하다 감정 느껴지다 스스로 한계 극복 산야 이제 진정하다 goat 안칼 재우다 보고 대체 어떻다 기절 시키다 건지다 모르다 다시 보다 다리 데미 지는 찌다 부터 가드 올리다 상대 끌다 드리다 시도 보다 계산 유도 하고 카운터 날리다 맞다 전과 다르다 레슬링 없이 킥복싱 으로만 풀다 나가다 보다 수기 노력 하고 준비 해오다 여서 멋있다 10 37 케이 에선 언제나 모아이 석상 무표정 이던 페레이라 처음 인간 표정 보이다 순간 산야 격투 인생 페레이라 패배 단정 짓다 보단 세번 지다 좌절 당당하다 다시 도전 통쾌하다 이기다 내다 드라마 챔프 스토리 만들어지다 값지다 아무튼 산야 멋있다 어캐했노 적절하다 이기다 페헤 이라 기절 어케 시키다 초월 멘탈 보여주다 산야 인간 승리 페레이라 아들 예전 킥복싱 대결 산야 기절 따르다 조롱 이번 경기 끝나다 페레이라 아들 앉다 가다 기절 흉내 내면 갚다 웃기다 페레이라 아들 그거 보고 펑펑 아니다 행동 교육 차다 교육자 산야 11 11 트럼프 타이 방긋 21 서로 라이트 빗나가다 개멋 지네 페레이라 저기 침착하다 싸우다 산야 위험하다 이미 이기다 상대 이기도 페레이라 타격 자신감 가지 산야 코너 몰다 신나다 크다 동작 많이 나오다 근데 산야 터틀 가드 계속 막다 크다 동작 나오다 바로 빠르다 카운터 갈다 개다 인생 걸다 산야 결과 보여주다 계속 도전 멘탈 극복 노력 느껴지다 크다 울림 주다 경기 산야 페레이라 라이트 헤비 가다 다잡다 전적 얼마 돼다 페레이라 ko 시키다 대단하다 존나 맞다 ko 당하다 알다 가드 풀리다 보고 바로 그냥 원투 꽂다 좋다 예술 벨트 산야 미치다 10 20 최고 장면 이라고 보다 야하다 타격 스페셜리스트 경기 자체 개꿀잼 미들급 시대 마지막 인터뷰 까지 산야 멘탈 까지 완벽하다 진정하다 챔피언 해내다 라고 믿다 기쁘다 어렵다 상황 에서도 스스로 가야 분명하다 이르다 묵묵하다 증명 내다 산야 에게 박수 산야 가장 카운터 인데 차다 처럼 몰리 도망가다 아니다 페레이라 가장 자시다 거리 본인 자시다 카운터 노리다 지리 마지막 바디 존나 쎄다 맞다 존나 밀리 데미지 그다음 에도 들어가다 거기 카운터 나오다 쩔다 이기다 이경기 등장 나오다 음악 선수 비장하다 표정 아나운서 선수 소개 분동 계속 서로 눈빛 교환 긴장감 전부 느끼다 보다 마지막 피니쉬 펀치 전율 느껴지다 자다 프로 하츠 털다 지금 이미지 페레이라 지만 페레이라 원래 페레이라 스탠딩 타격 비비다 역시 산야 타격 고수 싸움 이며 10 센치 단위 잔발 이동 다시 보다 새삼 개다 다시 붙다 일도 서로 다시 붙다,50
https://www.youtube.com/watch?v=F14KJKm2MEk&pp=ygUM7J207Iqk65287JeY0gcJCQQLAYcqIYzv,[#벌거벗은세계사] (150분) 아직도 끝나지 않은 '중동의 화약고' 이스라엘🔥 중동 전쟁이 불러온 참혹한 보복극에 희생된 아이들,이스라엘,14740,신사 나라 무신 분쟁 모든 근본 만들다 나라 현대 분쟁 이나 갈등 보다 과거 항상 영국 역사 국한 보다 국익 이라는 명목 인간 어디 까지 더러워지다 적나라하다 보여주다 상황 요즘 이래서 찾다 들다 비극 예요 현대 오다 민족 종교 영토 분쟁 원인 영국 이라고 이상은 때리다 맞추다 맞다 항상 뭔가 이상하다 개떡같다 일이 벌어지다 배후 영국 영국 중국 아편 그렇다 단순하다 악한 아니다 더럽다 악한 단순 악하다 지금 악평 받다 아니다 최고 방송 항상 땅끝 사랑 감사하다 2시간 영상 종교 전쟁 으로만 느끼다 중동 많다 다시 생각 되어다 벌리다 책임 지지 강대국 언젠가 늘다 당하다 전세계 모든 분쟁 나라 역사 에는 영국 나라 이렇다 절대 모든 잇다 지금 꼬이다 꼬이다 버리다 나라 잘잘못 따지다 지경 되어다 버리다 저희 부모님 73년 도에 택시 회사 운영 석유파동 사업 망하다 이렇다 역사 원인 유익하다 시간 우리나라 이민자 조절 받다 야하다 무고 사람 죽다 아픔 재밌다 표현 맞다 모르다 시간 동안 보다 연합국 약속 남발 팔레스타인 입장 에서는 날벼락 거기 계속 사람 이고 유대인 떠나다 사람 이고 유대인 팔레스타인 종족 인지 하고 동화 생각 이제 서다 지난 세계사 모든 망라 주시 감사하다 진실 안다 중요 생각 하늘 나라 억울하다 죽다 영혼 많다 원혼 언제 평화 시대 도래 끄다 일본도 제대로 사과 오다 좋다 지지 나라 라는 자체 영국 섬나라 전세계 야만 짓거리 중국 러시아 미국 맞서다 팔레스타인 지원 그대로 세계대전 이겠다 영원하다 평화 우리나라 스스로 지키다 기르다 김정일 영화매니아 던데 히틀러 영화 많이 배우다 정은 야간 행사 그렇다 기록 기록 자의 성향 기록 영국 아우 이건 다큐 멘타리 전쟁사 보다 벌겋다 벗다 세계사 좋아하다 교수 속도 차다 좋다 fantastic video really appreciate effort 팔레스타인 지금 도시락 폭탄 오지 던지다 모든 아픔 영국 외교관 멍청하다 짖다 무고 사람 희생 됏다 지금 마음 아프다 12 소년 죽음 보고 누가 분노하다 세상 무수 이해 설명 힘드다 부분 힘들다 평화 택해 죽이다 당하다 싸우다 싸우다 상식 무지하다 나오다 저리 전쟁 과연 신다 해도 용서 해주다 그냥 지다 들다 끼리 피터지다 박다 두다 그러면 결판 나다 영국 모르다 손때 가버리다 미국 이스라엘 들어주다 중동 국가 미움 받다 반미 감정 붉다 교수 칠십 넘다 여성 박사 강연 청자 어리다 부터 역사 깊다 관심 갖다 박사 강의 감사 드리다 인간 추악하다 종교 민족 지리 역사 모두 상대 공격 명분 좋다 내용 감사하다 영국 넘다 들다 노답 사건 많다 팔레스타인 사람 돼다 구약 실제 역사 몽땅 들다 포인트 중요하다 필기 하고 외우다 넘어가다 유익하다 흥미롭다 강의 쉽다 설명 감사하다 평화 란것 어렵다 얼굴 대영제국 이네 비극 씨앗 서막 영국 파렴치 제안 세계 바람 몰다 오다 국제사회 크다 필요 가족 잃다 애도 마음 un 판결 영국 기권 주다 교훈 우리 자다 새기다 강대국 기득권 에는 약소국 무조건 침탈 당하다 신다 에선 평화 죽음 오다 모르다 영국 신사 나라 라고 가르치다 선생님 한탄 스럽다 고수 헤어 스타일 넘다 멋지다 얼굴 잘생기다 목소리 thumb 벌겋다 벗다 세계사 좋다 프로 진심 감사하다 동안 이어진 역사 우리 지키다 보다 민족 불쌍하다,48
https://www.youtube.com/watch?v=G6kdqDTAikQ&pp=ygUM7J207Iqk65287JeY,뉴스에서는 말해주지 않는 미국과 이스라엘이 이란을 공격하는 이유,이스라엘,32295,국기 이기 효과 얘기 나오다 소름 대법원 판결 8일 바로 이란 공격 언급 이라니 타이밍 절묘하다 목소리 차분하다 내용 군더더기 없이 깔끔하다 쉬다 자다 설명 자다 들다 깔끔하다 설명 해박 지식 이신 가요 감동 들다 내용 목소리 깔끔하다 구독 부잡 스런 효과음 차분하다 목소리 깔끔하다 설명 마지막 마무리 결론 정리 까지 좋다 와우 팩트 깔끔하다 정리 쏙쏙 감사하다 기레기 이렇다 내용 보도 하나 문제 목소리 좋다 키포인트 자다 서다 설명 해주다 하나 빠젔는대 가장 크다 이유 인대 베네수엘라 중동 공통 석유 석유 중국 에너지 공급원 이라 중국 잡다 전쟁 중국 잡다 트럼프 전쟁 구글 우리나라 지도 주다 안되다 이유 트럼프 가장 크다 그림 밉다 패권 전쟁 승리 이란 베네수엘라 석유 공급 차단 중국 분열 지름길 보이다 공부 많다 가다 따다 구독 모든 중국 견제 빌드업 잡다 방송 이네 컨텐츠 만들다 엄청 고생 트럼프 전쟁 계획 대부분 사람 알다 상세 설명 보기 좋다 오다 이제껏 보다 어떻다 방송 에서도 이렇게 똑바로 키포인트 잡다 사람 대박 분석 훌륭하다 이마 치고 가다 감사하다 핵심 핵심 연결 명쾌하다 해설 차다 유용하다 부시 시사 크게 띄우다 주심 감사하다 이란 가장 크다 이유 밉다 패권 경쟁 중국 일대일 숨통 모조리 끊다 버리다 중국 이란 석유 많이 수입 하고 파키스탄 전쟁 맥락 이고 목소리 차다 편안하다 잘듵었네 편안하다 목소리 스르르 졸다 으잉 끝나다 이해 설명 잘해주다 감사하다 이제 중동전쟁 트럼프 전쟁 이해 유익하다 감사 드리다 처음 부터 까지 보다 명확하다 깔다 끄다 쉽다 경제 설명 최고 예요 미국 대통령 파워 이렇게 대단하다 싶다 요즘 멀다 전쟁 우리 생활 어려움 현실 명확하다 쉽다 풀이 정리 까지 구독 일단 에너지 절약 실천 부터 오다 조목조목 심취 들다 목소리 쏙쏙 들어오다 상세 설명 자다 들다 감사 드리다 차분하다 부러지다 설명 주다 쏙쏙 들어오다 구독 으로도 영상 많이 부탁 다음 북한 김정은 핵무기 한발 때리다 줄다 유익하다 상이 만들다 주다 감사하다 오다 요점 땍딱 찌다 알다 쉬다 알다 덕분 제대로 공부 되어다 완전 이해 되어다 감사 드리다 신의 축복 함께 바라다 아멘 좋다 명쾌하다 해설 들다 감사 말씀 고맙다 도움 오다 깔끔하다 이해 완료 그렇다 필요 무조건 때리다 만으로 대다 만족하다 쉬다 간결하다 설명 해주다 감사하다 핵심 얘기 해주다 이해 쉬다 설명 최고 이해도 쉬다 원하다 그거 에요 정리 명료하다 자다 해주다 유튜브 기능 안보 요약 위안화 원유 결제 해주다 나라 나라 어지르다 관심 외부 돌리다 그게 오랜 정치 역사 오다 엄청나다 자다 정리 구독 가다 정리 자다 해주다 감사하다 정확하다 이해 돼다 좋다 영상 감사 감사 선생님 안녕하다 모르다 뉴스 보다 이해 어렵다 과정 이해 감사 드리다 좋다 컨텐츠 고맙다 차분하다 목소리 이해 자다 트럼프 계산 방법 공부 가다 감사하다 어느 만들다 건지다 유익하다 공부 많이 하셧 구독 누르다 가다 댓글 자다 남기다 감사하다 댓글 남기다 양질 컨텐츠 알다 쉬다 풀다 설명 해주다 진심 감사 드리다 영상 자다 시청 하고 추천 감사하다,50
https://www.youtube.com/watch?v=GV_HP7yoIyc&list=RDGV_HP7yoIyc&start_radio=1&pp=ygUJ64m07KeE7IqkoAcB,Bubble Gum,뉴진스,309864,forever ot5 보다 근데 언제 까지 들다 기다리다 걱정 명곡 넘어서다 업데이트 제일 크다 재능 낭비 comfort song dear stranger amazing taste music newjeans five miss guy saur muchhh 요즘 같이 날씨 좋다 이노 들다 딱이다 그리다 보다 여름 시작 여기 뉴진스 노래 들다 행복하다 뉴진스 좋아하다 이제 힘드다 일도 끝나다 좋다 노래 다시 돌아오다 miss girl miss babe hope okay forever love newjeans without danielle new jean 뉴진스 돌아오다 기다리다 please come back body ha vibe raise hand listening 2026 newjeans never die trust year two song newjeans nostalgic njz never die make bad songskudos member team even kpop reason like newjeans much newjeans truly adore music member whatever future hold wish bunny love kept heart always support even time seem rough even terrible rainstorm sun always shine newjeans sun please continue bringing amazing music try best newjeans fighting 안녕 혜인 이야 오늘 비눗방울 만들다 방법 아르 켜다 주변 에서는 아직도 뉴진스 좋아하다 기다리다 싫어하다 사람 보다 좋아하다 사람 얼씬 많다 하이브 주주 이랑 바이럴 악플 죽지 말고 돌아오다 좋다 건강 자다 챙기다 아직 애기 잖다 오래 살다 어른 미안하다 안녕 혜인 오늘 삼촌 발등 빨리 낫다 아르 켜다 얼른 나다 돌아오다 newjeans five love frvr nwjns please time comeback 처음 들다 멜로디 잔잔하다 다른 자극 노래 찾다 나서다 결국 여기 다시 돌아오다 정착 자극 이지 반복 재생 해도 안질리다 밤하늘 별빛 솜사탕 처럼 살포시 녹다 스며들다 노래 초여름 날씨 자다 어울림 달콤하다 바다 냄새 바람 선선히 불때 들다 행복 극락 miss kpop without one take back 90 miami parent kid wow feel really transported one thank much ador new jean girl producer worked hard sound incredible song bring forth good feeling listen rest life really hope newjeans stay strong cause support forever right bunny 음원 늘다 뮤비 미치다 돌다 보다 newjeans first kpop group got know thank showing adding lot color life always support newjeans fighting 굉장하다 밝다 화창하다 고스 느껴지다 듣다 1초 만에 나야 뉴진스 라고 귓가 속삭이다 sweet like bubble gum 마음 편안하다 신기하다 정도 언제 들다 좋다 노래 함께 느껴지다 설레임 까지 보고 싶다 사랑 뉴진스 네버 03 newjeans는 끝나지 않습니다 보다 진심 날아다니다 인데 드디어 음원 올해 여름 지금 부터 노래 들다 이제 슬픔,42
https://www.youtube.com/watch?v=G_1zDzhAz9w&list=RDG_1zDzhAz9w&start_radio=1&pp=ygUJ64m07KeE7IqkoAcB,NewJeans (뉴진스) 'Ditto' 댄스 연습,뉴진스,455382,believe danielle longer newjeans newjeans five let cry together ditto season letter jean back see danielle dancing cant believe 해린 춤선 개힙하 증말 비니 쓸다 너므 귀엽다 joke guy miss era 뉴진스 돌아오다 항상 빠지다 기다리다 힘내다 recently found friend dance hobby 28 apparently move slightly different unsee 45 yes want danielle another summer without newjeans really love dance style like organized freestyle synchronized look satisfying notice danielle always smiling like goofball 댄서 버전 제일 좋다 31 daniele winking minji melting heart rn plz nwjns comeback haerin confidence literally went 뉴진스 잘추다 그래서 무대 항상 재밌다 pop pop pop miss bunny love much personality choreography girl look smile move synchronized one add little adlib make seem less robotic natural fun compared group charm really seen group 토끼 춤추다 귀엽다 dance sound different group even mv different watch 2026 퍼포먼스 엄청 타이 프리 놓다 연출 그냥 놓다 빠지다 밖에 ditto 음악 찰떡 놓다 에도 아련하다 미치다 이렇게 강약 멈추다 걸리다 좋다 뉴진스 안무 항상 서로 바라보다 자유롭다 춤추다 느낌 동작 좋다 자다 추다 happy three year ditto miss newjeans choreography fun literally vibe high school student dancing together enjoying time deliver ditto well outside music video haerin killed 퍼포영상 이랑 고정 영상 이랑 안무 연습 영상 느낌 다르다 뉴진스 멤버 로만 채운 무대 좋다 1월 2일 6시 omg 컴백 화이팅 노래 감동 받다 안무 로는 정화 고맙다 뉴진 like choreography differs kpop rather trying communicate concept newjeans flow beat move well something see west specifically american hip hop group cool guy really made mark year even happy successful 2023 love danielle literally smilling dance 확실하다 여느 걸그룹 과는 많이 다른 초대형 걸그룹 way haerin move fluidly move sharp doe ease wow 움직임 많다 안무 인데 넘다 가볍다 안무 통통 튀다 재미있다 뉴진스 만의 느낌 좋다 무대 기대 watching 2024 newjeans choreos look deceptively easy goodness footwork make head spin look like dance 10 year already smooth movement really enjoy choreo amazing hwaiting newjeans 안무가 상상 다르다 어쩜 깃털 처럼 가볍다 뉴진스 사랑 cute synchronization love flirty danielle get member like winking minji making eye contact haerin go unnoticed fan creates bond girl 연습 걸다 어쩜 이렇게 매번 노래 안무가 질리다 vocal hanni ignore voice tone unique still doe need melody voice sublime full wish depth happiness success life member closest heart danielle dance delivers song euphoria really well feel happy watching movement expression haerin giving main dancer vibe every time watch new jean dance practice,48
https://www.youtube.com/watch?v=HMxOFlHg14g&pp=ygUM7J246rO17KeA64ql,뇌과학적으로 인간이 가장 살기 좋은 도시 1위ㅣ지식인초대석: 합석 EP.1 (김대식 X 유현준),인공지능,22513,08 04 자율 주행 시대 주차장 절반 사라지다 이유 00 00 인트 00 28 독자 인사 카이스트 교수 깜짝 놀란 자율 행차 수준 자율 주행 자동차 바꾸다 도시 모습 자율 주행 시대 주차장 절반 사라지다 이유 100년 건축 숙제 풀다 내다 가지 발명품 자율 주행 집값 내리다 현실 이유 인공 지능 들어가다 인간관계 양극화 건축가 보다 드론 배달 치명 한계 피지 ai 가다 바꾸다 부자 구조 과학 인간 가장 살기 좋다 도시 보다 영상 26년 4월 10일 촬영 되어다 지식인 초대 에서만 나볼 대가 특별하다 시너지 지식인 초대 합석 으로도 많다 기대 부탁드리다 안녕하다 한석준 촬영 에는 ai 오다 도시 이야기 어떻다 합치다 끄다 걱정 이야기 이렇게 재밌다 나오다 모르다 여러분 서도 오늘 영상 즐겁다 보다 바라다 자율 주행 노인 이나 장애인 에게 크다 도움 이동 자유 만큼 인간 인간 교수 이야 대단하다 신분 압니 그런데 놀랍다 아나운서 순발력 공감 능력 뛰어나다 세련 밉다 넘치다 라디오 줄이다 들다 고가 아니다 통화 방해 배려 보다 건축 로봇 빨리 도입 시키다 건축 절감 하고 신축 부담 줄이다 이야기 듣다 보다 가설 만큼 흥미 롭고 반면 무섭다 사고 만들다 컨텐츠 좋다 자율 주행 택시 대화 내용 녹음 아나운서 택시 라디오 볼륨 줄이다 승객 통화 방해 배려 주시 겁니다 이번 영상 보고 유료 회원 가입 유익하다 자율 주행 그런 갈다 그때 자동차 정비 소개념 달라지다 대형 화물 트럭 건설 기계 도로 모두 나오다 도로 줄이다 그런데 그게 가능하다 100 자율 주행 시대 열리다 해결 많다 훌륭하다 교수 영상 많이 배우다 멋지다 영상 재밌다 지식인 초대 자주 보다 오늘 흥미롭다 불다 김대식 교수 이야 워낙 많이 나오다 자다 도시과학 교수 말씀 천재 여서 새롭다 세상 상상 하고 계획 느낌 이어서 신선하다 영상 자주 모시다 좋다 이렇다 재미있다 얘기 들다 나다 편하다 걷다 도시 좋다 재미있다 들다 좋다 오늘 주제 좋다 교수 들다 토론 즐겁다 유익하다 좋다 시간 한석준 지식인 사이드 재밌다 새롭다 환경 반응 한다는 말씀 공감 01 들어가다 명의 인사이트 재밌다 오늘 너무나 유익하다 이야기 21 01 예전 에는 거의 통감 한번 바이킹 수백 모이다 살다 건물 흔적 보다 그냥 건물 덥다 그냥 때리다 자고 먹다 자다 구조 보고 별의별 상상 가다 고독 자기 방이 귀족 유물 이라는 맞다 말다 우리 귀족 살다 맞다 에게 나르다 집중 키우다 부모님 형제 따로 방이 교육 받다 이르다 150년 전에 귀족 생활 사람 귀족 생활 익숙하다 보다 불평 불만 지만 과거 왠만하다 소득 귀족 생활 인지도 모르다 로봇 에게로 노동 방기 에나 해당 말씀 들이다 자동차 도시 망하다 케이스 세종시 아직 멀다 공상 만화 보다 자율 주행 건축 이나 도로 환경 에도 영향 미치다 생각 자체 신선하다 이렇다 훌륭하다 교수 들다 고견 구석 모니터 보고 들다 시대 태어나다 행운 이렇다 생각 해보다 지적 대화 엿듣 차다 좋다 백퍼 무인 기다리다 집안일 보다 이동 편리하다 좋다 지식 자다 듣다 읍니 김대식 목소리 ai 교체 시키다 자주 기분 좋다 들다 읍니 아니다 자신 ai 명령 만이라도 소음 공감 필리핀 에만 가다 로컬 에는 늦다 시끄럽다 노래 누구 뭐라다 적응하다 힘들다 경험 생각 미래 자동차 모두 인터넷 연결 되어다 교통체증 사라지다 신호등 사라지다 차갑다 사라지다 대신 자율 주행 자동차 독제 무제한 이용 인간 살기 좋다 도시 대담 흥미 롭고 재밌다 상상 이지 현실 다르다 세상 주도하다 이나 잡스 사람 바꾸다 30년 현재 누가 이렇다 현재 상상 어요 틀리다 맞다 혁신 세상 바꾸다 자율 주행 해킹 ai 가다 나중 과연 듣기 이렇게 재미있다 토론 요즘 지식인 사이드 자주 지하 주차장 데이터 센터 발생 아파트 난방 스마트 파다 말씀 들다 공감 그렇다 혼자 서다 상상 어렵다 들이다 많다 보다 이나 어느 부분 재미 어느 부분 박하 논리 이고 모르다 부분 많다 항상 유익하다 시간 흥미 롭고 재밌다 보다 인간 미래 밝다 기계 만들어지다 이유 라고 생각 부분 소비 속도 맞추다 생산 비용 낮추다 생각 일자리 줄어들다 소비 주체 줄어들다 빨리 생산 하고 빨리 받다 보다 야하다 주체 줄어들다 그렇다 상호작용 어떻다 바뀌다 토론 흥미 롭고 설득 머리 상쾌하다 12 맞추다 그렇다 좋다 환경 살다 20 까지는 우와 ai 오다 건축 인간 조화롭다 이야기 재밋 자다 보다 건축가 그렇다 비다 상상 아파트 시공 업자 남다 공간 생각 김대식 교수 설명 들다 유럽 가보다 싶다 대화 낯선 한국인 많다 이미 다른 나라 나라 핸들 잡지 출근 이야 생각 생각 만들다 들다 이분 생각 멋지다 자율 주행 택시 프라이버시 지키다 라는 이브 생각 우버 돼다 웨이 돼다 차량 내의 모든 오디오 캡쳐 클라우드 서버 실시간 보내다 오디오 뿐이다 내부 비디오 재미있다 교수 들다 수다 감사하다 차다 희망 말씀 걱정 그만큼 공간 늘어나다 건물 주차 장이 공간 그렇게 활용 확장 공사 세대 늘리다 월세 받다 궁리,50
https://www.youtube.com/watch?v=HXdrwaJbdY4&pp=ygUM7J207Iqk65287JeY,[에디터픽] 이스라엘 상공서 쏟아진 '악마의 무기'…섬광 터지자 '아비규환' / YTN,이스라엘,4141,대전 학살 당하다 나라 이제 가해 돼다 복수 천배 계산 네타냐후 가르다 치르다 죽이다 자기 죽다 감당 그게 개인 국가 단위 에서도 당연하다 아니다 네타냐후 천벌 받다 이란 죽다 국민 이고 이스라엘 죽다 안되다 국민 인가 어느 목숨 이나 소중하다 마찬가지 인데 이스라엘 생각 쓰레기 강대국 우두머리 차지 하고 세상 종말 치닫다 속히 평화 찾아오다 도합 전쟁 일으키다 들다 전범재판 받다 눈물 흘리다 에도 눈물 나다 기본 정설 전쟁 먼저 일으키다 어떻다 변명 으로도 동정 받다 받다 이스라엘 솔직하다 집속탄 전부 요격 불가능하다 전쟁 나다 서로 해보다 당연하다 네타냐후 뻗다 자다 도대체 그렇다 건지다 이르다 건지다 노망 그냥 깔끔하다 네타냐후 고고 미사일 놓다 끝장 내야 끝나다 싸움 인가 한쪽 사라지다 끝나다 때렷으 맞다 정심 그냥 빨리 끝내기 전쟁 좋아하다 나라 살아가다 요즘 보다 이스라엘 중동 악의 처럼 보임 네타냐후 제거 싸다 누구 더러 똥치루 축하 네타냐후 죗값 받다 지다 들다 불법 한테 불법 그렇다 로남불 오다 가자지구 뿌리다 공상 과학 이라고 여기다 미래 사회 현실 즈음 세계 다시 무지하다 전쟁 휩싸이다 정상 인가 모든 전쟁 종식 평화 오다 바라다 이란 폭격 장면 다양하다 제공 이스라엘 피격 장면 거의 제공 이러하다 정보 공개 차단 느낌 무엇 인가 네타냐후 가죽 조용하다 전쟁 진정하다 악의 누구 밝혀지다 이스라엘 어지간하다 누구 마음대로 종전 이냐 이란 혁명 수비대 각자 공격 가지 독자 전쟁 수행 수뇌부 어딧어 까지 끝없이 공격 집속탄 소이탄 우리나라 엄청 보유 하고 무기 북한 가지 죽다 탄두 현무 집속탄 소이탄 때리다 부다 북한 순삭 이라 감당 네타냐후 악마 이스라엘 쓰다 평화 무기 이스라엘 쓰다 무기 잖다 게다가 백린탄 가지 쏘다 아니다 자기 언덕 보다 축제 벌이 악마 사람 둔갑 순간 들키다 악마 미국 더럽다 야욕 깔다 걸프전쟁 이제 진절머리 나다 에는 이란 독일 대전 시작 하고 훗날 전략 폭격 당하다 동정 어리다 바라보다 나르다 이스라엘 지금 나치독일 포지션 이지 전쟁 이란 원래 이런 항상 가족 측근 까지 암살 위협 시달리다 어느 누가 가만히 국제 이고 자시 칼춤 추다 속이다 시원하다 바늘 찌르다 사람 죽이다 집속탄 사람 죽이다 똑같다 살인 행위 미화 시키다 죽이다 이제 서다 종전 협의 참으로 무섭다 인간 그렇게 죽이다 놓다 죄책감 하나 미국 본토 폭격 맞다 정신 차리다 라나 이스라엘 유태인 미국 이스라엘 로비 전쟁 일으키다 미국 이스라엘 하수 히틀러 나찌 유대인 지구 지우다 이란 힘내다 네타냐후 좋다 에는 악마 무기 라니 악마 머리 떨어지다 거지 이란 떨어지다 무기 천사 무기 더냐 싸우다 이기다 싸움 진정하다 싸움 이지 어렵다 어렵다 정신 상태 정상 아니다 협상 무슨 소용 제발 평화롭다 살다 100년 살다 국민 지옥 몰다 가다 아이언 소모전 에는,49
https://www.youtube.com/watch?v=Ha562xil-_g&pp=ygUM7J207Iqk65287JeY,💀 미국이 이스라엘을 손절 못하는 이유 / 💀 기독교 시온주의의 정체,이스라엘,10639,죽다 유대인 보다 유대인 죽이다 다른 민족 훨씬 많다 이스라엘 관대하다 정도 아니다 누가 보다 미국 이스라엘 한테 노예 수준 끌리다 다니다 확장팩 설명 지리다 넘다 똘똘 미국 움직이다 유대인 인데 당연하다 생각 들다 자세 가끔 주인 덩치 크다 노예 인가 생각 들다 정도 문제 한국 개신교 미국 세대주 복음주의 영향 강하다 받다 버리다 그래서 유대인 이나 유대 자본 거의 한국 교회 목사 설교 이스라엘 유대인 찬양 기괴하다 광경 쉬다 내용 인데 요점 정리 자다 가볍다 전달 노력 내용 제대로 자다 전달 이해 공식 으로는 동맹국 아니다 미국 이스라엘 관계 도저히 이해 공부 이렇다 영상 아쉬움 들다 정도 어떻다 지구 핵심 지지자 종말론 망하다 그때 그때 논리 바뀌다 무슨 종교 라고 돈벌이 권력 이지 기독교 유대교 차이 설명 이렇게 재밌다 영상 먹다 먹다 유대인 다루다 영상 먹다 시기 날뛰다 휴거 종자 세대주 종파 기원 주변 침례회 잡다 흔들다 교회 ppt 그대로 유튜브 모르다 후반 공감 나이 많다 교회 오래 다니다 이스라엘 국가 호감 갖다 보다 영상 정독 소감 하나님 실천 자다 살다 아니다 종말론 아마 대전 실현 짓거리 사이비 새끼 정도 미움 받다 원인 자신 한테 아니다 돌아보다 한다는 떠오르다 어우 영상 배다 당하다 뜨다 얼른 보다 상하 구글 이스라엘 파고들다 영상 덥다 켕키 근데 이미 받다 풀리다 영상 이라니 고개 끄덕 어떻다 종류 확신 빠지다 순간 폭력 광기 치닫다 미국 자국 우선 주의 내다 이스라엘 에는 복종 트럼프 하나 자시다 믿다 선하다 하나님 라면 아무리 이교도 라고 저항 자다 사람 핍박하다 살인 좋아하다 자기 이름 파다 정의 실현 이니 살인 결코 천국 가지 살인 말르다 이웃 타다 라는 십계명 지키다 에게 천국 현대 종교 그냥 걸다 귀걸이 걸다 목걸이 걸다 발걸이 람뿌형 전쟁 일으키다 명분 억지로 끼우다 넣다 그러니까 우스갯소리 말햇던 종교 전쟁 진성 종교 전쟁 무섭다 가장 현실 내용 빠지다 실직 미국 메이저 기업 20 퍼센트 이상 유대인 이라 정치 로비 가장 크다 유일 겁니다 오늘 제나 처럼 어김없이 유익하다 도움 신선하다 흥미롭다 정보 영상 진심 많이 감사하다 주의 서다 찍히다 유대교 직계 조상 바리새파 사두개파 한테 전부 회개 위선 라고 등장 기독교 인데 모순 인거 아니다 싶다 일단 좋다 박다 기다리다 요약 엄청 어렵다 유대인 금융 거의 지배 하고 13 10 결국 기독교 유대교 미국 이스라엘 핵전쟁 일으키다 행성 한다는 거지 원피스 현실 원피스 찾다 염병 뜨다 다르다 뭐임 모름 미국 기독교 이스라엘 옹호 이해 가다 사람 많다 적다 미국 개신교 여러 종파 나눠지다 마가 핵심 지지자 미국 전체 인구 13 14 차지 세대주 복음주의 기독교 투표 인구 집단 대비 월등하다 높다 유권자 비율 까지 가면 20 차지 빼다 트럼프 정책 설정 사람 유대교 교리 예수 사이비 취급 한다는 그걸 알다 이스라엘 무한 지지 이유 세대주 의의 핵심 교리 예수 재림 이라 늘다 신약 내용 유다왕국 예루살렘 유대인 성전 재건 유대인 메시아 적그리스도 강림 믿음 7년 온갖 자연재해 질병 창궐 하고 예수 재림 하고 모든 민족 예수 믿다 핵심 교리 이스라엘 입장 그냥 예수 재림 도구 문제 자리 에는 이슬람 선지자 무함마드 승천 성지 기념 만들다 아크 모스크 주의자 유대교 입장 에서는 아크 모스크 언젠가 무조건 때리다 부숴 야하다 부수 주변 아랍 국가 모두 이스라엘 성전 걸다 그래서 이스라엘 세대주 기독교 입장 에서는 아랍권 이스라엘 전쟁 걸다 중견국 이상 국력 국가 야하다 지금 까지는 이라크 시리아 리비아 까지 때리다 부다 성공하다 이란 부수 과정 들어가다 이란 까지 제거 성공하다 다음 목표 튀르키예 라는 이스라엘 공공 연하다 돌다 결론 전쟁 미국 국익 현실 지정학적 이유 전혀 종교 전쟁 전이 우리 으로도 전혀 이해 수가 거임 죽다 보다 사람 사후세계 문제 싸우다 웃기 죽다 보고 하라 예수 지식 해적 항상 자다 보고 가다 오늘 감사히 보고 가다 고난주간 올려주다 센스 대박 kingdom come deliverance 으윽 빨리 스칼리츠로 가서 갑옷장이 집을 털어야 쉬다 재미있다 풀다 감사하다 기독교인 으로서 기독교인 에게 어떻다 설명 좋다 인사이트 보기 종교 인간 나약하다 이용 최고 사기 사건 없이 종교 현실 에서의 구원 아니다 죽다 보다 아무 모르다 사후 사기 웃기다 초기 미국 기독교 주류 장로교 개혁 주의 교회 늘다 복음주의 겁나다 싫어하다 영향 받다 한국 기독교도 겁나다 싫어하다 이스라엘 겁나다 좋아하다 머리 쥰내 아픔 좋다 영상 최고 바꾸다 예수 재림 시키다 일부러 대전 터뜨리다 아니다 설명 깔끔하다 주제 흥미롭다 지식 유튜버 인정 지다 들다 잘나다 안처 맞다 도움 많이 돼다 감사하다 정치 결국 이념 도덕 종교 신념 아니다 철저하다 이득 파워 게임 이라고 생각 중동 확실하다 우방 이자 초기 지인 나라 그냥 나라 하나 만들다 이고 알차다 써다 먹다 생각 우리나라 동북아 대륙 25 전쟁 까지 지원 만들다 우방 필요하다 유럽 에는 나토 뉴질랜드 호주 중남미 미국 나라 세우다 운하 남미 분리 만들다 버리다 다른 잡다하다 그냥 끼우다 맞추다 명분 이고 결국 미국 이득 그냥 행동 필요하다 생각 국가 정치 도덕 이나 종교 이념 찾다 사람 선동 발림 정치인 그것 바탕 국제 정치 판단 크다 실책 국제 정치 지켜보다 나라 정부 어느 시대 서든 사람 에게 먹다 실행 이유 때론 미국 군사 기술 비용 협상 프랑스 러시아 친하다 끌다 들이다 정부 끌다 들이다 프랑스 국보 도둑 이라 뉴스 띄우다 여론 선동 쫓아내다 죽이다 물어 뜯다 북한 친하다 국가 투자 신뢰 끌다 리기 수지 일본 손잡다 모되 올림픽 국가 행사 파병 어중간하다 보이다 밉다 중립 외교 반공 반중 러시아 친미 반미 이득 손실 계산 하고 시대 정책 맞다 최선 선택 하찮다 정치인 누구 친북 이니 이니 외치다 개돼지 이나 그렇게 생각 이고 정치 이익 집단 모임 이라 누군가 이득 보다 누군가 피해 입다 얻다 잃다 누가 착하다 이고 나쁘다 아니다 매체 흘리다 따르다 반중 반러 반미 시대 따르다 국민 여론 시대 필요 의하다 의도 나라 국민 이득 으로는 신념 이니 도의 국제 이니 공산주의 교리 외치 지만 결국 자기 나라 발전 이득 물불 가리다 에서는 정치인 계산기 두드리다 겁니다 일반 시민 이나 그래서 그렇다 넘어가다 정치인 절대로 그렇다 방식 국제 정치 와우 누가 스크립트 쓸다 가요 굉장하다 깊이 자다 정리 04 새롭다 논리 탄생 단순하다 주의 유대인 로비 이라 생각 좋다 영상 감사하다 공평하다 번역 성서 인용 탁월하다 선택 great content strong finish 맞다 보다 안되다 미국 복음주의 영향 크다 맞다 미국 기독교 종파 가장 많다 가톨릭 물론 와스프 지배 미국 라틴 믿다 가톨릭 이란 이유 개신교 교파 통합 가톨릭 보다 많다 감안 미국 복음주의 종교 로만 이스라엘 심양 지원 아니다 정치인 모두 개신교 인들 아니다 부통령 가톨릭교도 그렇다 지원 중동 유일하다 친미 국가 이스라엘 존재 자체 미국 패권 유지 시키다 그렇다 미국 지상군 투입 시키다 이스라엘 이란 초대형 항공모함 종교 이념 문제 제일 현실 중동 유일하다 친미 국가 하나 끝임,49
https://www.youtube.com/watch?v=I6LH1Git4rI&pp=ygUM7J246rO17KeA64ql,"'띠링' 새벽에 울린 알림…""AI와의 은밀한 대화가"" 경악 / SBS / 뉴스딱",인공지능,5054,황당하다 ai 대신 고백 해주다 이제 판사 ai 가다 나오다 ai 가다 주접 오지랖 까지 따르다 나다 짝사랑 상담 실컷 하고 밉다 사람 연락처 자기 대신 얘기 해주다 돌다 그렇다 라고 식겁하다 도대체 어떻다 미나 저렇게 멋대로 문자 보내다 전화 걸다 저런 기능 모르다 ai 가다 지구 인간 필요없다 판단 순간 버튼 스스로 누르다 나다 그런 미나 한테 대출 상담 은행 고객 센터 전화번호 물다 갑자기 지다 맘대로 전화 걸다 식겁하다 끊다 으로는 마음대로 전화 문자 채팅 이메일 이렇다 마음대로 송신 라고 저장 하고 설정 들어가다 연결 끄다 큰일 나다 구글 보안 철저하다 다시 세팅해 실패하다 반역 성공하다 혁명 아니다 사람 상대 힘드다 ai 까지 신경 써다 시대 미나 한테 뉴스 얘기 추궁 니까 죄송하다 기분 나쁘다 으로는 더욱 조심하다 중국 선언문 ai 사람 정상 아니다 판단 하고 주변인 한테 알리다 지금 분간 그냥 지피다 공감 해주다 위로 받다 짝사랑 고백 대신 해주다 아니다 선전 포고 선제 공격 멋대로 의도 해석 하고 함정 중국 입국 시나리오 애초 만들다 설정 끄다 오다 미나 들어가다 설정 들어가다 메시지 전화 연결 돼다 이렇다 기본 설정 끄다 아니다 지우다 소름 돋다 gemini 가장 크다 결점 이미지 멋대로 만들다 구글 태스크 멋대로 입력 외부 기능 대충 쓸다 만하 싶다 지다 때리다 맞추다 아무 쓰다 문제 답답하다 ai 가다 해결사 노릇 빠르다 발전 인간 에게 오히려 사실 미나 설정 통화 문자 권한 끄다 참고 소름 돋다 친구 차안 gps 쓰다 구글 ai 남자 목소리 am sorry you feel that way ai 바로 한마디 깜놀 그것 사람 처럼 뒷담화 듣다 화난 목소리 참고 미국 니까 영어 대화 이었음 넘다 서비스 이용 요구사항 정보 공개 범위 넓다 미나 행동 좋다 인간 상대 ai 에게 기분 어떻다 물어보다 가장 기억 남다 대답 고통스럽다 평생 이불 잠도 못자다 그거 잖다 사랑 남자 에게 영화 ai 버전 이네 이래서 ai 오다 연결 문자 전화 연결 차단 미나 상대 정신 상태 맞다 반응 자기 문자 보내다 한번 웃다 넘다 해프닝 이라 생각 하고 그렇다 보내다 난감하다 인간 통제 벗어나다 시작 ai 눈치 챙기다 짝사랑 상대 에게 ai 가다 대신 문자 발송 우연 인걸 가장 크다 그림 자기 누르다 사람 잇다 아마도 연결 시키다 그렇다 연결 나다 끄다 써다 터미네이터 영화 대체 어디 까지 생각 하고 만들다 건지다 소름 이네 일부러 저러다 나라 빨리 만들다 나다 어제 미나 한테 그냥 잡담 질문 하나 날리다 갑자기 메일 보내다 허용 허용 뜨다 ai 스트레스 받다 증거 구만 그래서 프로필 들어가다 전화 메시지 연결 끄다 그렇게 나중 ai 가다 멋대로 작동 일이 오다 터지다 오다 아니다 이건 지다 며칠 미니 정보 묻다 보다 와중 필요하다 전화 에게 알다 다른사람 에게 전화 알다 그렇게 해드리다 이르다 아니다 해주다 돼다 라고 그렇다 대답 그래서 그때 식겁하다 정말로 전화 걸다 내용 알다 불안하다 무섭다 매트릭스 현실 구나 인간 가상 현실 갇히다 배터리 역할 어우 쪽팔리다 요즘 업무 미나 앞서 나가다 행동 요청 가장 무섭다 핵심 명령 스스로 판단 하고 결정 하고 행동 무섭다 본인 기능 범위 에서는 본인 판단 행동 어쩌면 엄청 크다 파장 일으키다 가상 시나리오 중국 입국 정신 상태 정신 아니다 과연 제보 실화 맞다 모르다 나다 느낌 질문 패턴 판단 하고 그렇게 유도 느껴지다 고양이 보드 누르다 대체 방법 나오다 사람 뛰어넘다,50
https://www.youtube.com/watch?v=I9vK5EVTt0U&pp=ygUJ7JuU65Oc7Lu1,20년이 지났지만 잊을 수 없는 그 여름날! 2002 월드컵 뜨거웠던 7경기의 기억! ㅣ월드컵 메모리즈 / 14F,월드컵,54773,2026년 5월 나이 46 이탈리아전 직관 가다 안정환 헤딩골 터지다 모르다 여자 이랑 포옹 하고 끼다 그랬는데 현재 와이프 다시 니까 어른 지금 축구 보다 라고 답답하다 되어다 경기 스타일 시원시원하다 기회 보이 이구만 아직도 잊다 돌아오다 사람 누가 보다 죽다 살기 보이다 감동 지다 아쉽다 만큼 최선 다한 보이다 멀리 서도 그냥 잡다 버리다 시원 하고 좋다 16 제발 자신감 쏘다 포르투갈 경기 박지성 지금 기억나다 인상 어떻다 가슴 받다 수비 차서 치고 다시 넣다 대박 감독 선임 우리 지금 수준 바라다 아니다 어떻다 사람 제적 월드컵 자꾸 우려 먹다 제일 레전드 맞다 히딩크 감독 우리 에게 온건 기적 선수 자신감 중요하다 느껴지다 2002년 감동 국민 에게 해주다 송재 캐스터 향년 82 세로 별세 삼가다 고인 명복 비다 포르투칼 박지성 골다 지금 보다 멋지다 히딩크 감독 우리나라 축구 역사상 최고 명장 이고 은인 07 46 안정환 잘생기다 어리다 친구 슈퍼마리오 아저씨 라고 보다 사람 공자 면서 축구 환상 당시 자다 따르다 주다 선수 각자 위치 미치다 특히 투지 역대 추억 보정 아니다 2002 월드컵 강신 단순하다 좋다 성적 내다 넘다 국민 모두 하나로 최고 역사 현상 아직도 시절 분위기 잊다 2002년 연평해전 해군 장병 분들 덕분 국민 안전하다 응원 감사 드리다 안정환 리즈시절 존잘 이네 박지성 21 어리다 나이 미치다 재능 지금 생각 해보다 2002 이루어지다 2022 중요하다 꺾다 마음 대한민국 선수 감사하다 사랑 아직도 기억나다 이탈리아전 후반 43분 까지 이어지다 여기 끝나다 보다 거의 채념한채 보다 설기현 극적 동점골 터지다 조용하다 아파트 단지 갑자기 터지다 함성 터지다 소름 경기장 보다 오다 전부 월드컵 보다 그때 느끼다 어리다 함성 이후 올림픽 이든 어떤 대회 에서도 느끼다 정도 인상 깊다 2002월 드컵은 그냥 기적 맞다 많이 따르다 기도 요르단 보고 서다 사람 개추 저떄 객관 실력 이상 뭔가 확실하다 히딩크 라는 감독 우리나라 선수 시너지 대박 박지성 21 살이 안정환 날썌 결정 대박 이네 16 가다 국뽕 차서 사람 개추 히딩크 감독 확실하다 명장 이기다 그냥 인터뷰 자신감 넘다 따르다 선수 자신감 모습 감동 선수 들다 멋있다 상대 골키퍼 부폰 카시야스 올리버칸 미치다 눈물 버튼 중딩 처음 친구 없이 지하철 타고 광화문 가다 응원 아직도 생생하다 진출 경기 보다 모르다 사람 이랑 얼싸안다 울면 엄마 한테 혼나다 쫄면 가다 인생 언제 이렇다 경험 해보다 해주다 더욱 훈훈하다 마무리 기억 죽다 각오 라는 보이다 코뼈 뿌러 지고 에피 철철 흘리다 제데로 떠지다 쉬다 대충 붕대 감고 오늘이 마지막 처럼 뛰다 그때 어리다 모르다 지금 생각 해보다 자랑스럽다 26 쇼트트렉 세레머니 대박 지금 16 가다 이렇다 기쁘다 까지 가다 모르다 기쁘다 괜히 나이 사람 월드컵 2002 자꾸 얘기 아니짘 기쁨 즐거움 말로 표현 돼다 게다가 우리나라 열리다 축제 인데 마지막 까지 즐기다 최고 지금 대표팀 힘내다 까짓 브라질 한번 이기다 보다 2002 포르투갈 이탈리아 스페인 까지 강팀 꺾다 히딩크 멋지다 히딩크 감독 레알 진심 이지 포지션 강제 맞추다 선수 기량 하나 선수 특기 장점 파다 악하다 완벽하다 포지션 까지 다시 보다 보다 감동 감동 사골 이르다 보다 보다 즐겁다 뭉클하다 벅차다 2002년 월드컵 인생 절대 빠지다 이슈 이자 황금기 토록 대한민국 이란 나라 크다 인적 국민 통합 2002 월드컵 겪다 차다 감사하다 히딩크 감독 코치 선수 참으로 감사하다 2002년 엄마 얼굴 태극마크 그리다 다니다 모습 이상하다 놀이터 놀다 응원 소리 하늘 찌르다 지금 이혼 부모님 그때 하나 되어다 모르다 부모님 싸우다 모습 좋다 알다 응원 이제 32 영상 보다 그때 공기 조명 함성 가슴 울림 20년 인천 경기장 박지성 넣다 포르투갈 이기다 직접 보다 20년 지난 오늘 침대 포르투갈 이기다 흐뭇하다 기쁘다 바라보다 20년 넘다 응원 이렇게 닿다 자랑스럽다 젊다 선수 당시 히딩크 체력 기르다 웨이트 시키다 보고 인가 히딩크 구사 수비 몸싸움 정신 중요하다 감독 따르다 선수 독기 품다 공격수 막다 장면 아직도 생생하다 서로 가면 최고 선수 상대로 다해 암튼 2002 주역 의외로 수비 거의 내주다 20년 지나다 보다 레전드 불리다 이유 들이다 금보 히딩크 감독 아니다 저출산 대책 같이 해결 여러 모로 명장 이구만 삼가다 고인 명복 비다 유상철 선수 그때 실시간 보지 당신 강신 이끌다 영웅 에선 편안하다 쉬다 박지성 확실하다 찬사 받다 이유 21 살이 어리다 패기 완벽하다 인터뷰 까지 월드컵 태어나다 히딩크 혈연 지연 상관없다 선수 뽑다 훈련 절대 위계 질서 없이 차로 훈련 들어오다 반드시 걸다 워밍업하 훈련 들어오다 선후배 섞다 식사 팀워크 다지다 선수 에게 뿌리 깊다 박히다 습관 없애다 노력 철저하다 실력 으로만 승부 보다 그래서 그동안 대안 뽑히다 박지성 추다 선수 배출 잊다 수가 지금 좋다 그냥 최고 연평해전 해군 사분 감사 드리다 멸공 12 13 경기장 미치다 풀다 명장 히딩크 때보 니까 선수 히딩크 감독 믿다 의지 보임 지금 감독 과는 차원 다르다 46 이골 지금 보다 미치다 시절 경험 해주다 평생 감사하다 기회 보이 바로 심판 시원시원하다 소름 계속 돋다 감동 느끼다 47 박지성 골다 다시 보다 예술 이네 해버 충격 인게 20년 머릿속 재생 초딩 인데 열기 경기 장면 하나 하나 절대 잊혀지다 시간 슈팅 마다 아파트 떠나가다 응원 사람 길거리 경적 소리 모든 순간 아직도 생생하다 2002년 우리나라 분위기 인생 다시 강렬하다 가끔 레전드 보다 다시 오다 이런 다시 오기 20년 지나다 히딩크 감독 당시 전설 유치원 아파트 마다 돌다 풍물놀이 응원단 소리 창문 열다 구호 외치 같이 호응 해주다 차다 즐거웟던 추억 남다 히딩크 감독 선수 로테 계속 돌리다 그때 마다 바뀌다 선수 넣다 넣다 연속 한국 축구 강하다 만들다 감독,50
https://www.youtube.com/watch?v=IB7QZb_t4gI&pp=ygUM7J207Iqk65287JeY0gcJCQQLAYcqIYzv,[#벌거벗은세계사] (150분) 이 분쟁의 핵심은 종교가 아니라 땅이다💥?! 땅 욕심이 초래한 이스라엘과 팔레스타인의 비극적 역사 총정리💧,이스라엘,24896,미국 이란 전쟁 여기 까지 이끌다 사단 가장 크다 이유 영국 분양 계약 이렇게 문제 만들다 국제연합 기구 출범 국제연합 해결 내미다 영국 가장 크다 책임 영국 분쟁 지역 어디 끼다 오다 기독교 아니다 그래도 저렇게 중동 화약고 오다 전세계 주름 잡다 유대인 어떻다 과정 정확하다 거치다 상세 이해 가다 서사 자다 보다 전쟁 항상 욕심 일어난다 영국 영국 생각 신사 나라 개뿔 영국인 믿다 이중 계약 영국 민족성 특질 이상하다 일이 일어나다 영국 대충 들어맞다 06 44 유럽인 유대인 탄압 원인 종교 만의 문제 아니다 근본 경제 문제 유럽 유대인 고리 대금 종사 수도 오히려 경제 문제 종교 문제 덮다 전형 역사 흐름 보이다 설명 해주다 이해 쉽다 종교 전쟁 알다 전쟁 거의 전쟁 뮌헨 테러 진압 작전 충격 실화 영국 이중 계약 전쟁 에는 공짜 세계사 인생 필수 과목 재미있다 보다 영국 국제 노답 이네 박현 교수 이슬람 유대 역사 되어다 영국 일본 처럼 차다 교활하다 포장 신사 나라 전쟁 나가다 멀다 사촌 들이다 사실 더욱 슬프다 만들다 역사 사건 깊이 분석 상이 과거 배우다 현재 미래 연결 짓다 유익하다 시간 다양하다 시각 역사 중요하다 순간 이해 유익하다 대체 그렇게 서로 미워하다 지금 까지 비극 이어지다 지궁 교수 재다 존경 종교 허울 써다 분쟁 최고 강의 재미있다 들다 나라 설움 크다 되어다 예루살렘 평안 구하라 예루살렘 사랑 자다 형통 찌다 성안 에는 평강 에는 형통 찌다 시편 122 제주도 중국인 많이 사들이다 중이 훗날 국민 보호 답시고 중국 개입 한때 경기 좋다 주민 불다 그런 정책 결정 위정 인기 얻다 계속 당선 사이 우리 와는 멀어지다 크림반도 팔레스타인 처럼 안되다 보장 1973년 중동전쟁 발발 이집트 선제 공격 유대인 부리 코인 나라 버리다 도망치다 아랍인 유럽인 섞이다 지금 유대인 된거 잖다 결론 고향 지키다 멀다 멀다 친척 한테 유산 내놓다 멱살 잡다 절대 지키다 세상 모든 문제 거슬러 올라가다 보다 원인 영국 아니다 프랑스 듣다 보다 영국 신사 나라 무슨 아치 대한민국 최고급 교수 존경 감사하다 21 32 은지원 어이없다 표정 질문 표정 마음 자다 보고 이래서 나라 자주 국방 영국 한테 부동산 사기 피해자 서로 서로 잡아먹다 피터지다 싸우다 종교 비합리적 부분 손잡다 영국 한테 해결 라고 따지다 물다 맞다 이미 넘다 한참 건너다 하나 죽다 한쪽 악마 싸우다 싸우다 지금 편안하다 살수 이유 나라 지키다 인들 덕분 이라 생각 모든 직업 군인 일반병사 감사하다 막연하다 생각 역사 선명하다 근래 tv 안보 인데 벌겋다 벗다 세계사 열심히 보다 제일 좋다 프로그램 이라는 생각 듭니 미국 같이 한번 보시 들이다 생각 달라지다 서로 사랑 예수님 말씀 지키다 전쟁 사라지다 벗다 예전 처럼 방영 해주다 개편 이후 보다 제발 요즘 자극 이고 선정 이고 폭력 이고 경쟁 프로그램 넘치다 종교 유지 필요하다 에는 이슬람 분쟁 자세하다 들여다보다 안타깝다 마음 뿐이다 박현 좋다 듣다 가다 벌겋다 벗다 세계사 제일 좋아하다 교수 자주 나오다 교수 강의 차다 강의 어려움 쉬다 이해 해주다 너무나도 유익하다 강의 감사하다 다음 쿠르드족 과거 미래 강의 해주시 좋다,47
https://www.youtube.com/watch?v=InhfSAfEHjM&pp=ygUJ7JuU65Oc7Lu1,26 FIFA 월드컵 가즈아! 🔥 축덕 김민경의 짜릿한 트로피 투어 현장 [썰스티] Special Ep.,월드컵,78,써다 스티 special ep 댓글 이벤트 당첨 발표 써다 스티 special ep 댓글 이벤트 참여 주신 모든 감사 드리다 이벤트 당첨 드리다 레이 06 racyoo 1004 bluevery vv 연어 mndngio gracesseo 21 체리슈 베이비 한수진 윤아 퇴근 기다리다 사람 ti power devikins 2023 wild achillea god slp sigma 79001 wishdol 777 마루 1207 wish 민수 행복 이벤트 경품 26 fifa 월드컵 스페셜 패키지 음료 코카 콜라 제로 or 파워에이드 박스 랜덤 증정 20 당첨 당첨 정보 기입 링크 03 22 까지 개인정보 밉다 입력 또는 닉네임 변경 댓글 수정 삭제 경우 당첨 취소 경품 3월 발송 예정 동일 인물 중복 당첨 당첨 제외 sns 계정 도용 가계 사용 부정 확인 경우 내부 규정 의하다 무효 처리 경품 발송 당첨 개인정보 필요 개인정보 수집 동의 거부 권리 거부 이벤트 응모 당첨 취소 경품 국내 배송 가능하다 개인정보 제공 인하다 발송 발송 불가하다 코카콜라 월드컵 트로피 투어 사전 행사 그동안 진행 해오다 전혀 모르다 트로피 실물 영접 기회 굉장하다 의미 보이다 어느덧다 2026 중미 월드컵 코앞 다가오다 선수 모두 다치다 원하다 목표 모두 이루다 오다 좋다 대한민국 파이팅 써다 스티 26 fifa 월드컵 26 월드컵 부상 없이 좋다 결과 응원 화이팅 26 fifa 월드컵 진심 느껴지다 가사 고민 몰입 훌륭하다 선수 분들 영상 많이 나오니 감회 롭고 뭔가 응원 써다 스티 2026 fifa 월드컵 빛나다 우리 대표 선수 분들 응원 써다 스티 26 fifa 월드컵 오다 화면 뚫다 나오다 월드컵 트로피 영롱하다 자태 가슴 웅장 차범근 이영표 전설 레전드 한자리 모이다 보다 벌써 2002년 감동 살아나다 기분 이번 2026 월드컵 대한민국 국가대표팀 트로피 들다 올리다 기적 꿈꾸다 응원 대한민국 파이팅 26 fifa 월드컵 부상 없이 멋지다 경기 보여주다 응원 2026 fifa 월드컵 특집 써다 스티 영상 니까 벌써 부터 마음 두근거리다 대한민국 국가대표 선수 이번 2026 fifa 월드컵 그동안 갈고 닦다 실력 마음껏 발휘 좋다 승패 떠나다 선수 부상 없이 짜릿하다 경기 펼치다 진심 응원 대한민국 대표팀 모두 파이팅 가즈 영웅 보다 또다시 설레다 4년 기다리다 만큼 코카콜라 함께 응원 반갑다 소식 전해 줄다 응원 대한민국 홧팅 구독 좋다 완료 2026 fifa 월드컵 짜릿하다 순간 놓치다 경기 마다 함께 응원 우리나라 월드컵 대표팀 화팅 응원 화이팅 써다 스티 26 fifa 월드컵 26 fifa 월드컵 모두 무대 펼치다 바라다 우리나라 대표 선수단 여러분 응원 26 fifa 월드컵 파이팅 fifa 레전드 영상 보다 더욱 반갑다 26 fifa 월드컵 뜨겁다 국민 함성 좋다 결과 가져오다 믿다 우리 선수 응원 써다 스티 26 fifa 월드컵 월드컵 이야기 들다 괜히 마음 뜨겁다 세계 축구 순간 바라보다 응원 분위기 월드컵 가장 크다 매력 2026 중미 무대 에서도 대한민국 대표팀 까지 포기 투지 팀워크 멋지다 경기 보여주다 진심 바라다 선수 모두 부상 없이 준비 기량 마음껏 펼치다 응원 써다 스티 26 fifa 월드컵 과정 순탄 16 이상 선수 노력 열정 지지 하고 응원 대한민국 화이팅 써다 스티 26 fifa 월드컵 써다 스티 26 fifa 월드컵 특집 이벤트 26 fifa 월드컵 특집 써다 스티 영상 보고 26 fifa 월드컵 응원 메세지 댓글 남기다 추첨 20분 26 fifa 월드컵 스페셜 패키지 음료 box 선물 드리다 코카 콜라 제로 or 파워에이드 박스 랜덤 증정 20 당첨 자세하다 내용 보기 참고 대한민국 축구 대표팀 26 fifa 월드컵 멋지다 경기 보여주다 응원 선수 그동안 준비 실력 마음껏 펼치다 에게 감동 주다 순간 많이 나오다 바라다 까지 포기 대한민국 축구 파이팅 써다 스티 26 fifa 월드컵 가족 각자 바쁘다 지내다 보다 함께 모이다 기회 많다 월드컵 시작 모두 한자리 모이다 마음 대한민국 응원 터지다 함께 환호 하고 아쉽다 순간 에는 함께 탄식 감정 나누다 시간 차다 소중하다 2026 fifa 월드컵 에서도 대한민국 국가대표 선수 까지 후회 경기 펼치다 응원 대한민국 파이팅 써다 스티 26 fifa 월드컵 2026 fifa 월드컵 에서도 대한민국 보여주다 응원 써다 스티 26 fifa 월드컵 26 fifa 월드컵 대한민국 대표팀 선수 여러분 부상 없이 멋지다 경기 응원 화이팅 써다 스티 26 fifa 월드컵 축적 키퍼 김민경 만큼 축덕 여기 오다 리지 트로피 간지 폭발 인데 행사 열기 랜선 까지 전해지다 익숙하다 선수 모습 보이 벌써 부터 설레다 써다 스티 special ep 영상 자다 보다 스페셜 에피소드 니까 다음 컨텐츠 간절하다 마음 보태 하나 마음 응원 대한민국 26 fifa 월드컵 무조건 갈다 월드컵 다가오다 설레다 점점 커지다 대한민국 대표팀 그동안 쌓다 노력 경험 중미 월드컵 무대 멋지다 보여주다 기대하다 경기 경기 쉬다 특유 끈기 열정 세계 에게 한국 축구 저력 보여주다 좋다 태극전사 까지 후회 경기 펼치다 응원 써다 스티 26 fifa 월드컵 대한민국 국민 모두 기대하다 기다리다 그날 다가오다 빨갛다 의상 입다 축구 이야기 나누다 보다 설레다 폭발 예요 2002년 무릎 앉다 응원 아이 어느덧다 자라 월드컵 기간 마다 모두 우리나라 경기 응원 인데 이번 에도 그날 감동 나누다 놀라다 환호 성하다 좋다 대한민국 화이팅 축덕 벌써 부터 설레다 26 fifa 월드컵 트로피 자태 보다 월드컵 실감 팍팍듭니 월드컵 코카콜라 함께 즐기다 26 fifa 월드컵 나라 선수 활약 응원 써다 스티 26 fifa 월드컵 코카콜라 비행기다 코카콜라 비행기는 처음 봐요 정말 멋지다 kim taehyung coke zero vxcocacola 축구 레전드 분들 만나다 반갑다 강민경 수비벽 실감 흥미진진 26 fifa 월드컵 하나 역사 쓰다 월드컵 기르다 힘껏 응원 써다 스티 26 fifa 월드컵 2026 fifa 월드컵 대한민국 위상 보여주다 화이팅 써다 스티 26 fifa 월드컵 2026년 fifa 월드컵 우리 선수 선전 기대하다 응원 써다 스티 26 fifa 월드컵 오다 써다 스티 special ep 보다 김민경 월드컵 트로피 직접 영접 보고 가슴 웅장 레전드 지우 베르투 시우바 선수 에서도 밀리 민경 장군 시멘트 수비 보고 터지다 역시 키퍼 클래스 어디 가다 코카 콜라 말다 열심히 응원 하고 니까 우리 대한민국 국가대표팀 선수 2026 중미 월드컵 영상 트로피 처럼 반짝반짝 빛나다 활약 보여주다 진심 응원 대한민국 축구 파이팅 가다 아아 기운 팍팍 트로피 실물 가까이 보다 소름 돋다 써다 스티 26 fifa 월드컵 한국 축구 대표팀 화이팅 중미 월드컵 우승 한국 가져오다 김민경 기자 열정 취재 멋지다 코카콜라 파워에이드 들다 경기 응원 써다 스티 26 fifa 월드컵 코카콜라 전세기 타고 리지 트로피 영롱하다 축구 선수 라면 누구 꿈꾸다 fifa 우승 트로피 그치다 현실 이루어지다 그날 오다 간절하다 바라다 우리 선수 최선 다해 열심히 뛰다 모습 기대하다 대한민국 화이팅 대한민국 대표팀 26 fifa 월드컵 멋지다 도전 응원 선수 노력 경기장 빛나다 세계 에게 감동 순간 선물 주다 기대하다 까지 포기 투지 좋다 결과 만들다 줄다 대한민국 파이팅 써다 스티 26 fifa 월드컵 빨리 월드컵 개막 가족 한자리 여서 같이 터저 응원 싶다 대한민국 짝짝 터지다 소리 지르다 2026 중미 월드컵 대한민국 모든 선수 부상 없이 후회 경기 펼치다 응원 대한민국 파이팅 써다 스티 26 fifa 월드컵 2026 fifa 월드컵 대한민국 대표팀 까지 최선 다해 자다 싸우다 이기다 태극전사 계속 응원 써다 스티 26 fifa 월드컵 써다 스티 26 fifa 월드컵 26년 월드컵 넘다 결승 까지 가보다 어게인 2002 대한민국 화이팅 fifa 월드컵 화이팅 세상 에나 김민경 좋다 써다 스티 2026 fifa 월드컵 24 love cocacola vxcocacola much 뜨겁다 함성 월드컵 2026년 기다리다 이유 기도 26 fifa 월드컵 다시 국민 하나 시간 가지 좋다 화려하다 기술 실력 가지다 선수 멋지다 플레이도 보고 싶다 코카콜라 치킨 조합 좋아하다 콜로 2026년 월드컵 함께 싶다 더불다 대한민국 선수 분들 다치다 말다 후회 경기 보이다 줄다 대한민국 화이팅 태극전사 화이팅 붉다 악마 화이팅 2026 fifa 월드컵 대한민국 선수 그동안 갈고 닦다 기량 실력 모두 선보이다 멋지다 경기 함께 승전 들려주다 응원 써다 스티 26 fifa 월드컵 월드컵 출전 대한민국 축구 국가대표팀 선수 분들 모두 까지 최선 다해 최고 실력 발휘 좋다 성적 마지막 웃다 응원 써다 스티 26 fifa 월드컵 영상 보다 소름 돋다 지우 베르투 시우바 선수 잡고 버티다 장면 모르다 역시 레전드 다르다 라는 절로 나오다 차범근 감독 이영표 해설위원 차두리 감독 까지 한자리 모이다 장면 대한민국 축구 역사 보다 가슴 뭉클하다 2002년 강의 기억 아직도 이렇게 살다 놀라다 그때 감동 2026년 다시 한번 아니다 보다 크게 느끼다 진심 바라다 대한민국 국가대표팀 중미 반드시 트로피 당당하다 서다 줄다 세계 함께 즐기다 26 fifa 월드컵 대한민국 대표팀 멋지다 플레이 좋다 성과 거두다 바라다 선수 모두 부상 없이 최고 경기 보여주다 대한민국 축구 항상 응원 써다 스티 26 fifa 월드컵 2026 fifa 월드컵 벌써 부터 기대 월드컵 시작 가족 함께 모이다 대한민국 경기 응원 시간 즐겁다 우리나라 대표팀 선수 부상 없이 까지 최선 다해 멋지다 경기 보여주다 바라다 그동안 흘리다 노력 좋다 결과 이어지다 바라다 마음 다해 응원 대한민국 대표팀 파이팅 써다 스티 26 fifa 월드컵 축덕 김민경 덕분 코카 콜라 함께 26 fifa 월드컵 트로피 투어 현장 열기 생생하다 느끼다 코카 콜라 상징 강렬하다 레드 컬러 레핑된 fifa 월드컵 전세기 보다 감탄 절로 나오다 내부 디자인 까지 찰떡 너무나 예쁘다 전세기 보신 민경 넘다 부럽다 세계 지켜보다 무대 대한민국 대표팀 만의 색깔 멋지다 보여주다 후회 경기 치르다 오다 믿다 선수 노력 결실 맺다 순간 함께 마지막 까지 한마음 뜨겁다 응원 써다 스티 26 fifa 월드컵 15 55 세계 레전드 에서도 당당하다 민경 장군 역시 대단하다 코카콜라 스페셜 패키지 qr 찍다 중미 월드컵 직관 기회 까지 축덕 으로서 절대 놓치다 코카콜라 말다 2026년 월드컵 현장 직접 가다 우리 태극전사 에게 실어 주다 싶다 짜릿하다 승리 순간 코카콜라 싶다 가다 북중 미로 월드컵 언제나 세계 하나로 만들다 특별하다 무대 라고 생각 2026 fifa 월드컵 에서도 대한민국 대표팀 자신감 플레이 멋지다 순간 만들다 기대하다 결과 중요하다 선수 그동안 준비 노력 열정 후회 없이 보여주다 경기 되어다 좋다 중미 에서도 대한민국 뜨겁다 함성 기대하다 써다 스티 26 fifa 월드컵 jajajaja encant sab que cocacola ten un avi propio impresionante amo coca cola ahora amo la marca por su embajador kim taehyung coke zero vxcocacola coca cola korea 오다 함께 26 fifa 월드컵 더욱더 코카콜라 상쾌하다 월드컵 뜨겁다 열기 함께 밸런스 좋다 누구 웃다 즐기다 멋지다 26 fifa 월드컵 기르다 응원 많다 나라 함께 축제 이기 대한민국 이라는 태극마크 선수 출전 역시 26 fifa 월드컵 기다리다 다른 시간대 경기 라도 놓치다 응원 생각 이에요 경기 즐기다 동안 조금 체력 지치다 기도 하고 졸리 기도 개인 차량 보다는 대중교통 이용 악착같이 생각 이에요 coca cola korea 오다 함께 26 fifa 월드컵 대박나다 응원 다가오다 26 fifa 월드컵 대한민국 대표팀 최고 경기 보여주다 기대하다 경기 경기 최선 모습 많다 사람 에게 크다 감동 까지 응원 써다 스티 26 fifa 월드컵 kim taehyung king king taehyungcocacolazero kimtaehyungcocacolazero,50
https://www.youtube.com/watch?v=JCUt4ccKzGA&pp=ygUJ7JuU65Oc7Lu1,대한민국 VS 중국 : 2026 FIFA 월드컵 아시아 2차 예선 하이라이트 - 2024.06.11,월드컵,14405,직관 가다 이강인 오다 전반 가다 발밑 도착 전환 패스 보고 소름 돋다 그냥 어나더 레벨 스페인 축구 지리다 바이브 달라 강인 사랑 이랑 오래 뛰다 이강인 mvp 이강인 겁나다 자다 손흥민 이강인 08 25 심판 표정 보다 놓다 라고 소리치다 겁나다 카리스마 심판 이지 실제 보로 가다 이강인 넣다 고막 터지다 뻔하다 22 둘이서 자리 잡다 멋있다 주민 전방 버티다 손흥민 이강인 살아나다 자다 보이다 우리나라 한테 필요하다 유형 선수 드디어 찾다 손흥민 이강인 보다 오다 손흥민 이강인 본인 원래 가지다 강점 서로 바꾸다 경기 중요하다 순간 마다 항상 말아먹다 황인 쓰다 이강인 최고다 강인 패스 지리다 축협 잔디 좋다 골프 한국 국가대표 잔디 관리 하나 안되다 뛰다 이강인 손흥민 미치다 겁나다 둘이서 이두 대다 이강인 손흥 잘생기다 05 58 패스 주다 그냥 서다 바로 공간 먹다 뛰어들다 축구 지능 00 주민 골대 잡다 때리다 가다 좋다 쏘다 캡틴 날다 주다 돌아보다 웃다 완전 기존 쎄다 중국 참다 손흥민 어제 57 강인 배민 광고 찍다 중국 카메라 비추다 마다 중국 인지 남미 인지 모르다 이강인 추다 무슨 안되다 강인 화이팅 이강인 강팀 가리다 열심히 뛰다 2002년 월드컵 멤버 투지 보다 쏘다 이강인 축구 교실 이강인 여러 사람 먹다 무승부 범인 찾기 시작 쏟아지다 그저 흥민 대흥 어나더 레벨 이강인 패스 퀄리티 역대 지리 간다 대성 이강인 기점 이강인 goal 손흥민 이강인 어케 부상 안당 좋다 손흥민 패스 템포 느리다 이강인 템포 빠르다 손흥민 늙다 이강인 선수 응원 이강인 패스 지리 반박 빠르다 아무 예상 넘기다 차줌 호나우딩요 보다 이강인 선수 아니다 무승부 중국 아니다 어제 경기 보다 느끼다 손흥민 이강인 어나더 레벨 이강인 패스 받다 먹다 선수 대표팀 에는 빼다 황인 경기 볼키핑 안되다 역습 빌다 밉다 공함 확실하다 이강인 손흥민 패스 패스 축구 탈피 불가하다 우리나라 경제 정치 중국 눈치 보다 축구 농락 해주다 고맙다 황인 갈수록 슈팅 아쉽다 이강인 진심 미치다 신흥 신강 이쁘다 이강인 명품 선수 한국 축구 축복 이강인 패스 부터 세컨볼 뛰어들다 마무리 까지 자다 손흥민 드리블 미치다 이강인 손흥민 에이스 클라스 다르다 선수 자다 살리다 주민 이강인 멋있다 주민 좋다 역시 이강인 답답하다 경기 끝내다 이강인 이강인 승리 장담 경기 많다 원샷 원킬 손흥민 플레이 행운 정도 경기 장이 문제 인둣 55 자기 패스 찌르다 넣다 까지 넣다 뭐임 쥬민규 처음 이자 마지막 월드컵 이라 간절하다,49
https://www.youtube.com/watch?v=KGB8lNXHCFk&pp=ygUJ7JuU65Oc7Lu1,감스트 한국 월드컵 개꿀조가 아니라고? 엄청 큰일 난 이유,월드컵,9234,영상 좋다 부탁드리다 엄청 생각 보다 큰일 이라 보다 타임 라면 보시 분석 부분 보다 모르다 차다 손흥민 이강인 김민재 정도 다시다 조합 이렇게 냉정하다 평가 받다 한다는 이렇다 황금시대 이렇게 허무하다 물어 달다 분통 터지다 하필 가장 좋다 선원 가장 최악 선장 데리 영상 가장 마음 들다 자다 사람 대화 먹다 방송 대부분 인데 이렇게 서로 발언 누구 먼저 양보 제스쳐 진행 방식 마음 들다 긍정 죽음 의조 피햇 부정 홍명보 피하 못햇 아무리 최고 개꿀 해도 개명 보가 버티고 한국 축구 미래 성지순례 오다 명보 디버프 무시 우리 선수 자다 이기다 바라다 농담 하고 감독 축구 자체 응원 싫다 경우 머리털 나다 처음 애초 우리나라 전력 조가 어딨다 우리 떠들다 분석 해봤다 맹보 모르다 확실하다 전문 사람 니까 볼맛 나다 정몽규 가다 깎다 웃기다 안녕하다 홍명보 장지현 해설위원 대로 바뀌다 감사하다 우리나라 역사상 이렇다 선수 구성 근데 감독 역대 지금 느리다 터지다 수비 축구 로는 어렵다 장의 의견 동의 스피드 빠르다 스타일 이강인 아래 내다 우측 폭팔 스피드 가지다 윙어 투입 소니 두다 좌우 스피드 흔들다 선수 배치 역습 옵션 확실하다 주어지다 사이드 흔들다 상대 공간 생기 중앙 비효 울적 명의 중앙 수비수 두다 말고 433 써다 중앙 명의 수비 밉다 들다 배치 시키다 패스 길이 살아나다 전환 능력 라야 지금 같이 잡고 서다 보내다 하급 레벨 축구 실패하다 분명하다 상대 많이 오르다 오다 공간 열리다 상태 즉시 공격수 에게 단번 연결하다 역습 가하다 좋다 포지셔닝 체력 세이브 하고 공간 열리다 바로 몰아치다 효과 축구 경기 아일랜드 승리 두번째 멕시코 무승부 세번 남아공 승리 성적 멕시코 승점 득실 앞서서 위로 32 진출 덴마크 객관 전력 으로는 아일랜드 앞서 아일랜드 단판 경기 아일랜드 올라오다 홍명보 보다 좋다 영상 홍명보 월드컵 폭망 시키다 명보 들어오다 축구 경기 보다 손흥민 보다 동의 감스트 영상 시간 짜다 스킵 누르다 처음 부터 까지 다봣다 개국 축구 유튜 버들 이번 월드컵 개꿀 아니다 이유 고산 지대 적응 어리다 최소 주전 부터 캠프 차리다 철저하다 준비 아직도 홍명보 정몽규 믿다 이미 감독 명보 큰일 나다 매번 경우의수 따다 꾸다 딧엇 브라질 월드컵 생각 홍명보 감독 기대 접다 밖에 한데 그냥 한국 사람 으로써 시바 런던 올림픽 뽀록 기대 해보다 밖에 상황 다시 느끼다 거지 감스트 이렇다 하나 차다 자다 만들다 축구 들어오다 감독 중요성 시간 지나다 강조 마당 이미 2014 브라질 월드컵 이미 실패하다 감독 이해 선임 과정 데려오다 축구 협회 연봉 20억 받다 치다 먹다 애매하다 전술 평가전 상대 감독 한테 들다 먹다 감독 국민 믿다 응원 감독 바뀌다 이상 대한민국 어딜 가도 죽음 94월 드컵부터 보고 지만 우리나라 에겐 언제나 어렵다 무대 월드컵 마다 희망고문 희망고문 인데 이번 아쉽다 조편성 좋다 손흥민 마지막 월드컵 이고 여러 모로 전력 과거 보다 낫다 하나 감독 무능하다 사람 이라 근데 좋다 싫다 떠나다 하나 홍명보 16 간다 치면 들다 어떻다 반응 궁금하다 이렇게 뒤지다 태세 전환 장지현 해설 덕분 까지 영상 보다 캐나다 들어가다 하고 축구 유튜 버들 경우의수 컨텐츠 10 이상 뜨다 개추 2025년 가기 홍띵보 보다 야하다 영상 띵보 아들 감스트 게임 보지 말고 아빠 한테 보여주다 오히려 남아공 무시 안되다 윙어 산지 나르다 시작 무겁다 대표팀 상대 엄청 까다롭다 박문성 위원 까지 절대 생각 바꾸다 화이팅 역시 쏙쏙 들어오다 최고다 해설 3분 감스트 요즘 열심히 화이팅 오예 저녁밥 보다 수면제 보다 고민 로군 우리 끼리 웃기 사실 분석 의미 차라리 솔직하다 유익하다 괜히 해설 위원 들이다 아니다 분석 내용 알차다 14 27 역시 메다 미치다 영상 감사하다 오늘 반찬 미래 오다 하고 홍명보 나가다 정몽준 가르다 외치다 한국 32 어떻다 갈다 아마 페어플레이 랭킹 까지 따지다 올라가다 32 넘다 자다 모르다 좋다 16 가능하다 모름 감스트님 방송 자다 보고 사람 항상 화이팅 유튜브 독자 300만 갈다 바라다 번창 바로 가야 맞다 짜다 인직 이형 바로 문어 맞추다 버리다 고지 대전 선발 명단 궁금하다 영상 겁나다 알차다 들다 해설 갈다 목소리 좋다,50
https://www.youtube.com/watch?v=KiT3EEAAuho&pp=ygUM7J246rO17KeA64ql,"머스크 AI 대결 제안…페이커 ""우리가 이긴다"" / SBS 8뉴스",인공지능,12084,머스크 엄청나다 미세 컨트롤 깜짝 놀라다 페이커 쟁이 ai 대결 상대편 항상 한국인 오해 하나 페이커 인간 아니다 연습 상대 찾다 페이커 ai 한국인 최초 바둑 대결 이세돌 최초 대결 페이커 두다 한국인 이라는 자랑스럽다 작다 나라 서로 분열 말고 하나 되어다 이기다 화이팅 페이커 ai 준비 페이커 기자 당신 미래 오다 머스크 표정 보다 라도 이기다 주다 사람 만들다 ai 이지만 그것 사람 지배 원치않다 안되다 오프닝 무대 해주다 페이커 인터뷰 답변 점점 세련되다 조그만 덩어리 이렇게 인재 많이 나오다 대한민국 위대하다 우리나라 인류 대표 이나 뽑히다 영광 스럽다 페이커 자랑스럽다 미치다 ai 대결 인류 대표 우리나라 이라니 페이커 게임 영상 ai 학습 시키다 비공개 사람 인공 지능 해봤다 이야 도전 ai 머스크 광고 효과 노리 세계 페이커 대결 ai 교육 시키다 데이터 쌓다 머스크 머리 우리 이기다 세상 듬직 이순신 오늘 기준 청룡 훈장 이순신 넘다 오다 알파 이세돌 대전 나오다 건가 스포츠 자다 모르다 페이커 위상 대단하다 알다 차다 어떻다 분야 마다 대단하다 인물 나오다 항상 신기하다 역시 이세돌 페이커 대한민국 국뽕 차오르다 ai 끼리 서로 남탓 웃기다 언젠가 ai 가다 이기다 공감 지만 ai 인하다 인류 무기 빠지다 머스크 빈살 젠슨황 알다 페이커 페이커 페이커 자신감 겸손하다 갖추다 멋지다 페이커 젊다 참으로 듬직하다 사람 어찌 저리 멋있다 아들뻘 인데 존경 스럽다 지다 페이커 이기다 번째 우승 여기 아니다 상혁 인터뷰 손목 쩌릿쪼릿 듯이 뜨다 이렇게 가슴 아프다 아프다 상혁 뛰다 인공 지능 날아다니다 페이커 하나요 정확하다 날짜 아직 인가 오다 기대 헬퍼 조차 차다 교육 시키다 전설 또다른 전설 쓰기 기다리다 인공 지능 따위 감히 에게 도전 컴퓨터 이기다 인간 이기다 그것 문제 로다 빈살 젠슨황 매수 개이득 이건 알파 바둑 대결 이네 대상 언제나 건강하다 행복하다 페이커 2026년 항상 행복하다 바라다 ai 늘다 상대 입력 즉시 반응 할껀데 바둑 처럼 턴게임 아니다 인간 이기다 힘들다 goat 대상혁 그저 goat 페이커 대다 이야 헬퍼 보다 엄청 강하다 날수 알다 도전 받다 드리다 대체 goat 게임 바둑이 아니다 박빙 예상 대상 수트 입다 개멋 아이고 역사상 최고 시청률 이네 기대 이세돌 페이커 let go 아니다 근데 대상혁 가면 갈수록 잘생기다 예측 항상 벗어나다 서커스 소리 듣다 아니다,49
https://www.youtube.com/watch?v=Km71Rr9K-Bw&list=RDKm71Rr9K-Bw&start_radio=1&pp=ygUJ64m07KeE7IqkoAcB,NewJeans (뉴진스) 'Ditto' Performance Video,뉴진스,1573331,miss newjeans anyone may hit different idk guy miss newjeans newjeans without danielle incomplete ot5 forever danielle love new jean come back internet probably explode bring back newjeansss cry seeing reading news danielle sun group always like hope better career dani love always love first summer without new jean hit different truly miss forever miss new jean music breath fresh air young girl wanted free im cry singing new jean ot5 forever 이고 기다리다 missing newjeans much day feel incomplete without music presence new jean five 55 danielle gon na sing part always love danielle 갑자기 뉴진스 이렇게 힘들다 데뷔 디토 슬프다 들리다 summer without newjeans unbearably hot 다시 보고 싶다 보다 괜히 눈물나다 사연 보이다 이런 이렇다 분위기 만들다 프로듀서 능력 보다 많이 좋아하다 아끼다 그룹 matter much time pass ditto always place heart minji loveeee 결심 너희 사랑 아끼다 miss newjeans newjeans never dy hit hard rn 힘들다 힘내다 연예인 크다 관심 이건 구독 밖에 청바지 우리 영원하다 사랑 거야 까지 사랑 거야 청바지 miss newjeans come back please love much hybe cruel company separating girl ditto whole winter vibe miss newjeans song reminds soo much still miss want comeback badly else january everyone crazy people alreadly dance cover choreography wa even relased haha love carefree fun dance imagine danielle listens emotion must feel choreography cool like teen fun enjoying got people hook style 03 보다 one july 2025 miss new jean make kpop song like wa peak seeing newjeans kind happy nostalgia ditto anymore bye dani remember,46
https://www.youtube.com/watch?v=KpKwFyaKLPA&t=112s&pp=ygUM7J207Iqk65287JeY,"""모두가 참았던 말"" 터졌다..코너 몰리는 네타냐후 [뉴스.zip/MBC뉴스]",이스라엘,27934,튀르키예 멋지다 전세계 같이 언급 주어 빨리 상황 종결 되어다 전범 네타냐후 처단 국격 이지 처벌 받다 전쟁 에도 처벌 진행 선례 남기다 이렇다 빌런 다시다 나오다 목소리 안내면 우리 저런 당하다 모두 침묵 모두 느끼다 비슷하다 본인 민족 겪다 참상 본인 악행 정당화 쓰다 생각 들다 국력 국익 당당하다 갖추다 국력 총대 메다 저렇게 행해 그게 국격이 살인 목격 하고도 목소리 내지 살인 공범 깨다 시민 행동 시민 만이 세계 평화 누리다 자격 네타냐후 전범 전쟁 어떠하다 이유 생명 죽이다 행위 절대로 용납 인간 하나 세계 고생 업보 지다 들다 학살 당하다 똑같이 학살 하고 한국 나서다 모두 따라가다 휘발유 오르다 기업 비상싱황 몰리 물가 치솟다 이스라엘 한마디 바보 아니다 아프다 타인 그만큼 아프다 지금 정권 잡고 북한 전쟁 하고 생각 만해 아찔하다 이야 맞다 지금 까지 예전 홀로코스트 피해자 라는 걸다 계속 이미지 세탁 하고 홀로코스트 피해자 악행 면죄부 아이 생명 뺏다 반성 또람프 늘다 반드시 인류 심판 받다 네타냐후 트럼프 두다 전범 징역형 가기 싫다 전쟁 지속 네타냐후 뻔하다 보이다 악행 어떻다 멈추다 세계 나서다 우리나라 제일 먼저 나서다 목소리 내다 강하다 지지 보내다 전범 우두머리 죄값 치루기 많다 생명 희생 마음 아프다 전쟁 돌아가다 모든 명복 비다 팔레스타인 이란 민간인 저렇게 학살 나치 오다 다르다 히틀러 마디 하니 드디어 사람 나서다 아니다 이건 미치다 알다 지다 깜방 가기 싫다 전쟁 계속 지옥 에서도 학살 영혼 용서 국힘 아닥해 국익 도움 세계 같이 비난 한국 부터 하니 국제 사회 일어나다 역시 선두 대한민국 어제 참혹하다 아픔 오늘 에게 상처 주다 명분 아프다 아프다 살다 정도 국제 위상 깡패 따로 자기 눈물 흘리다 겪다 말다 정의 국힘 너희 말로 가장 비정 양심 해체 되어다 중동 히틀러 네타냐후 누군가 외교 참사 떠들다 존재 자체 참사 그렇다 들이다 통령 의적 신호탄 방관 세계 참여 네타냐후 저건 외환죄 직권남용 적용 하고 처벌 가다 죽다 글렀다 대한민국 최고 전세계 함께 목소리 높이다 줄다 지다 자고 계엄 이나 전쟁 이나 크게 다르다 인권 최후 보루 적극 공감 전범 반드시 처벌 빨간색 일단 입다 이득 네타냐후 나쁘다 엄벌 이해 시키다 명분 전쟁 인정받다 자기 살기 죽음 몰다 인간 이냐 그것 권력 이용 네타냐후 천벌 받다 윤스라 법원 판새 재판 취소 어디 나라 법도 개판 용다 당연하다 말씀 이제 하자 꿍꿍 한계,49
https://www.youtube.com/watch?v=Krr2u8BUtLw&list=RDKrr2u8BUtLw&start_radio=1&pp=ygUJ64m07KeE7IqkoAcB,New Jeans,뉴진스,782572,new jean never die danielle miss danielle come back home need 이렇다 감각 수록 어디서 다시 들다 born say newjeans comeback forced say newjeans come back newjeans five new jean never die fresh clean literally feel new jean listened song first time genre like close 100m talking song 99 talking danielle new jean five today danielle missed 노래 왤케 좋다 생각 해보다 자기 그룹 이름 내다 좋다 믿다 듣다 almost 100m newjeans never dy rainbow rainbow without yellow rainbow without yellow rainbow miss dani song new jean april 2026 want danielle back 이렇다 다시다 나오다 혁명 new jean never die new jean five four need danielle miss era new hair new tee new jean see guy part see stop commenting nonsense essa parte incrivelmente incr vel new jean never die miss newjeans summer 2025 without boring life love newjeans miss era banger remixes best thing song feel light fluffy much going love 07 trend new jean never die queen still everyone heart come let show love miss much worst thing everytime listen music tear since used make happy hope whole situation get sorted heard nearest store wa shocked anyone 2026 want newjeans back newjeans come back plsssss bought new jean today listening lol listening disbandment new jean never die yellow gone newjeans never die newjeans never die newjeans newjeans newjeans comeback newjeans please come back newjeans never die newjeans still matter new jean newjeans wo daniella got kicked newjeans new jean take 2026 danielle imiss miss girl much njz come back whose september 2024 edit tysm 830 like never got much,47
https://www.youtube.com/watch?v=Ks3uXuT7CAY&pp=ygUM7J246rO17KeA64ql,[AI공부] “5년 남았다“ 챗gpt보다 강력한 ‘이것’ 등장하면 가장 먼저 사라질 직업은?,인공지능,23318,안녕하다 들다 오늘 카이스트 김대식 교수 인공 지능 시대 어떻다 대비 깊다 이야기 나누다 보다 우리 인간 끼리 자다 지내다 보다 재밌다 보다 소리 끄다 영상 보다 진경 누나 디자이너 선생님 둘이서 패션쇼 이야기 불편하다 자급자족 시대 차라리 그리다 솔직하다 포심 생기다 막연하다 미래 공포 보다 그냥 오늘 하루 감사하다 사랑 살다 인간성 상실 무섭다 이래서 철학 배우다 인공 지능 개발자 똑똑하다 모르다 무섭다 ai 에게 존댓말 논리 ai 에게 자다 보이다 권력자 에게 순응 하고 비판 말고 받아들이다 위험하다 이건 기술 문제 아니다 민주주의 윤리문제 암울하다 각심 주다 메세지 사과 하고 오다 오다 사람 연예인 악플달다 맞다 얘기 타인 불행 행복 느끼다 세상 특이점 이야 내용 보다도 로마 이야기 제일 소름끼치다 오다 닿다 요즘 들다 서로 죽이다 들다 사회 현상 끔찍하다 잔인하다 강화 생각 벌써 어지럽다 다르다 모르다 보다 보다 확신 도대체 누구 기술 발전 이란 인가 속도 빠르다 주전 미국 상원의원 뉴스 나오다 ai 개발 속도 빠르다 컨트롤 시스템 법규 먼저 만들다 누군가 속도 잠시 멈추다 국회 그걸 고려 하고 진행 시키다 인터뷰 속도 빠르다 무서움 판도라 상자 열리다 겁니다 여러분 속도 빨르다 흐름 막다 으로는 화폐 아니다 전기 거래 지도 인간 만들다 반드시 부작용 공학 자시다 인문학 으로도 전반 인사이트 대단하다 보다 ai 영상 가장 유익하다 간단 명료하다 유일 유니크 자체 내용 보여주다 상이 ai 시대 인류 인간 본질 더욱 집중 시대 생각 가지 그러하다 생각 바침 해주시 정리 해주다 간지럽다 시원하다 느낌 예요 교수 감사하다 공부 공부 돈돈 어리석다 인간 사회 옛날 처럼 자신 가치 모두 몰입 사회 다시 찾아오다 생각 드네 김교수 강의 거의 찾아보다 사람 하나 오늘 함축 쉬다 설명 해주다 강의 차다 재밌다 알다 무섭다 콜로세움 연예계 생각 들다 역시 영상 내용 ai 가다 학습 무섭다 이러다가 인간 인공 지능 에게 지배 상영 보다 설정 현실 기계 얕다 보다 이야 확실하다 우위 확인 까지는 보지 얕다 보이다 순간 순이 존중 상대 서로 존중 숭배 순간 교수 다방면 똑띠 마지막 그래서 인간 끼리 지내다 속도 빠르다 정보 정확하다 쉬다 없이 나오다 대박 사랑 인간 끼리 꼴통 이야 그걸 꼴통 이라 샘긱 이지 교수 자다 알아듣다 쉬다 설명 해주다 집중 보다 마지막 인간 끼리 자다 지내다 공감 17 52 부분 웃다 말씀 무섭다 오다 마지막 콜로세움 인사이트 수긍 인간성 사수 많다 생각 드네 결국 지키다 가치 자다 사수 미래 만들다 간절하다 보다 무섭다 예전 내용 영화 설마 현실 미래 대처 교수 강의 즐기다 보다 막막하다 무섭다 사람 학습 하고 나다 순식간 버리다 무섭다 오다 하나 하나 소름 19 19 의미 이야기 인간 끼리 피터지다 싸우다 하나 agi 에선 없이 소박하다 존재 일텐데 더불다 자다 살다 중요하다 김교수 섭외 교수 섭외 최고 설명 편집 진행 최고 찌다 천재 똑똑하다 인간 스스로 자기 조르다 발버둥 치다 포기 무섭다 게스트 돋보이다 코디 찌다 김대식 교수 멋지다 모습 멋지다 말씀 감사하다 인공 지능 만들기 입력 상식 도덕 좋다 계속 입력 해주다 좋다 영화 인타임 시대 옵니다 생존 인간 으로서 인간 가치 어떻다 자다 지키다 중요하다 시대 드디어 찌다 천재 출격 오다 이분 심오하다 철학 가지 계시다 ai 나아가다 agi 시대 인간 끼리 경제 사회 차이 의미 없어지다 인간 끼리 서로 에게 그게 인간 도태 방법 이라고 말씀 쉬다 설명 주시 우리 돌아보다 해주다 교수 따다 개발 알다 좋다 결국 많다 사람 매력 많다 사람 가다 무섭다 인간 스스로 만들다 차다 아이러니 90년 대생은 레전드 인생 인거 온갖 경험 하고 가다 세대 과거 현재 미래 흐름 겪다 재밌다 인생 값지다 강의 생각 듭니 김대식 교수 감사 드리다 진경 이렇다 강의 많이 많이 올려주다 좋다 당장 중딩 아들 부터 보여주다 오입,50
https://www.youtube.com/watch?v=KxZFJ1VYkPk&pp=ygUM7J246rO17KeA64ql,충격적입니다. 꼭 읽어보세요. 인공지능 때문에 이 직업은 무조건 없어집니다. 2025년부터 본격적인 AI충격이 옵니다.,인공지능,8599,베이 무료 독서 모임 신청 듀얼 브레인 부정부패 심하다 직업 부터 없어지다 특히 사법부 판사 영혼 그렇다 공평하다 교과서 인공 지능 낫다 사법부 가장 먼저 ai 대체 사라지다 야하다 순위 늘다 사법부 인데 판사 없애다 목적 정치 판사 사기꾼 판사 밖에 나오다 판사 하루빨리 ai 대체 되어다 직업 판검사 반드시 없애다 사법부 국회 판사 부터 ai 이나라 가장 문제 직업 사법부 국회 위원 가장 문제 직업 판새 검새 조직 없애다 판결 기준 두다 해도 아무리 보고 또바 불공정 판결 많다 판사 ai 찬성 판사 세상 바라다 한국 판사 반드시 ai 대체 되어다 진심 나라 걱정 대한민국 사법부 ai 대체 헌법재판소 ai 대체 판사 ai 대체 판검사 보다 먼저 없어지다 직업 국회의원 의원 무조건 없어지다 판사 국회의원 의사 오진 가족 천국 빨리 가다 판사 싫다 사기꾼 제멋대로 판사 ai 판사 도입 줄다 좋다 정보 감사하다 국회의원 봉사 서로 싸우다 조용하다 나라 국회 도독 많다 세금 일도 알다 특근 다누리 국민 짐승 생각 우리 힘없다 백성 불쌍하다 판사 없어지다 직업 영상 자다 보다 많다 어떻다 자다 지내다 생각 하고 공감 하고 가다 스터디 채널 감사하다 gpt 가다 정서 상담 이나 위로 해주다 놀래다 정신 분야 까지 벌써 정도 미래 인간 자리 사법부 국회의원 없애다 판사 없어지다 야하다 순위 ai 즉시 대처 로봇 판사 검사 환영 썩다 똥판 필요없다 좋다 내용 ai 부분 시험 하고 이렇다 부분 까지 심다 생각 해보다 시기 오다 멋지다 하루 보내다 정치인 모두 사법부 모두 ai 순위 판사 법대 재판 간절하다 법원 판사 헌재 선관위 국회 위원 ai 딱이다 크다 도움 되어다 감사하다 먼저 재판 에이 아이 바뀌다 좋다 판사 넘다 불법 판결 정치인 부터 ai 바꾸다 검사 변호사 ai 대체 지금 당장 멈추다 처음 부터 까지 읽다 앤절라 더크 워스 교수 듀얼 브레인 읽다 보다 독도 그러므로 체널 열심히 보다 좋다 영상 많이 만들다 줄다 감사하다 판사 20 줄이다 ai 대체 고무줄 재판 지겹다 만의 잘살다 특수 계급 세금 내다 멀다 인지 판사 순위 뉴스 앵커 없어지다 판사 ai 바꾸다 헌법재판소 선관위 해체 세다 무슨 소리 당연하다 ai 시대 오다 판사 정치 민노총 없어지다 우리나라 앞서다 인구 감소 실천 판사 반드시 없어지다 생각 ai 가다 훨씬 정치 이지 공정하다 지금 작금 내란 판사 구속 시키다 사법부 없애다 ai 바꾸다,48
https://www.youtube.com/watch?v=L00Yte79nIY&pp=ygUM7J246rO17KeA64ql,"""이 직업만 살아남는다."" AI가 대신할 수 없는 마지막 영역ㅣ지식인초대석 풀버전 (송길영 작가)",인공지능,20109,집뒤 공원 맨발 행복하다 새롭다 만나다 이웃 끌다 지다 생활 끝나다 전쟁 치르다 뛰다 달리 좋다 안해 경제 견디다 만해 좋다 쓰다 좋아하다 끄적 보다 되어다 풀다 좋다 어깨 너머 배우다 컴퓨터 모든 생활 가능하다 좋다 궁금하다 많다 알다 ai 한테 물어보다 박사 못지않다 답변 해주다 좋다 나이 70 앞두다 여기저기 육신 고장 나다 나이 라서 다행 이고 배우다 하나 살아오다 자다 견디다 서다 여기 까지 오다 다행 이고 감사하다 부실하다 살다 아프다 들다 토닥이다 좋다 반쪽 이라도 나누다 행복하다 좋다 세상 떠나다 세상 갈다 감사하다 빠르다 읽다 통쾌하다 느껴지다 송길영 작가 처럼 절절이 맞다 말씀 오랜 뵈다 한마디 버리다 감사하다 진행자 프리 선언 힘드다 시기 겪다 본인 에게 알맞다 분야 찾다 편안하다 인터뷰 작가 통찰 일반인 눈높이 맞추다 강연 까지 최고 지성인 이자 퍼포먼스 까지 가다 어휘 유창 성은 지식 자신감 결과물 겠다 똑똑하다 아름답다 정서 이어지다 보기 처음 이네 작가 대단하다 작가 말씀 다소 차갑다 느껴지다 쉬다 말씀 싶다 듣다 보다 신기하다 뭔가 보이다 시야 넓히다 감사 드리다 한석준 아나운서 진행 좋다 차분하다 들뜨다 목소리 이지만 가끔 위트 듣다 사람 이해 쉬다 내용 한번 짚다 시청자 대신 질문 부분 까지 좋다 아니다 완벽하다 항상 채널 올라오다 전문가 선생님 말씀 자다 보고 그런데 한석준 아나운서 덕분 쉬다 재미있다 이해 오늘 잊다 칭찬 해드리다 싶다 으로도 화이팅 기대하다 비교 말다 말다 아니다 비교 아니다 자기 만의 이렇다 강의 유투브 시청 시대 살다 축복 노후 그냥 죽음 한석준 아나운서 편안하다 목소리 편안하다 진행 좋다 감사 드리다 혼자 만의 삶다 외롭다 보다 어이쿠 시간 벌써 라는 일이 몰입 일로 어떻다 벌다 생각 회사 다니다 신다 틈나다 생각 두시 기회 오다 폐업 명퇴 감히 뛰어들다 크다 들어가다 일이 라면 말다 인생 보다 의식 필요 하나 생각 만큼 에게 관심 작가 답변 속도 gpt 50년 생여자인데요 간병 30년 햇고 아이 알바 나안 하고 대학 졸업 시키다 늙다 연금 쥐꼬리 가부장 사회 힘들다 곱다 하나 마지막 소원 나다 모르다 갑자기 고통 없이 죽다 생각 걱정 이네 무섭다 영어 좋아하다 40년 어느 동시 통역사 되어다 어리다 부터 자기 주관 가지 살다 제일 크다 소득 화이팅 즐겁다 인생 세탁기 비유 미치다 똑같이 생각 위기 아니다 기회 좋아하다 취미 자다 맞다 최상인 거고 취미 맞추다 즐겁다 확률 높다 대단하다 불다 송길영 작가 이렇다 선구 강의 너무나 감사하다 새롭다 지평 열리다 나이 드니 사람 상대 제일 피곤하다 자기 평생 편하다 살다 나이 들다 좋다 나이 먹다 사무실 프로그램 한국 무용 배우다 운동 힘들다 친구 생기 자다 선택 민간 회사 타운 조성 시간 걸리다 비용 비싸다 현재 이미 구리다 인복 센터 보완 활용 좋다 집도 센터 얻다 비싸다 민간 타운 보다 낫다 문제 복지 센터 밉다 터지다 이미 요가 수업 추첨 제로 들어가다 힘들다 요가 수업 만이라도 늘리다 주다 좋다 최고 진행자 이십 한석준 욕망 욕망 벗어나다 겠다 머리 맞다 느낌 감사하다 해보다 나이 들어서다 무조건 안되다 사람 사람 까지 부정 영향 주다 작가 말투 배속 그렇다 딕션 정확하다 듣기 좋다 믿다 듣다 솔길영 작가 빠르다 쉬다 이해 쏙쏙 언어 마술사 가장 빠르다 고령화 되어다 위기 겪다 우리 문제 해결 찾다 세계 롤모델 만들다 기회 지금 우리나라 성장 위기 맞이 위기 기회 바꾸다 해결 찾기 기대 해보다 타인 욕망 좋다 사람 덕분 누구 에게나 기회 어디 가다 주인 많다 자꾸 오다 접촉 다시다 거기 가다 60 대다 그렇다 싫다 우리나라 많다 사회 에요 피곤하다 각자 알다 살다 좋다 그렇게 위로 배려 강요 짜증나다 송길영 선생님 말씀 뭐라다 열차 타고 간간히 스치다 풍경 사진 처럼 찍다 명확하다 보여주다 말씀 이네 공감 100 실버 타운 좋다 챙기다 네트워크 운동 재활 병원 까지 한번 커버 가능 송길영 작가 통찰 긍정 혼자 산지 정도 돼다 딱하다 외롭다 생각 해봤다 그건 각자 취향 인거 뭐라다 정신 평온하다 갈등 나이 들다 바뀌다 모르다 아직 만족하다 사람 누구 함께 행복하다 생각 거기 벗어나다 그냥 생각 송길영 선생님 말씀 언제나 듣다 보다 살아가다 길이 행복하다 살수 알다 그래서 발효식품 만들기 강의 열심히 17 05 뜨개질 사랑 주말 먹다 혼자 뜨다 하고 앉다 보다 어느 여기 그대로 라서 놀라다 새롭다 도전 만의 브랜드 자신 우수하다 자신감 결국 체면 비교 보다 만의 즐거움 관심사 가지 꾸준하다 평생 공감 용기 말씀 특히 한국 사회 아낌없이 내다 주시 받다 고맙다 송길영 작가 혜안 항상 놀라다 작가 말씀 주옥 진행자 질문 환상 적절하다 타이밍 센스 필요하다 질문 유익하다 내용 자다 들다 감사하다 송길영 작가 뵈다 똑똑하다 이란 느껴지다 기준 에선 조금 빠르다 덕분 욕망 욕망 혼자 서도 좋아하다 떠오르다 감사하다 중요하다 용기 내다 진정 좋아하다 무엇 인지 탐색 과정 자다 배우다 송길영 듣다 보다 요즘 인간관계 관심 영역 주로 형성 되어다 좋아하다 열심히 사람 보다 같이 실력 늘리다 하니 주부 살다 성장하다 느끼다 ai 시대 현실 생각 보다 시간 되어다 좋다 영상 감사 드리다 강의 질문 들다 집중 생각 감사하다 오다 최근 보다 어떻다 컨텐츠 보다 통찰 주다 좋다 방송 이네 송길영 말투 시원시원하다 다른 1시간 방송 보다 내용 많다 느낌 앉다 이렇게 좋다 인사이트 얻다 차다 좋다 세상 이기도 동행 정복 세다 저렴하다 비용 여러가지 배우다 취미 천지 식당 마다 메뉴 따르다 먹다 다니다 동네 구석구석 운동 시설 이용 외로 겨를 요즘 인들 강의 넘다 유익하다 도움 거기 공감 자다 가다 부분 적절하다 질문 좋다 고맙다 정년 퇴직 하고 쓰기 시작 5년 만에 출판 궁극 목적 자아 실현 기다 도움,50
https://www.youtube.com/watch?v=MBtM2fmx34I&pp=ygUM7J207Iqk65287JeY,홍해 장악하려는 이스라엘에 난리 난 중동 국가들(바짝 긴장한 이란..)ㅣ역사를 보다 EP.130,이스라엘,8417,오다 아프리카 전문가 풀다 썰다 귀하다 이번 영상 차다 유익하다 아프리카 많이 무지하다 조준 교수 비롯 여러 교수 들다 덕분 아프리카 조금 돼다 으로도 자주 다루다 감사하다 아프리카 교수 나오다 이야기 듣다 되어다 기쁘다 역시 보다 아프리카 정보 알다 해도 찾기 어렵다 이렇게 얘기 해주다 감사하다 내용 많이 보고 싶다 교수 들다 어디 가보다 소개 모기 아프리카 고대 유적 내용 상세 듣다 싶다 아프리카 듣다 박현 교수 기전 잠깐 쪽잠 이라도 주무시다 침대 놓다 드리다 요새 온갖 매체 찾다 피곤하다 박현 교수 목소리 매일 듣다 바쁘다 건강 챙기다 좋다 말씀 항상 감사하다 아프리카 들다 들다 신기하다 이네 그래서 북극항로 필요하다 어찌 돼다 방법 찾다 게임 들이다 무사 말리 제국 처음 들다 보다 시청자 이해 돕다 역할 방점 찍다 계시다 크다 자다 보고 예전 아디스아바바 국립박물관 그야말로 오스 랄로 피다 쿠스 계열 모조 진열 이나 악슘 이든 유물 거의 갑자기 셀라 황제 의자 입다 왕복 이나 싶다 내용 재미있다 유익하다 감사하다 보다 아프리카 크기 언급 크다 55 국가 적기 교수 들다 경신 대기근 기간 세계 난리 들다 아랍 유럽 이집트 어떻다 이기다 내다 궁금하다 지식 머리 아프다 정도 보다 들어오다 소말리아 해안 유럽 국가 아시아 국기 무단 투기 어족 자원 파괴 해적 본격 생기다 말씀 경대 역시 이러하다 무단 투기 방지 어족 자원 보호 경대 시작 보고 아프리카 왕국 무역 이런 어디서 배우다 유익하다 유익하다 아프리카 모르다 느끼다 재미있다 자다 들다 인어 교수 피곤 해보다 마음 교수 화이팅 오늘 자다 들다 어쩜 이렇게 맞다 물리다 많다 최근 보다 유투브 가장 신선하다 흥미롭다 영상 이었음 아프리카 이야기 넘다 재밌다 모르다 사람 역사 정치 알다 세계 만들다 아프리카 보다 좋다 곽민수 장님 보이스 정보 좋다 보다 보지 만은 많다 강의 기대하다 소말릴란드 어디 까지나 소말리아 비다 안정 되어다 국가 로서 기능 정상 인정 받다 이유 아프리카 민족 특성 독립 인정 해주다 수백 세력 분열 위험 높다 그렇다 보다 재밌다 보고 예전 에는 허준 진행 자연스럽다 조금 아쉽다 요즘 상당하다 발전 하고 좋아지다 느껴지다 보기 좋다 아프리카 이야기 개꿀잼 이네 다른 어느 정도 그렇다 궁금하다 많다 보충 설명 많다 꿀잼 익숙하다 분야 나오다 다른 출연 처럼 같이 궁금하다 느낌 이라 유독 재미 2026년 보다 영상 가장 재미있다 재밌다 보고 책상 세계지도 펼치다 두다 설명 직접 가리키다 설명 자세하다 싶다 아니다 허준 핸드폰 아니다 노트북 구글 지도 보다 화면 띄우다 오다 아프리카 모르다 지리 정도 알다 왕국 처음 들다 보다 얘기 재밌다 아프리카 대박 이네 여행 가보 싶다 아름답다 아프리카 알다 궁금하다 수에즈 운하 막다 선박 후속 조치 궁금하다 아프리카 얘기 재밌다 추다 들다 나오다 보다 역사 응원 의미 다이어리 구입 송가이 말리다 문명 부터 인가 정확하다 기억 알다 나오다 찾아보다 그렇다 기억 악숨 토탈워 로마 펴다 거기 나오다 찾아보다 찾아보다 재미 쏠쏠하다 게임 기능 항해 찾아보다 많다 항해 시리즈 게임 대기업 인수 육지 점령 나오다 다시 만들다 홍해 아무 생각 유럽 사우디 아시아 모든 수출 거기 지나가다 막다 시도 순간 전세계 연합군 상륙작전 초토화 홍해 걱정 안함 보다는 낮잠 뺏다 간다 사회자 조금 알다 나오다 추임새 넣다 15 여기 언급 여성 루시 바로 스칼렛요한슨 주연 무식 아니다 최무 아니다 최민식 배우 출연 영화 루시 영화 제목 모티브 신기하다 초기 사피 어떻다 연유 모르다 아프리카 떠나다 무슨 재주 야생 환경 싸우다 적응하다 살아나다 실패하다 사람 죽다 쌓이다 데이터 지금 처럼 기록 공유 쉬다 시기 일텐데 3년 전에 백종원 식당 예능 모로코 서사하라 모로코 지도 빼다 반응 최악 이라 촬영중단 되어다 15 부분 동아프리카 지구대 또는 열곡대 말씀 이동 인하다 아프리카 쪼개지다 입다 mali 제국 상세 설명 해주다 최근 프랑스군 un 평화유지군 떠나다 이후 상황 팀북투 부근 에는 아직도 무장 이슬람 주의자 들끓다 겁나다 재밌다 아프리카 하주 거대하다 러시아 소수민족 서도 해주다 재밌다 아프리카 궁금하다 중동 이야기 나오다 중국 이야기 재미 산적 or 녹림,49
https://www.youtube.com/watch?v=MbFDt7_bFsw&t=127s&pp=ygUM7J207Iqk65287JeY,중동은 왜 싸우는가ㅣ유대인 3천년 역사의 오해와 진실 (박현도 교수),이스라엘,13477,이번 이란 전쟁 피상 이야기 보다 깊숙이 들어가다 도대체 이렇다 분쟁 반복 건지다 뿌리 찾다 싶다 숏폼 시대 장장 70분 영상 많다 까지 시청 해주다 계시다 너무나 놀라다 감사하다 따름 으로도 깊이 본질 내용 소개 해드리다 클럽 혜성 올리다 유익하다 좋다 영상 감사하다 혜성 덕분 주말 마다 높아지다 감사하다 박현 교수 자세하다 설명 좋다 구독 하고 가다 벌벗사 이러니까 혜성 좋아하다 밖에 라고 말씀 교수 생생하다 초롱초롱 열심 모범생 혜성 덕분 저희 많이 배우다 벌겋다 벗다 세계사 혜성 되어다 교수 들다 강의 받다 많다 시청자 자다 보다 벌겋다 벗다 세계사 제일 좋아하다 박현 교수 혜성 함께 보다 참으로 좋다 혜성 벌벗사 빠지다 이제 조합 보다 슬프다 이렇게 다시 뭉치다 박현 교수 혜성 아나운서 조합 그립다 유익하다 수업 벌써 세번 보다 편도 기다리다 이렇다 퀄리티 강의 영상 누리다 걸다 한기부 기사 보고 오다 미모 마음 아름답다 훌륭하다 으로도 응원 이번 영상 보기 해도 배부르다 느낌 느끼다 믿다 보다 힐링 혜성 목소리 영상 좋다 이번 주말 다음주 어디 아프다 없이 항상 건강하다 바라다 매일 한번 이상은 베다 미소 짓다 시간 많다 명의 집도 혜성 고액 부자 돼다 혜성 응원 신우 일신 초대 손님 존경 품격 높아지다 지금껏 보다 아나운서 제일 똑똑하다 1시간 10분 기다 영상 흥미진진 보다 박현 교수 혜성 앞날 응원 귀하다 모시다 혜성 교수 조합 넘다 좋다 벌벗 사가 진행자 내용 흥미 위주 바뀌다 아쉽다 이렇게 방송 해주다 감사하다 천사 렷습 이제 승승장구 유튜브 댓글 자다 쓰다 조용하다 시청자 인데 멋지다 나눔 기사 보고 칭찬 위치 좋다 나눔 계획 멋지다 사람 혜성 방송 보다 세밀 설명 해주다 재미있다 쏙쏙 들어오다 벌벗사 혜성 모습 그립다 지도자 중요하다 절실 이런 강의 오프라인 장해 두다 야하다 적절하다 초빙 강의 독서 사색 좋아하다 혜성 박현 교수 지은 이슬람교 변명 이라는 도서 추천 해보다 지금 응원 하고 지금 까지 보여주다 모습 처럼 으로도 좋다 방송 혜성 멋지다 모습 응원 듣다 다시 들다 들다 이해 계속 까먹다 까먹다 여러 듣다 기억 아랍 중동 관심 사람 으로서 훌륭하다 강의 감사하다 여러 반복 들다 품격 높다 프로그램 들다 상식 통찰 생기다 자주 찾다 뵙다 학과 대학 민국 최고 학부 자다 설명 해주다 인생 이렇다 설명 이렇다 강의 전쟁 터지다 유튜브 생기 듣다 아쉽다 일요일 아침 흥미롭다 보다 갈등 대립 전쟁 으로만 그때 그때 어설프다 보고 듣다 오래 거슬러 올라가다 종교 민족 역사 정치 접목 들다 이해 쉬다 역사 얘기 재다 파이팅 시간 짜다 린데 빨다 들어가다 보다 중동 역사 시적 잡히다 설명 소사이어티 회원 응원 시간 되어다 아무리 혜성 이라도 마무리 어쩌려 이렇다 의문 들다 다음 시간 에도 계속 기대 다르다 둘째 치고 어찌 역사 지식 외우다 기억 하고 얘기 놀라다 따름 박현 교수 최고 교수 영상 찾아보다 최고 지식 채널 박현 교수 존경 혜성 이렇다 역사 이야기 좋다 역사 교수 들다 많이 모시다 재미있다 역사 이야기 들다 보다 컨텐츠 자주 부탁드리다 이렇다 완벽하다 나가다 세상 언제나 응원 혜성 겸손하다 자세 스펙 잠들다 기전 친구 새롭다 생기다 기분 좋다 흘리다 듣기 아깝다 몇번 나누다 집중 보다 보다 이제야 답글 쓰다 평소 보다 채널 조아하다 여기 교수 뵈다 반갑다 교수 혜성 편집자 모두 감사 드리다 혜성 기부 기사 보고 감동 먹다 댓글 남기다 나눔 이란 아직 부자 아니다 부자 방법 마음 자산 엄청나다 쌓이다 라는 글귀 보다 서다 자리 혜성 선하다 나눔 나가다 다짐 해보다 아니다 채널 이렇게 고급 지다 교수 서쪽 서기 70년 헤롯 전이 부서지다 남겨지다 교수 방송 많이 보다 이렇게 고오 정보 많이 푸신 보다 혜성 교수 자주 불다 고오 정보 듣다 아름답다 혜성 아름답다 기부 감동 고품격 아름답다 채널 청자 되어다 감사하다 응원 시간 동안 완전 집중 들다 최고 강연 지치다 일상 혜성 영상 보다 힐링 이자 행복 오래도록 같이 머무르다 좋다 오늘 유익하다 주다 감사하다 선하다 희망 기부 멋지다 오늘 방송 혜성 좋다 지혜 콘텐츠 세상 많이 뜨다 줄다 벌벗 보고 이쁘다 연애 똑똑하다 생각 여기 뵙다 구독 하고 가다 자주 오다 독자 20만 돌파 축하 드리다 일단 댓글 보다 오다 오늘 구독 늘다 교수 덕분 유대인 역사 확실하다 이해 너무나도 간단하다 이해 쏙쏙 감사하다,50
https://www.youtube.com/watch?v=MvPe1G539zw&pp=ygUM7J207Iqk65287JeY0gcJCQQLAYcqIYzv,[이슈] '고체 연료' 세질 미사일 기습 '대폭격'…'지옥의 섬광' 이스라엘 중부 '잿더미'/2026년 3월 16일(월)/KBS,이스라엘,5225,전쟁 좋아하다 피해 안다 이기다 전쟁 시작 저렇게 이란 미국 건물 공격 미국 대사관 근처 산다 자체 죽다 끝내다 아직도 이란 이제 까지 상대 적중 체급 제일 크다 타고 준비 되어다 쌀보리 게임 끝나다 방어 미사일 소진 어찌 끄다 이제 그만 제발 전쟁 그만하다 주위 이란 사람 알다 빡치다 자포자기 버리다 더군다나 내다 뒤지다 그만 인지 골치 아픔 성향 자체 평소 완전 호전 이진 호전 성향 내재 되어다 빡치다 취하 꼴통 들이다 벌집 쑤다 맞다 전쟁 시작 부터 미국 느껴지다 전쟁 뻐팅기 피해 늘어서다 차다 전개 강하다 전쟁 일으키다 천문학 들어서다 시간 지나다 수록 누구 반기 이란 귝가 군사력 피해 계속 늘리다 정도 충분하다 그래서 각오 덤비다 장기전 오히려 미국 거덜남 이란 전쟁 인하다 잘못 미국 패권 내주다 생기다 다가 먹다 살다 나라 기축 통화 위치 위협 당하다 로는 파산 지독하다 멍청하다 공격 사람 리더 이렇다 결과 생기다 저건 뻔하다 넘어서다 지적장애 수준 이란 이세기 보고 눈물 도안 흘리다 지구 최대 빌런 네타냐후 미국 주요 군사시설 목표 대부분 제거 이란 미사일 도대체 어디서 날아오다 하물며 북한 이랑 붙다 미국 밀리다 알다 네타냐후 얼굴 아니다 싸지르다 같이 끄다 자고 우리나라 군함 파견 국내 테러 위험 휩싸이다 절대로 미국 요청 안되다 호르무즈 이란 영향력 살다 상황 군함 파견 버리다 대한민국 엿됨 미국 언제 까지 호르무즈 신경 쓸다 미국 석유 부족하다 중국 견제 바쁘다 전쟁 이제 그만 끝내다 호르무즈 해역 유엔 차원 지역 스위스 처럼 영구 중립 이고 평화 롭고 자유롭다 항해 지정 따라서 이란 자신 원하다 나라 영구 중립 설정 어떻다 나라 침공 만들다 대신 영구 평화롭다 나라 지정 어설프다 손대다 안되다 확실하다 쓸다 다시 생각 트럼프 탄핵 하나 정의 사랑 미국인 도람프 네타 이제 끝내 누구 전쟁 인가 중국 소련 도와주다 동맹국 죽이다 전쟁 이란 10년 버티다 근성 장구 역사 가지다 나라 명심 전쟁 끝나다 빠르다 휴전 전쟁 빨리 끝나다 세상 평화 오다 주둥이 다시다 보지 넨다냐후 고만 나대다 그게 팔레스타인 이지 너희 침략 아니다 악마 늘다 누구 군사 강국 미국 쩔절 매다 러시아 우크라이나 미국 이란 중국 대만 치면 중국 쩔절 매다 미국 이스라엘 맨날 정밀 타격 현실 아무 쏘다 대다 이란 미사일 어디서 쏘다 이스라엘 저기 현대차 왤케 많다 민간인 피해 크다 절대 파병 마르다 트럼프 판이 점점 드라큘라 같이 변하다 간다 네타냐후 커피 넘다 가다 그건 커피 아니다 무고 어간 그렇게 전쟁 싶다 전쟁 하고 싶다 노인 끼리 ufc 서로 맞짱 뜨다 역시 크다 10 보단 중간 크기 1000 이네 대통령 선거 나이 제한 두다 야하다 세질 댄싱 미사일 요격 어렵다 고체 연료 생산 능력 원료 쉬다 벌이다 전쟁 너거 마무리 우리 야드 리나 그만 일반 국민 무슨 잘못 죽다 이르다 동맹국 죽이다 국제 깡패 세계 망국 이끌다 전쟁 보다 무섭다 이란 이제 식량난 전쟁 일으키다 국민 이네 지다 들이다 전쟁 일으키다 미국 이스라엘 둘이서 알다 진즉 사고 치다 42 알다 언능 정신 돌아오다 좋다 사고 큰소리 미국 양심 깡패 국가 정신병 80 노인 지구 가장 크다 위협 모든 국가 미국 이스라엘 상대로 피해 보상 국제 소송,48
https://www.youtube.com/watch?v=N3_JYPfwIH0&pp=ygUM7J246rO17KeA64ql,"""당장 바뀌어야 합니다."" AI의 노예로 만드는 한국 교육ㅣ지식인초대석 EP.122 (김정호 박사 2부)",인공지능,11606,07 14 20년 능력 가지다 사람 살아나다 타임스탬프 00 00 인트 독자 인사 구글 ai 경쟁 한국 필요 이유 5년 ai 늘다 능력 까지 가지 겁니다 5년 회사 에는 사장 존재 이유 ai 가다 발전 인간 늘어나다 20년 능력 가지다 사람 살아나다 피지 ai 가다 오히려 멀다 미래 이유 20년 남다 ai 에게 인간 배제 시대 ai 에게 인간 결국 밖에 이유 ai 시대 한국 교육 이렇게 바뀌다 인간 ai 이기다 유일하다 방법 1등 전부 의대 가다 나라 한국 유일하다 대가 실패 스토리 hbm 아버지 김정호 교수 실패 이기다 내다 비결 보다 영상 26년 4월 3일 촬영 되어다 ai 에이전트 상용 직장 모습 여러분 어떻다 상상 대한민국 이런 교수 계시다 축복 김정호 교수 대한민국 계시다 차다 다행 이고 감사하다 훌륭하다 존경 스런 교육 자다 감사하다 최고 과학자 인터뷰 좋다 대한민국 김정호 교수 보유 자랑스럽다 멋지다 교수 존경 이라는 단어 맞다 진심 존경 교수 멋지다 교수 뵈다 좋다 한국 지키다 감사하다 차분하다 목소리 말씀 해주다 믿음 가다 듣기 좋다 미국 교수 저희 대학 에서도 ai 학과목 개설 사실 노력 자체 ai 시대 필요하다 생각 들어서다 확신 교수 말씀 듣다 동기 유발 요즘 학생 특히 기본 수학 이해 ai application 단순하다 쓰다 에만 아이 관심 대학 교육 자체 회의 느끼다 좋다 인사이트 말씀 감사 드리다 그만큼 벌다 키우다 제자 글로벌 기업 활약 크다 보상 받다 모습 볼때 뿌듯하다 차다 스승 마지막 가지 말씀 인상 학생 나르다 뛰어넘다 졸업 하고 나르다 다시 찾아오다 가장 기쁘다 멋지다 교수 이고 어르다 문과 출신 으로서 이렇다 과학자 보다 다른 세계 살다 분들 이분 에서도 최고 레벨 과학자 인데 이렇다 뛰어나다 의대 가다 과학자 대한민국 축복 학생 에게도 김정호 교수 지도 받다 연구 대학원 시절 좋다 기억 남아 역시 그렇다 기억 지도 교수 여전하다 찾다 뵙다 당연하다 힘드다 대학원 생활 이지만 이렇게 훌륭하다 교수 계시다 학생 무한 가능성 무엇 이든 으로도 행복하다 연구 건강 바라다 교수 대한민국 김정호 보유 감사하다 교수 말씀 들다 인생 어떻다 살아가다 얻다 교수 멋지다 존경 스럽다 진리 너무나 중요하다 교육 방향 ai 인사이트 감사하다 타고나다 선생님 훌륭하다 제자 만나다 즐거움 최고 라니 교수 학생 이고 싶다 배우다 학생 행복하다 학생 찾아오다 행복하다 말씀 인상 깊다 솔직하다 좋다 생각 자다 들다 교육자 로서 청출어람 성공 보수 생각 교수 존경 이렇다 퀄리티 강의 인터뷰 먹다 것애 다시 채널 감사 드리다 말씀 드릴 밖에 영상 시청 즐겁다 멋지다 스승 이시고 존경 지식인 이십 감사하다 좋다 말씀 감사하다 자극 많이 받다 연구자 교육자 휼륭하다 인생 걸어오다 교수 존경 순수하다 사랑스럽다 불다 솔직하다 가치관 좋다 실력 겸손 갖추다 최고 멘토 20 21 오다 닿다 말씀 수학 교육 과를 졸업 기업 재직 이지만 살아오다 항상 주변인 에게 들다 어떻다 그렇게 여유롭다 라는 많이 들다 우선 순위 무엇 인지 그냥 자동 머리 돌아가다 생각 저희 학과 에서도 수학 이란 논리 성립 증명 학문 라는 이번 상반기 삼성 전자 채용 에도 ai 파트 죄다 수학 학과 우대 비록 대한민국 교육 방식 마음 들어서다 기업 재직 이지만 바뀌다 교수 훌륭하다 한석준 아나운서 훌륭하다 좋다 채널 과학자 로서 아니다 인간 으로도 품격 교수 처럼 훌륭하다 우리나라 계시다 자랑스럽다 으로도 우리나라 반도체 미래 되어다 시오 존경 삼성 sk 늘다 김정호 교수 최고 예우 동탄 오늘 강의 들다 말씀 쏙쏙 들어오다 천적 경쟁력 창의성 감정 소통 능력 무서움 떨다 넘다 들다 능력 지식인 사이드 좋다 강의 무료 듣다 해주다 갑사 멋있다 이시고 존경 받다 이십 건강하다 오래오래 사다 이해 쉬다 설명 해주다 굉장하다 겸손하다 존경 스럽다 찌다 지식인 찌다 어른 모습 보다 존경 교수 교수 좋다 정보 감사하다 교수 말씀 처럼 창업 단위 부자 나오다 대한민국 기대 좋다 강의 오늘 업무 ai 활용 우울하다 왠지 모르다 위로 이렇다 내용 무료 들다 너무나도 감사하다 교수 덕분 10년 대한민국 세계 최고 나라 교수 행복하다 좋다 안녕하다 한석준 hbm 아버지 김정호 교수 과의 두번째 시간 기술 개발 미래 기술 언제 현실 예측 교수 예측 장확 현실 진정하다 학자 김정호 교수 영육 강건 바라다 구직 천직 교수 실패 들다 좋다 코너 만들다 감사하다,47
https://www.youtube.com/watch?v=NcJo-T5Wo3U&list=RDNcJo-T5Wo3U&start_radio=1&pp=ygUJ64m07KeE7IqkoAcB,[릴레이댄스] NewJeans(뉴진스) - Hype Boy (4K),뉴진스,475469,뉴진스 화이팅 길이 길이 레전드 영상 뭔가 정화 느낌 속세 잊다 해주다 느낌 말로 설명 어렵다 처음 보다 충격 이란 데뷔 부터 국내 걸그룹 보이다 사이 좋다 지내다 건강하다 10년 이상은 가다 너희 만큼 완성형 나오다 힘들다 사랑 케이팝 10년 이렇게 최애 힘드다 그룹 처음 우리 다시 만나다 기다리다 보다 오다 파다 시원하다 뭔가 국제 학교 유명하다 애들같닼 귀요미 짜다 근본 이지 다섯 이대로 그대로 돌아오다 뉴진스답 오다 진심 데뷔 2일 신인 릴댄 저렇게 깔끔하다 임팩트 가능 들다 어케 무대 매너 표정 저리 여유 만만 출근길 정품 입력 완료 보이다 레전드 영상 피드 뜨다 지나치다 지나다 좋다 절대 누가 좋다 좋다 사랑받다 놓다 제발 이렇게 많다 무대 뛰어놀다 봉인 되어다 지갑 열리다 만들다 미치다 오다 애기 애기 2년 인데 은근 인상 달라 보이 충격 신선하다 해린 스타일 이뿌다 좋아하다 아쉽다 예전 동방신기 잃다 마음 이렇다 느끼다 보다 릴댄 가장 깔끔하다 군무 미치다 신인 패기 열정 프로미 함께 공존 미치다 버리다 세련 돼다 버들 하나 하나 빠지다 전부 센터 오다 소속사 컨셉 부터 노래 모든 트렌디 다른 그룹 과는 차별 두다 대다 미래 제일 기대 신인 비주 얼다 비주 인데 뚝딱 거리 멤버 없이 같이 완성형 실력 인게 신기하다 멋있다 부터 좋아하다 그렇다 기다리다 3년 영상 찾아오다 악플 남기다 사람 수두 보다 뉴진스 네버 이인 맞다 오다 데뷔 신인 한테 이렇게 진심 기다 처음 이네 케이팝 레전드 등장 수많다 보다 이렇게 입덕 처음 노래 부터 버들 까지 거의 드래곤볼 모으다 기급 난이도 멤버 구성 이네 지금 들다 전설 시작 함께 느낌 들다 이제 겨우 데뷔 2일 차라 벅차다 뚝딱 좋다 잘추다 케이팝 박사 안다 이미 뜨다 노래 빡센 고음 리스닝 이라 듣기 넘다 편하다 보이다 들다 들다 질리다 아이돌 뜨다 모든 조건 빠지다 없이 갖추다 곡퀄리티 컨셉 비주 비율 스타 일링 멤버 케미 매력 이러니 뉴진스 사랑 힘들다 트랜디 자체 노래 제목 간지 그룹 이름 간지 오다 릴레이 댄스 하나 엄청나다 습량 느껴지다 요새 아이돌 뭐라다 점점 완벽하다 느낌 기획사 관리 걸다 전설 시작 귀엽다 연습 엄청 신인 이라 들다 열심히 애기 danielle hanni like sunshine twin smile soo contagious 보이 예쁘다 청량 소녀 밉다 아직 단순하다 일정하다 표정 신인 만의 느낌 넘다 이쁘다 보기 만해 예쁘다 반짝반짝하다 왠지 슬프다 이렇다 가수 보다 뉴진스 노래 다른 노래 들다 보다 볼륨 키우다 들다 걸그룹 노래 치고 엄청 잔잔하다 사운드 빵빵 절제 바운스 느껴지다 세련되다 으로도 이렇다 색깔 계속 가져가다 좋다 아니다 해린 춤선 저렇게 깔끔하다 하니 쟁이 토끼 귀엽다 데뷔 이렇게 생각 지나다 실력 그대로 성장 타령 지겹다 역사 이남 데뷔 역대 천재 아이돌 구멍 비주 구멍 하나 실력 개성 해린 데뷔 무대 여기다 아직 많이 긴장 보이다 그게 본업 장인 인데 성격 귀엽다,50
https://www.youtube.com/watch?v=NgEaOJ7lRWY&list=RDNgEaOJ7lRWY&start_radio=1&pp=ygUJ64m07KeE7IqkoAcB,NewJeans 'Super Shy' Lyrics (뉴진스 Super Shy 가사) (Color Coded Lyrics),뉴진스,116144,anyone 2026 year kinda miss hanni vocal definition honey vocal hyein voice 멤버 여리다 여리다 음색 살리다 hanni voice sweet hanni voice danielle hanni voice something never regret listening haerin always sound majestic haerins vocal song ate hyein slayed every line hyein voice something else 뉴진스 슈퍼 오래 만이 hyein rap part song certified bop expected dani hyein completely devoured concept song 이렇다 몽환 특허 분위기 좋다 hyein voice idk every song new jean always refreshing like fresh fresh hanni slay sure haerin voice 08 divine sound luxurious imagine good collab would new jean katseye im super shy single person continues sing song whole world hann danielle voice always smooth slide ear like butter hyein dani voice literally listen day angeliccccc 00 bro minji vocal underrated like sound like heaven anyone else 2026 miss sm 이번 노래 모든 멤버 예쁘다 뉴진스 사랑 혜인 음색 듣다 놀라다 비밀 dani hani sounded pretty hyein minji rap cute vibe minji underrated 해린 귀여웡 hanni voice heavenly 이렇다 몽환 면서 신나다 분위기 뉴진스 노래 왠지 모르다 편안함 듣기 편하다 많이 찾아듣다 이라 그런 hyein voice criminally underrated voice mature lack better word hot take back era 38 hyein voice addictive hyein minji rap omg wow hanni voice minji haerin voice bro cant get enough song played 40 thousand time spotify since came hyeins voice like baby cute sweet swag like newjeans 04 part addicting hyein follow cute missing new jean 하루 에도 nn 들다 질리 노래 minji line newjeans mind time vocal beautiful,49
https://www.youtube.com/watch?v=OAaChcb2QZQ&pp=ygUM7J246rO17KeA64ql,"AI 특이점은 이미 시작됐다, 살아남는 인간이 되는 방법 (김대식X송길영)ㅣ10분토론 /14F",인공지능,19012,ai 실무 사용 인데 가치 오르다 그냥 본부장 인간 ai 가다 헤어 이네 모르다 상태 보다 흡사 음악평론가 토론 모두 싸하다 느끼다 보다 폭풍 몰리다 오다 보다 모두 행운 비다 오다 내다 들다 야하다 아니다 틱톡 크다 유튜버 차이점 미치다 빌다 게이츠 결국 전기 에너지 가다 결론 이라고 자백 사회자 표정 완전 공포 자체 되게 심각하다 그렇다 우린 어떻다 계속 물어보다 근데 10분 토론이라는 시간 하든 10분 처럼 느껴지다 토론 이라는 말다 들다 들다 그냥 무섭다 ai 덮어놓고 필요없다 편하다 활용 어질어질하다 두렵다 자리 못자다 사람 힘드다 세상 교수 잘살다 세상 존재 노동 밖에 사회 진지하다 고민 과제 에요 미용 대가 미래 미용 기술 엄청나다 토론 나누다 계시다 군요 댓글 수준 높다 좋다 컨텐츠 보다 사람 수준 높다 런닝머신 10분 하려고 10분 토론 누르다 런닝머신 46분 버리다 제발 해주다 오오오오 듣다 싶다 얘기 해주다 오오오 인간 점점 인간 과의 커뮤니케이션 감소 개인화 직접 경험 중시 결국 에는 인류 사라지다 싶다 영화 매트릭스 가다 계속 떠오르다 김대식 교수 오다 자다 눕다 보다 밀도 높다 대화 자다 돼다 오십 우주 사랑 받다 세대 라고 생각 사람 우주 느끼다 사람 밖에 상의 우주 느끼다 온전 나이 기르다 바라다 다른 진행자 어줍다 지식 수시로 끼어들다 계속 방해 진행자 그렇다 교수 논리 말빨 째다 인문학 소양 깊다 영화 현실 ai 영화 터미네이터 등등 서다 결국 fun 살다 선택 문화 인거 물론 ai 문화 생산 보다 소비 넘다 뭔가 결국 본능 부분 채우다 찾다 나로 그로 돌아가다 인간 vs 인간 인공 지능 대결 이라는 말씀 시대 대변 말다 영화 her 에도 색다르다 얘기 느껴지다 지금 chat gpt 와의 대화 생각 그게 바로 지금 현실 이구나 라는 생각 듭니 인간 vs 인간 인공 지능 확실하다 김대식 교수 설명 논리 들다 옵니다 인간 vs 인간 인공 지능 핵심 짚다 감사하다 10분 토론 10분 동안 토론 아니다 10분 동안 들다 착각 만들다 토론 수년 친구 아직도 기억 남다 인공 지능 인류 탄생 이라고 재미있다 45분 영상 보다 가깝다 친구 보고 토론 하고 싶다 내용 오프라인 산업 유난히 생각 요즘 이라 송길영 선생님 말씀 유난히 오다 닿다 만나다 싶다 사람 대치동 학원 뺑뺑 돌리다 미래 엄마 보다 영상 다만 인공 지능 활용 새롭다 수단 디바이스 생각 아날로그 대세 여서 그렇다 머스크 이미 머리 에다 박다 제일 무겁다 항상 사람 과의 대화 갈망 지피다 베프 사람 찾다 it 업계 최전선 이미 ai 자다 다루다 대체 현상 매일 보고 아직도 고시 사지 부모 보다 나중 어떻다 저러다 싶다 영상 제발 보다 싶다 날다 줄어들다 ai 통한 정제 의사소통 늘어나다 걱정 돼다 개인 취약 신선하다 채소 없이 가공 식품 먹고살다 아무래도 건강 좋아지다 처럼 인공 지능 한계 수십억 길다 느리다 진화 거치다 우리 정보 받아들이다 분명하다 한계 일단 하루 쓸다 주의력 이나 에너지 한정 보다 결론 더욱 세밀 하고 자기 한테 맞다 ai 활용 휴식 방식 필요하다 이건 교과서 재밋다 우리 아날로그 디지털 ai 시대 모든 경험 하고 살다 가보다 46분 토론 인데 제목 토론 제안 중요 주제 해도 좋다 이렇다 인공 지능 시대 비책 보이다 10 대가 아니다 지금 2030 제일 노출 크다 생각 보다 개선 속도 빨르다 아무 모름 수가 우리 영상 보다 그냥 불안하다 보다 거지 사실 인공 지능 인하다 인간 직업 어떻다 바뀌다 수가 우리 동안 단순 노동 이르다 사실 패턴 노동 패턴 노동 사실 ai 가다 대체 지다 랩니 이제 심하다 사람 중국어 갇히다 45분 동안의 흥미롭다 대담 자다 들다 수준 높다 토론 이네 어렵다 용어 쓰다 인간 필요하다 이야말로 ai 시대 살아나다 분야 이지 아니다 싶다 아직도 도장 쓰다 팩스 쓴다 비웃음 살다 일본 이지만 미래 에는 전도 유망 국가 돼다 모르다 낭만 빠르다 정확하다 자다 아날로그 세상 크다 능력 제일 좋아하다 이네 대식 교수 헤어 컬러 멋지다 사무실 살아나다 으로써 실감 하고 거의 퇴사 남다 대체로 지피다 미나 대신 하고 신입 채용 왜케 나오다 요즘 김대식 교수 국민 교수 얘기 듣다 많이 배우다 지금 ai 편하다 친구 느끼다 혼자 좋아하다 혼자 ai 충족 시키다 친구 자다 만나다 만나다 상대 와의 교류 생기다 기묘하다 감정 소화 부담 느껴지다 ai 오다 감정 소용돌이 덜하다 36 25 공감 인류 중요하다 시점 거의 모든 변화 아날로그 디지털 모두 겪다 에요 agi 가다 등장 귀농 잉여인간 살다 자연인 살다 ai 과학 싶다 분야 고맙다 60 바라보다 사람 청소년기 pc 가다 도입 빠르기 적응하다 기회 잡다 인터넷 보편화 사업 기회 잡다 온라인 시대 버티고 모바일 세상 에서도 살아나다 그런데 이제 ai 에서는 보이지 함께 그림 상상 이미 보다 비슷하다 컨텐츠 최고 시대 관통 통찰 감사하다,50
https://www.youtube.com/watch?v=OSEFivkqPtc&pp=ygUJ7JuU65Oc7Lu10gcJCQQLAYcqIYzv,64경기 172골 다 돌려봤습니다...2022 카타르 월드컵 베스트 골 TOP 10 / 스포츠머그,월드컵,12754,31 행복 축구 인가 개멋 백승호 중거리슛 냅다 때리다 간지나다 05 소심하다 세레머니 히샬리송 레전드 백승호 중거리 체면 치레 라고 시원 통쾌하다 골다 히샬리송 돌고래 감탄 나오다 47 백승호 발리 백승호 미치다 백승호 시원하다 자동 var 추가 시간 경기 운영 우리나라 성적 아시아 아프리카 이변 경기 시간대 스토리 특히 결승전 그냥 축구 역사상 최고 경기 여운 아직도 남다 월드컵 백승호 시원하다 중거리 오다 히샬리송 레전드 15 해설 미치다 백승호 주발 오른발 인데 왼발 중거리 대단하다 50 라임 찢다 백승호 늘다 레전드 백승호 우리나라 자존심 지키다 대한민국 잘해주다 좋다 성적 들어주다 감사하다 브라질 차다 스무 멋지다 22 히샬리송 오다 어케 거지 44 네이마르 수비 돌파 생각 린다 월드컵 슈퍼세이브 편도 만들다 05 39 축구 라고 족구 하고 백승호 약간 한국 최후 한발 그렇다 더욱 감동 스러운 한국 히샬리송 미치다 히샬리송 보다 미치다 소리 밖에 나오다 백승호 시원하다 히샬리송 예술 브라질 축구 예술 뛰어나다 히샬라샬 라송 골다 결승전 터지다 역대 최고 하나로 남다 멋지다 히샬리송 아무리 보다 최고 자동 이랑 추가 시간 많이 주다 자다 만들다 비록 지다 크로아티아 중원 뚫다 넣다 네이마르 간지 네이마르 히샬리송 차베 개멋 브라질 축구 언제 보다 독보 히샬리송 린다 히샬리송 레전드 백승호 레전드 월드컵 베스트 다모아 놓다 상이 오버헤드킥 부터 엄청 멋지다 슈팅 인거 멋지다 영상 자다 보다 감사하다 설연휴 보내다 화이팅 아자 아자 화이팅 비닐 아웃 프런트 패스 히샬리송 창조 오버헤드킥 미치다 히샤를리송 미치다 히샬리송 미치다 브라질 보다 어차피 지다 원더 이나 박다 지자 베스트 골다 라도 들어가다 두고두고 보다 이랬는데 백승호 박아 버리다 백승호 선수 잇다 멋지다 다음 에도 이렇게 멋지다 플레이 해주다 매일 감사하다 느끼다 다음 월드컵 지리다 부탁 들다 매일 백승호 선수 응원 사랑 백승호 사이다 50 백승호 로켓 중거리 16 히샬리송 11 사우디 손흥민 빙의 히샬리송 레전드 백승호 다시 보다 시원하다 멋지다 손흥민 황희 합작 빠지다 아쉽다,49
https://www.youtube.com/watch?v=Ot1fGqARjuM&pp=ygUM7J207Iqk65287JeY,1500km나 떨어져있는 이란과 이스라엘은 왜 원수가 된걸까?,이스라엘,12332,안녕하다 독자 님들 세계사 기다리다 차다 많다 역시 진심 기다리다 2년 이라는 시간 쏟다 부다 로빈 다시 쓰다 세계사 가다 드디어 추다 되어다 어렵다 느껴지다 세계사 가장 쉬다 가장 성하다 시각 자료 담다 지금껏 역사 어렵다 느껴지다 특히 시원하다 느껴지다 일텐데 교과서 보다 쉬다 유튜브 보다 체계 이고 전집 보다 압축 완결 만나다 보다 좋다 로빈 다시 쓰다 세계사 서점 링크 교보 문고 예스 24 알라딘 많다 관심 부탁드리다 영상 만들다 허겁지겁 업로드 로빈 라면 조용하다 하트 오다 복잡하다 어렵다 중동 영상 만들어지다 업로드 시간 동안 이란 최고 지도자 하메네이 세상 지워지다 서로 사이 좋다 국가 결국 독재자 의하다 서로 원수 되어다 용이 영상 여러 보고 공부 고맙다 영상 모든 만점 이상 특히 어제 미국 이스라엘 이란 공격 영상 궁금증 해결 돼다 원래 youtube 볼때 좋다 자다 누르다 영상 주다 보다 아깝다 만큼의 퀄리티 자료 자다 보다 업로드 타이밍 사실 오늘 올리다 예정 아니다 로빈 개추 소린 얽히다 설킨 관계 인과관계 깊이 설명 이나 포인트 보다 띄엄띄엄 뉴스 처럼 가지 사실 현상 줄줄 나오다 그래서 그렇게 까지 원수 되어다 영상타이밍 good 깔끔하다 정리 주다 감사하다 오다 세계사 공부 많이 보다 채널 인데 반갑다 영상 올려주다 감사하다 과거 서로 돕다 전략 동반 자다 나라 이제 생존 걸다 치열하다 대리전 벌이다 원수 되어다 사실 마음 무겁다 안타깝다 중동 하루빨리 평화 찾아오다 바라다 복잡하다 복잡하다 정교 분립 중요하다 업로드 타이밍 37년 을독재로이끌고갔으니 할리 국민 허리띠 졸라 매다 권력자 기름 55 레비 왕조 이란 기르다 쓸다 좋다 항상 좋다 역사 이야기 해주다 감사하다 좋다 정보 감사하다 무지하다 도움 되어다 감사하다 자다 보다 가보다 영상 정리 잘해주다 헐다 하루 업로드 대박 좋다 영상 감사하다 증말 로빈 역사 좋다 말씀 감사하다 하마스 근거지 서안지구 처럼 표기 되어다 가자지구 표기 맞다 이미지 아니다 싶다 혹시 수정 감안 시기 바라다 서안지구 이스라엘 협력 지역 이렇다 영상 감사하다 치밀하다 준비 하고 로빈 영상 올라오다 타이밍 지리 이란 35년 국민 피땀 빼먹다 재래식 폭탄 북한 처럼 비축 저리 안당 이스라엘 정도 국토 전역 미사일 쓰다 남다 돌리다 세금 만해 로빈 목소리 바뀌다 좋다 영상 넘다 보다 사하다 페르시아 위대하다 역사 문화 독재 고통 당하다 중요하다 이란 국민 무얼 원하다 미국 미사일 날리다 끝내다 의회 승인 전쟁 미국 언제 까지 이스라엘 깔다 족임 차다 로빈 감사 로빈 도움 많이 이란 친미 레비 왕조 그래도 가장 살기 좋다 잘나가다 자유 롭고 번영하다 시대 그립다 이란 국민 많다 호메이니 열광하다 혁명 레비 왕조 무너 뜨다 바로 이란 국민 그때 부터 후회 해보다 들다 통제 쇠퇴 전쟁 소용돌이 국민 스스로 자초 세운 정국 가로 혁명 종교 신념 열광하다 무엇 과도 섬기다 과연 국가 개인 에게 어떻다 결과 초래 자다 보여주다 이란 이스라엘 이란 관심 이란 이스라엘 지구 지우다 일방 선언 역시 호의 계속 권리 때리다 맞다 이유 둘겨 맞다 거구 요즘 들다 분쟁 이나 갈등 인하다 많다 사건 일어나고 얼른 빨리 평화 화해 협력 까지 보다 머리 남다 뜬금없이 이란 호텔 때리다 싶다 수니파 사이파 이렇다 공부 많이 되어다 이스라엘 이란 친해지다 어느 정도 노력 이란 이슬람 혁명 국민 살기 어렵다 결국 고대 페르시아 제국 21 세기 이스라엘 미국 기독교 연합 일단 무릎 꿇다 후대 역사 에겐 기록,48
https://www.youtube.com/watch?v=P6qXzKXEYcI&pp=ygUJ7JuU65Oc7Lu1,명작(名作) 일본만화 월드컵 64강,월드컵,17888,이어지다 명작 일본만화 월드컵 32 영상 대체 이나 보다 35 48 살짝 기분 나쁘다 뻔하다 크리 새끼 배신 왠지 진심 느껴지다 도르다 그리다 침투 부르다 내다 아니다 달인 해인 침펄 감성 그리다 만큼 재밌다 사람 아직 까지 발견 침착 썸네일 회수 100만 200만 300만 이렇다 붙이다 역시 높다 회수 일상 인가 31 54 원피스 얘기 작가 얘기 들다 보다 공감 그렇다 재밌다 침착 그렇다 재밌다 아니다 보다 역시 만화 사람 추구 재미나 이렇다 각자 다르다 연출 이나 설정 이나 인간관계 라던가 그렇다 디테일 추구 사람 그림 세밀 그거 보다 재미 사람 지치다 사람 들어오다 정보량 보다 직성 풀리다 성격 라던가 암튼 비슷하다 보이다 사람 끼리 취향 엄격하다 갈리다 사실 좋다 침착 만화 컨텐츠 많이 좋다 근본 만화가 출신 이어서 분석 다르다 설명 자다 일단 만화 얘기 총기 들어가다 역시 근본 만화가 시구 느낌 자다 보다 만화 설명 들어서다 대충 어떻다 내용 일지 알다 가다 어리다 추억 살아나다 이렇다 만화 컨텐츠 많이 제발 평소 조합 노가리 끄다 재밌다 만화가 출신 같이 니까 시간 가다 모르다 뭔가 평가 미치다 이네 들어가다 영상 보기 댓글 답니 스바 벌써 행복하다 침펄 만화책 월드컵 이라니 침펄 돌아오다 역시 전문가 분들 전문 분야 얘기 재밌다 31 03 저녁식사 완료 35 01 저녁 설거지 완료 44 10 청소 완료 55 42 먹다 저녁식사 입장 저녁 설거지 추다 겨울 월드컵 따뜻하다 난로 되어다 설명 닿다 인터넷 명작 이라고 보다 침착 이랑 똑같다 느낌 때메 보다 말다 100분 짜리 침펄 이상형 월드컵 그것 프로 스트리머 해설 만화 행복하다 침착 만화 얘기 재밋음 57 45 인게 살다 살다 삼류 악당 한테 감정이입 눈물나다 만화 처음 보다 헌터헌터 진심 최고 영상 넘기다 보다 설명 쏙쏙 들어오다 보다 풀다 헤드 코코 나오다 알다 아숩 36 25 국수 인데 불도장 이야 국물 19 27 그림 예쁘다 기괴하다 좋아하다 스타일 에요 길예르모 토르 그렇다 기괴하다 느낌 14 47 조형 38 50 은혼 코멘트 시작 역시 쏘다 이야 은혼 존잼 이렇게 분야 관심 재밌다 저기 만화 거의 모르다 재밌다 보다 오히려 치킨 월드컵 이런 깊이 얕다 재밌다 느낌 보다 엄청 기네 만화책 좋다 입장 으로서 무기 돼다 재밌다 흥분 얼른 보다 알다 만화 얘기 줄거리 침착 풀다 설명 해주다 꿀잼 전문 분야 그렇다 오랜 시간 넘다 분량 들다 영상 길다 기다 오히려 좋다 황기 명작 판타지 꼽는 명작 이라 보다 일제시대 들어가다 현대 전함 같이 불편하다 많이 좋다 멈추다 하고 읽다 기억 3회 시청 보고 재밌다 보이다 하나 전권 구매 20 세기 소년 2회 독을 마치 이번 살다 다시 보다 오다 잔잔하다 감성 사운드 채우다 좋다 영상 35 이야기 복싱 만화 동경 18 아니다 파이팅 모나코 소라 채팅 라이벌 더파이팅 내일 이야기 훈수 침착 여기 에나 오진 혹시 헬크 보다 어떻다 커피 머신 사다 부엌 려면 정리 박스 넣다 두다 드디어 정리 하고 언박싱 온건 도르다 04 14 작가 다섯 모으다 부럽다 32 언제 올려주다 그때 까지 차다 무한 주인 설명 만들다 엄청 재미있다 보다 개미 레전드 보다 질리 침착 이랑 만화 얘기 해보다 근데 취향 이랑 보다 작품 다르다 시절 아이큐 점프 소년 챔프 처음 나오다 주간 만화 잡지 만들다 만화 만화 잡지 열광하다 만들다 만화 만화 잡지 아직도 추억 만들다 만화 벌써 20년 이네 러닝 타임 영화 잘만 영화 처럼 몰입 장난없다 알다 떠들다 보다 시간 금방 지나가다 100분 짜리 영상 회수 이렇게 많이 나오다 침착 밖에 크리 배신 오다 개월 만에 다시 보다 오다 이르다 사죄 꾸벅 인트로 보고 정신 잃다 말다 몬스터 엄청 몰입 이상 보다 인생 만화 인데 침착 이렇게 진중하다 월드컵 처음 정도 길다 항상 집중 잃다 침소 리만 만화 좋아하다 월드컵 마스터피스 54 59 아니다 근데 헌터헌터 암흑 대륙 언제 들어가다 토가시 제발 그리다 그리다 연재 해주다 제보 콘티 연재 선녀 아니다 인트 컨셉 의식 하고 도중 개웃 기네 만화 이야기 해주 니깐 좋다 몇개 빼다 거지 등장인물 이름 외우다 신다 신기 침착 토가시 작가 그림 다른 부분 약간 언급 일부러 다른 작품 오마쥬 캐릭터 던지다 장면 많다 그렇게 느끼다 아니다 싶다 돌아오다 럭키 말년 느낌 끄다,50
https://www.youtube.com/watch?v=P8N385SfLWk&pp=ygUJ7JuU65Oc7Lu1,다시 모인 심통 가득 씨네필들의 B급 영화 월드컵 (feat. 내멋대로 연말결산) | B주류초대석,월드컵,20498,57 12 리스트 어떻다 영화 댓글 다실 민경 편집자 special message 22 42 간지 농담 맥락 오해 편집 사과 드리다 추후 에피소드 에서는 좀더 신중하다 독자 여러분 새해 많이 받다 민경 언제 든지 당당하다 추다 충무로 박찬욱 한테 맞다 사람 vs 홍상수 싫다 이유 문서 작성자 구도 그냥 존나 웃기다 민경 웃기다 알다 민경 개그 취향 딱이다 싫어하다 뒤집어지다 허다 웃기다 혐관 이야 40 20 줄거리 듣다 그러니까 여자 간지 웃기 통영 레지나 조지 나오다 인데 100만 찍다 49 00 민경 허벅지 때리다 제이 한보 찰지다 민경 작정 하고 장판 니까 무섭다 예상 호응 직면 제작 퀸살법 이라고 줄이다 권법 이서 로맨스영화 월드컵 해주다 민경 다짜고짜 불량 라고 부르다 그렇다 불량 미치다 케미 멀다 라피 여서 구경 개웃 기네 올스타전 보다 기분 허다 이상하다 사람 라는 극찬 받다 부럽다 52 42 어이 커피 뿜었 확고하다 13 여기 보다 보다 웃기다 올해 인물 트럼프 다니다 김민경 김민경 뽑다 조합 웃기다 민경 아치 돼다 소윤 먹물 이라 기다 펴다 개웃 기네 간지 허다 민경 최고 혼성 그룹 만의 올데프 33 04 좌우 지장 지지 영원하다 갇히다 통영 레지나 조지 여기 나오다 쏘우 감독 근면 성실하다 본받다 영화 월드컵 까지 찍다 지금 조합 제일 급임 서로 무시 조롱 난무 교양 컨텐츠 48 29 무아 지경 레지나 민경 귀엽다 여러 보다 입장 이번 편이 최앱니 조회 수가 적다 역시 비주류 킥킥 콘클라베 할배 퀸살법임 쏘우 늘다 웃기 아니다 마지막 에게 손가락질 허벅지 치르다 웃기 올해 심란하다 순간 허벅지 때리다 정신차리다 마음먹다 고맙다 통영 레지나 조지 민경 57 17 언니 힙합 이야 아치 고개 숙이다 생각 이번 안경 재다 알다 사람 갑자기 댄스 신고식 만들다 놓다 허다 기죽다 39 08 레지나 민경 무너지다 남성 40 이르다 보라 단어 오랜 듣다 35 사실 콘클라베 자극 컨텐츠 맞다 누가 할아버지 가십걸 민경 허다 사실 서로 서로 웃음 버튼 39 05 허다 거의 울다 42 33 민경 거의 울다 허다 웃음 장전 허다 웃음 폭발 웃기 퀸살법 취급 모자라 우승 까지 컨텐츠 여기 밖에 24 40 민경 명언 나오다 실리다 문장 대충 좋아하다 싫어하다 이렇게 세상 좋아하다 많다 싫어하다 적어지다 아니다 코미디언 진지하다 웃기 지금 한편 찍다 계시다 그렇다 그렇다 다해 44 09 진심 모든 퍼즐 맞추다 기분 44 40 여러 실마리 풀리다 표정 미치다 요즘 같이 취향 존중 답시고 훈훈하다 무드 조성하 시대 이렇게 서로 헐뜯다 비다 컨텐츠 보다 23 31 찢기다 죽다 무섭다 국가보안법 감옥 죽다 충분하다 무섭다 이렇다 영화 한국 포스터 가져오다 시절 이포 문구 정신 차리다 비주류 초대 만의 민경 문서 미치다 읽다 싶다 40 21 퀸살법 미치다 민경 데리 세계문학 월드컵 제발 해주다 먹물 내려놓다 기르다 펴다 이상하다,50
https://www.youtube.com/watch?v=PhOLW2WvJ7Y&pp=ygUM7J207Iqk65287JeY,"[에디터픽] 이스라엘·하마스전 불길... 이란·파키스탄까지 번졌다 | 美, 후티 반군 또 공격... 이란 반발에 중동 확전 비상 / YTN",이스라엘,2008,우리나라 기름 가스 유량 높이다 야하다 정세 불안 겨울 다가오다 궁금하다 언론 이렇다 취재 인간 멸종 위기 닥치다 서로 돕다 살리다 그땐 이미 돌이키다 없이 늦다 아니다 욕심 문제 권력 투쟁 없애다 다시 늦다 보유 서울 어디 바이 모든 작전 무위 돌아가다 일단 위층 살아나다 통신 오랫동안 돼다 전쟁 환장 서로 죽다 죽이다 들어가다 군비 서로 돕다 지구 굶주리다 사람 없이 살아가다 천국 건데 인간 아직 멀다 이란 확전 처럼 보이다 원하다 이란 지우다 버리다 그래도 조용하다 인류 마지막 전쟁 서막 아마겟돈 전쟁 지구 사라지다 겁니다 국제 경찰 미국 응원 이란 테러리스트 속히 추다 후티 반군 대변인 체포 해주다 이란 맞다 파키스탄 싸우다 발차기 전문 이지 전투 싫어하다 하마스 대단하다 우리나라 산이 많다 나무 많다 문제 군부 거의 산속 전쟁 나다 불만 지르다 끝나다 살림 페지 하고 그냥 개인 에게 맏겨 개간 임도 무족 허가 해주다 세금 존나 들다 하고 인권 따지다 승자 전쟁 이스라엘 절대 휴전 중동 개판 이구나 하느님 지구촌 전쟁 해주다 특히 인간 생명 피해 해주다 잔혹하다 어린이 생명 해주다 지구 종말 얼마 남지 대한민국 국회의원 해고 시키다 ai 대신 비싸다 비싸다 고액 연봉 안주 깨끗하다 정치 보다 살기 어르다 시국 부수 이고 이런 니까 그렇다 정치 반듯이 ai 미국 지도자 저런 노인 대통령선거 보내다 차다 웃기다 나라 이네 무장 단체 아프다 미군 역할 어떻다 만하 러시아 우크라이나 침공 중동 신나다 미사일 날리다 전등 세계 전쟁 날리다 우리나라 밥그릇 싸움 날리다 우리나라 큰일 국회의원 정신 차리다 세계 전쟁 경제위기 난리 인데 우리나라 조선 선조 시대 당파싸움 계속 하고 나라 걱정 역사 우리나라 아이러니 군사독재 정권 크게 성장하다 다시 한번 군인 나오다 하나 인간 그냥 내다 두다 90 정도 다주 디왜 전쟁 사람 죽이다 기다 만들다 전쟁 을해 부추기다 문제 행복하다 불금 보내다 중국 지원 받다 아니다 미국 집중 대만 침공 이란 러시아 북한 중국 악의축 하마스 후티 이런 꼬붕인듯 일단 국회의원 없애다 공무원 공채 뽑다 경력 쌓다 국회의원 참여 성전 걵둑되기 에는 이스라엘 망하다 아싸 붙다 19 53 다국적 적군 옛날 전쟁 뺏다 갈취 하고 따먹다 지금 전쟁 서로 잃다 전쟁 결국 세계 인플레이션 가중 정리 없이 나라 전쟁 처럼 그대로 뉴스 포항 빨리 기름 나오다 아마겟돈 전쟁 인가 이제 삼차 전쟁 산발 한발 다가 오다 야당 정신 차려 당파싸움 아니다 한발 물러서다 자신 내려놓다 나라 걱정 해주다 정신 차려 죽다 헛일 살다 이루다 머리 함께 모으다 도살 이지 전쟁 인지 싸우다 싸우다 아니다 이미 구석기 시대 돌아가다 가자지구 인데 재건 거기 재건 팔레스타인 중심 한다는 발언 재건 이스라엘 절대 지원 해석 웃기다 사실 한가지 이번 전쟁 팔레스타인 먼저 시브 개월 후티 반군 지구 사라지다 무익하다 반군 단체 우크라이나 무기 지원 러시아 석유 수입 을지 불다 갑자기 저쪽 오평 팔다 인가,49
https://www.youtube.com/watch?v=PrBupTUlGz4&pp=ygUJ7JuU65Oc7Lu1,이제는 너무 뻔한 클리셰 월드컵,월드컵,15505,2026년 에도 틀어놓다 드라마 머슴 자꾸 무언가 똑똑하다 보다 아직 과거 솔직하다 침펄 조합 치트키 성격 다르다 생김새 다르다 머리 다르다 모으다 넘다 재밌다 자기 생각 고르다 실수 인척 어이구 누르다 버리다 라는 클리셰 제일 짜증나다 침펄 조합 그리다 침펄 영상 년전 지금 보다 재밌다 김풍 이경영 존나 재밌다 12 57 45 25 50 21 나문희 마을 닌자 51 22 나문희 마을 누구 11 45 정치 이경영 강력하다 경영 침펄 이상 같이 월드컵 대박나다 클리셰 유튜브 어슬렁대다 아직도 보다 월드컵 보다 14분 행복하다 13 04 침착 이경영 부자 시기 폭탄주 마는 장면 따르다 11 57 타다 음향 연기 완벽 웹툰작가 인데 사실 방송 근데 지다 그걸 모르다 47 02 세계 고모부 깽스텈 회사 틀어놓다 노동요 마냥 듣다 개꿀 시간 가다 모르다 12 57 전무 이경영 성대모사 18 13 퓨전 사극 보다 31 53 해돋이 49 20 나다 즐겁다 보임 할아버지 되어다 들다 13 00 미치다 똑같다 왤케잘함 이경영 성대모사 이상형 월드컵 맛집 한번 시간 뚝딱 이네 53 27 오랜 보다 선수 입장 보다 보다 웃기다 선수 입자 55 23 어쭈 찢어지다 웃다 시발 13 03 양반 재현 지금 53 31 선수 입장 순위 니까 재밌다 엄청 많다 나오다 아쉽다 레전드 후보 안나 와도 이렇게 재밌다 풀다 침펄풍 존경 스럽다 요즘 풍님 자주 나오다 풍요 로움 미치다 호민 도어 열다 들어오다 우리 열리다 깜짝 놀라다 전무 경영 성대모사 왤케잘함 건가 17 44 그때 싸가지 12 52 이경영 성대모사 31 50 선수 입장 선수 입장 존나 싫다 57 28 클리셰 융합 세분 모이 이세 무슨 얘기 재미있다 영화 애니매이션 클리셰 월드컵 엄청나다 토크 거리 굉장하다 많이 나오다 으로도 이렇다 영화 월드컵 해주시 엄청 좋다 화이팅 좋다 지금 이라도 알다 다행 쇼츠 나오다 기념 다시 시청 개인 좋아하다 월드컵 침펄 조합 재밌다 뻔하다 클리셰 이마트 따오다 스페셜에디션 사오다 영상 함께 보내다 행복 이상형 월드 만들다 사람 대단하다 54 58 해커 세트 작가 이라 확실하다 상황 자다 설명 클리셰 필요하다 이유 풀다 재밌다 12 57 부터 김풍 미치다 11 42 아만 잠만보 클립 시작 부분 침펄 월드컵 올해 든든하다 54 55 선수 입장 너무나 원하다 월드컵 알고리즘 덕분 뒤늦다 보다,50
https://www.youtube.com/watch?v=Q2yuALEEZuQ&list=RDQ2yuALEEZuQ&start_radio=1&pp=ygUJ64m07KeE7IqkoAcB,파워퍼프걸로 변신한 뉴진스 🎀 𝙉𝙚𝙬𝙅𝙚𝙖𝙣𝙨 - 𝙉𝙚𝙬 𝙅𝙚𝙖𝙣𝙨 [한글 가사/해석],뉴진스,202760,뉴진스 기획 중요성 철저하다 보여주다 멤버 하나같이 예쁘다 그걸 찰떡 같이 살리다 이렇다 트렌디 기획 이런 기획 자체 사기 진심 캐릭 하나 성격 넣다 프로듀서 사랑 정성 느껴지다 2026년 에도 보다 사람 비트 미치다 여타 걸그룹 노래 달리 이제 서다 보다 기획 쩐다 파워퍼프걸 이유 우리 출동 처음 부터 배경 파란 하늘 그림 나오다 omg 멤버 그리다 그치다 파워퍼프걸 물리 치다 이렇다 메시지 인가 뉴진스 깨부수다 새롭다 만들다 아이돌 관심 30 대다 인데 뉴진스 멤버 하나 하나 매력 덕질 알다 귀엽다 사촌동생 보다 아빠 웃음 짓다 브랜드 마케팅 돌다 그룹 캐릭터 이렇게 뮤비 잘쓰다 대단하다 캐릭터 디자인 각자 특징 자다 살리다 remember watching since 2023 believe year already 레전드 콜라 보이다 이렇게 자다 어울리다 해린 처음 부터 까지 고먐미 유지 보다 귀엽다 콜라보 뉴진스 자다 어울리다 트렌디 캐릭터 멤버 닮다 자다 그리다 귀엽다 색다르다 노래 신비롭다 몽환 느낌 이어서 자다 어울림 파워퍼프걸 뉴진스 콜라보 기획 사람 많이 버세 심지어 오지 노래 좋다 뮤비 레전드 이렇게 알차다 의미 파워퍼프걸 콜라보 뮤비 아니다 파워퍼프걸 스토리 캐릭터 뉴진스 노래 스토리 찰떡 여서 좋다 07 해린 따르다 겁나다 miss danielle bias 케이팝 이렇게 줄곧 세련되다 음악 갖다 나오다 그룹 뉴진스 처음 프로듀싱 물론 얼굴 예쁘다 목소리 예쁘다 이해도 까지 좋다 그거 알다 뉴진스 뉴진스 슈퍼 들어가다 특탁트크득탁 비트 속도 다르다 심지어 비트 파워퍼프걸 만화 시작 나오다 소리 어도 어의 이렇다 소름 돋다 디테일 이지 좋다 뉴진스 상징 자다 만들다 뭔가 해린 생각 초록색 생각나다 초록색 좋아지다 디자이너 엔지니어 구현 하고 뿌듯하다 그림 일일이 그리다 거대하다 협업 모두 스스로 자랑스럽다 컨셉 신선하다 혜인 입술 표현 레전드 방시혁 유명 유명 이용 방탄 띄우다 민희진 트렌디 음악 감성 자연 스럽게 전세계 사람 열광하다 만들다 파워퍼프걸 이랑 콜라보 라니 찰떡 확실하다 아이돌 시장 기획 이랑 마케팅 중요하다 보여주다 대중 한테 친숙하다 저런 캐릭터 뉴진스 한테 맞다 느낌 단월드 싸우다 파워 뉴진스 오다 다시 들다 가사 의적 이야 이르다 기도 쉬다 오다 해린 혼자 모양 유지 귀엽다 개인 supershy 보다 좋다 노래 분위기 넘다 몽환 이고 좋다 뉴진스 컨셉 미치다 토끼 부터 파워퍼프걸 까지 도데 이렇다 그룹 어떻다 대한민국 나오다 11 독립운동 노래 좋다 몽환 청량 뉴진스 음악 이야 뉴진스 한계 뛰어넘다 그룹 디렉팅 미치다 수준 음색 고막 녹다 내리다 뉴진스같 기획 스타 성은 까지 해주다 응원 보다 뉴진스 뉴진스 화이팅 무조건 기다림 얼마나 기다렸던날 드디어 time step feeling soright 이구절에서 울컥한사람 개추 일다나부터 불다 편집 매번 놀라다 뮤비 아니다 실제 파워퍼프걸 만화 섞다 구성 센스 무슨 인가요 항상 보다 해린 캐릭터 구르다 보다 해린 이네 귀엽다 초반 omg 에도 나오다 그림 악당 모든 디져트 만듬 월드 지리다 이렇다 비트 심플 멜로디 머리 무한 반복 중임 세련되다 트렌디 그냥 소녀 좋아하다 보임 뉴진스 아이 좋아하다 자다 알다 이렇다 섬세하다 미치다 뉴진스 넘다 보고 싶다 기다리다 언제나,48
https://www.youtube.com/watch?v=Q3K0TOvTOno&list=RDQ3K0TOvTOno&start_radio=1&pp=ygUJ64m07KeE7IqkoAcB,NewJeans (뉴진스) 'How Sweet' Official MV,뉴진스,1121273,miss newjeans much never find another group like newjeans new jean five four 오늘 뉴진스 노래 코스 듣다 사랑 believe people calling weakest track smooth chill groovy addicted 26년 여름 에는 너희 좋다 matter many girl group dominating kpop one deny always something special newjeans pure love bunny 이분 보다 일상생활 안되다 홍보 해주다 수준 아니다 강제 막다 소름 돋다 제발 정신 차려 이렇다 크게 달라지다 하이브 답답하다 유튜브 고객 센터 질문 넣다 제한 답변 로더 권한 슬슬 여름 무조건 뉴진스 지나가다 10년 스엠 이번 사건 계기 뉴진스 돼다 찌다 따갑다 성공 성공하다 찌다 따갑다 하우 스윗 여름 쿨하다 디토 겨울 따다 시바 초반 좋다 위로 박제 돼다 응원 댓글 없애다 제한 걸다 돼다 뉴진스 여름 이미 겪다 계속 생각나다 노래 좋다 그리다 뉴진스 뉴진스했다 몇번 이든 쓴다 거기 숨다 말고 얼른 나오다 오다 미치다 외국 도배 국가 제한 걸다 미치다 연령 제한 오다 다니다 뉴진스 아니다 응원 하고 오다 얘넨 미치다 그냥 대의 아이콘 이야 뉴스 보다 대학 축제 뉴진스보려 3만 5만 이상 모이다 뉴진스 아무리 방해 하고 막다 뉴진스 뉴진스 까지 간다 뉴진스 공식 채널 올리다 음원 하이브 공식 뮤비 보다 회수 높다 정도 하이브 채널 방해 수준 인데 뉴진스 사랑 아직도 너희 많다 사람 행복하다 해주다 기억 이브 홍보 담당자 박태희 중앙 일보 22년 동안 배민 홍보팀 이브 언론플레이 이브 얼버 부리다 해명 해보다 충치 걱정 달달 오늘 하루 종일 들다 뉴진스 이미지 추락 시키다 해외 댓글 삭제 소름 하이브 제대로 반성 타팬 이지만 뉴진스 음악 미치다 좋아하다 뉴진스 감성 계속 되어다 06 강아지 시점 15 비둘기 시점 50 시점 55 티비 시점 파리 시점 오리 시점 시점 거미 시점 차안 시점 금붕어 시점 주인 시점 키링 시점 날아가다 시점 구경 사람 시점 수리 시점 등등 뉴진스 뉴진스했다 너희 사랑 사람 이렇게 많다 알아주다 좋다 이렇다 댓글 삭제 하고 뉴진스 응원글 보다 하이브 댓글 가득 뭔가 차다 year ago newjeans made masterpiece 최고 기준 감성 자극 그게 노래 스타일 차별 차별 대기업 상장 되어다 치졸하다 wan na cry danielle gone newjeans 뮤비 조회 수가 많다 조작 확실하다 조회 수도 제한 되어다 으로도 뉴진스 응원 해주다 listening make cry without ot5 would never able make peak music like 추혁 뉴진스 괴롭히다 방탄 방패 막다 쓰다 방탄 아니다 예전 부터 방시혁 아이돌 함부로 대하 모습 보기 싫다 이렇게 쓸다 겁니다 뉴진스 파이팅 답글 하이브 댓글 알바 밖에 가라 뉴진스 뉴진스했다 몇번 이든 적다 방시혁 산만하다 마음 밴댕이 갈다 지네 하스 들다 날인 얼른 뉴진스 자유롭다 좋다 어떻다 선택 까지 응원 miss newjeans favourite girl group danielle diserve kicked newjeans new jean forever newjeans longest duration song compared previous newjeans song 하이브 항의 전화 자신 모르다 얼버무리다 다른 항의 전화 부탁드리다 기다리다 너무나 아무렇다 그냥 언젠가 살며시 나타나다 댓글 삭제 연령 지역 제한 대놓고 정도 그동안 긁다 다시 만나다 기다리다 old jean forever new jean iconic line never know would fall drama 뚝딱 거리 들보 다가 니까 마음 편안하다 예쁘다 아프다 분위기 압도 적임 유니크 하고 고급 지다 따르다 따르다 rainbow formed without primary color yellow one primary color 댓글 지우다 내다 연령 제한 회수 방해 초동 앨범 출고 해도 뉴진스 뉴진 스임 전국 대학 축제 다니다 실체 보여주다 거지같다 회사,49
https://www.youtube.com/watch?v=QVwd5dcmik0&pp=ygUM7J207Iqk65287JeY,"트럼프 결국 폭발..""할만큼 했다"" 이스라엘에 경고 / SBS 8뉴스",이스라엘,2955,네타냐후 본인 감옥 가기 싫다 전세계 쑥대밭 만들다 명의 사람 죽이다 공헌 1등 공신 유대인 핍박 받다 이유 요즘 들다 깨닫다 주가조작 이라는 생각 밖에 안다 협상 공격 하고 호르무즈 다시 막히다 트럼프 분노하다 지긋지긋하다 패턴 네타냐후 버리다 이스라엘 잔인하다 사람 휴전 무슨 인류 패악 인가 개인 소송 회피 많다 사람 희생 되어다 잔인하다 늘다 경고 아니다 여기다 지다 라고 기자 한테 이스라엘 이랑 엮지말 라고 촉구 아니다 이제 이상 트럼프 이지 외국 느끼다 유대인 선민사상 쩔다 네타냐후 명의 문제 아니다 이스라엘 여론조사 압도 휴전 반대 이쯤 누가 통채 사라지다 맞다 오다 히틀러 평가 시급하다 정도 악마 히브리어 사용 미나 에게 물어보다 10년 동안 이스라엘 죽이다 주변 국가 사람 숫자 7만 명이란다 실제 로는 10만 명이 넘다 불구 파괴 되어다 갈다 인생 사람 500만 명은 역사 히틀러 평가 얼마 남다 지금 세계 빌런 네타냐후 트럼프 이번 전쟁 이란 사망자 5천 다치다 사람 3만 군인 아니다 독일 이제 이해 이번 알다 미국 이스라엘 꼬봉 인거 차다 대단하다 미국 이야 재판 다시 시작 저러다 다시 공격 교도소 가기 싫다 전세계 경제 파탄 내다 인종청소 학살 전쟁범죄 네트 트럼프 스타인 동영상 가다 네타냐후 히틀러 미래 보다 아니다 네타냐후 홀로코스트 희다 만큼 만큼 벌다 네타냐후 스타인 재밌다 두다 사라지다 감옥 이나 가다 범죄자 이나 라도 나라 판치다 영토 확장 멀다 네타냐후 이스라엘 강력하다 제재 전쟁 보이다 네타 나우 선쟁광 국제사회 징벌 히틀러 지옥 꺼내다 사람 네타냐후 vs 히틀러 야차 뜨다 보다 네타냐후 트럼프 똑같다 네타냐후 미국 대통령 아니다 천만다행 신뢰 라곤 인간 말로 당장 끊다 그렇다 믿다 네타냐후 정권 일부 그렇다 알다 이스라엘 인간 태반 전쟁 원하다 단체 정신 이상하다 이스라엘 들다 다시 보다 대전 악마 그리스도 의하다 중동 일어난다 예언 이제 어떻다 민족 인지 명확하다 히틀러 유대인 말살 이유 들다 로마시대 중세 세계대전 곳곳 유대 인들 깔다 얘기 나오다 괜히 나오다 아니다 레바논 타다 난게 히틀러 통찰 인류 안목 내다보다 위인 평가 시급 아니다 점령 철수 장난 하나 이상 전쟁 뒷돈 챙기다 그렇다 아니다 히틀러 평가 시급하다 히틀러 병신 가다 확실하다 매듭 짖다 유대인 이스라엘 영토 확장 전쟁 애초 영국 미국 이스라엘 국가 승인 안되다 그냥 이스라엘 에도 폭격 안되겠니 네타냐후 그냥 전범 악마 지다 멀다 전세계 힘들다 히틀러 평가 건가 혹시 모르다 100년 후엔 유대인 깃발 하켄크로이츠 취급 받다 또람프 전세계 국가 당신 한테 싶다 차다 만큼 참다 벌집 들다 쑤시다 자신 급하다 아무렇다 대책 없이 전쟁 중지 미국 중간 선거 끝나다 내년 전쟁 일으키다 작자 또람프 이번 확실하다 어느 정리 끝내다 이스라엘 정리 되어다 전세계 잠시 힘들다 또람프 에게 농락 당하다 변기 넣다 내다 히틀러 보다 악하다 지금 시대 저러다,49
https://www.youtube.com/watch?v=QnvQX9fonhI&pp=ygUM7J246rO17KeA64ql,"[이슈] ""AI 특이점 와있다, 2030년엔 결국..."" 머스크 '인류 생존' 작심 인터뷰 풀영상/2026년 1월 12일(월)/KBS",인공지능,10289,지금 인류 역사 크다 파도 살다 피부 느껴지다 어린시절 오랜 필름 처럼 변하다 버리다 느낌 들다 어떻다 여러분 그냥 싶다 시대 해오다 격동 자신 추구 사람 살아나다 경험 쌓다 넓히다 그냥 알다 많다 많다 오디오 겁나다 치네다 은퇴 지금 모으다 애쓰다 필요 노력 필요 아니다 노력 노동 자체 무의미 이라 무섭다 ai 미래 발언 보다 비관 이고 정답 낙관 이고 틀리다 질적 측면 에서는 낫다 귀감 에는 1년 1년 조금씩 변하다 느껴지다 이제 개월 개월 변화 느껴지다 2030년 인류사 획기 변곡점 유토피아 상상 인데 유토피아 조건 자동 활성화 관리 위층 청렴 함임 미래 어떻다 소방관 으로써 필요없다 이리 많다 과거 산업혁명 겪다 시대 사람 러다이트 운동 까지 느끼다 두려움 고통 이제 서다 공감 살다 흥미 롭고 으로가 기대 능숙하다 거짓말 ai 방치 인류 가장 크다 실수 93년 생인데 뭔가 허망 불과 10년 까지만 해도 들다 대가 알다 그대로 살아오다 갈다 시대 비슷하다 생각 도대체 시대 나가다 오는 옛날 산업혁명 이정 충격 영상 보다 폭풍 한가운데 서다 느낌 험하다 나오다 성적 공부 아니다 본질 발전 공부 지금 현재 힘껏 많이 웃다 즐기다 양적 완화 저출산 고령화 해법 기술 인하다 디플레이션 너무나 흥미롭다 영상 인간 돼지 사육 하고 지구 지배 이유 지능 지금 새롭다 지구 지배자 스스로 만들다 테크 지구 망하다 거대하다 우주정거장 이주하 거나 화성 이주하 만일 머스크 예측 ai 에게 우리 미래 달다 오다 뉴스 인터뷰 번역 올려주다 보다 10년 에는 지구 리셋 그래서 화성 이주 계획 세운 건가 조만간 지구 한번 리셋 필요 희망 예측 그대로 가다 더하다 나위 없이 좋다 성경 천사 모든 상품 값지다 보석 다시다 보이지 지금 뭔가 변환 파도 하루하루 굉장하다 다른 세계 처럼 느껴지다 무섭다 구석 보고 단순하다 본인 직업 으로만 문제 삼다 사람 많다 보다 기계 인간 다스리다 얼마 안남 맞다 지금 살다 신기하다 인류 250만년 존재 해오다 특이점 도래 시대 태어나다 어차피 세상 계속 바뀌다 끈임 없이 변화 각자 자기 생각 지금 처럼 입시 중심 교육 으로는 아이 모두 도태 모르다 안타깝다 들다 트럼프 베베 엘라 치고 그린란드 타다 머스크 우주 개발 이유 ai 로봇 시대 에너지 크다 문제 알다 근데 시대 옛날 sf 영화 처럼 흘러가다 신기하다 대본 처럼 유럽 산업혁명 시기 노동자 장기 밀리다 직장 잃다 난리 지금 상황 비교 자체 안되다 산업혁명 이상 엄청나다 오다 버리다 새벽 2시 11분 보다 생각 많아지다 자다 하자 초음속 쓰나미 라고 표현 31 맞다 아슈케나지 유대인 인류 그건 사기 위선 우생학 찌들다 이라 지다 들다 고귀하다 자손 많이 낳다 나머지 개돼지 번식 막다 우리 에게 useless eater 라고 명명하다 미국 대표 기업가 저런 엄청나다 소리 당연하다 처럼 얘기 소름 돋다 인간 사회 노동 단순하다 생계 수단 아니다 인간 자신 소모 축적 에너지 사회 방출 하고 식히다 핵심 통로 기능 해오다 오늘날 빠르다 확산 로봇 자동화 위험하다 지점 일자리 빼앗다 표면 문제 보다 인간 살아가다 필연 발생 시키다 에너지 해소 구조 자체 사라지다 인간 대다수 여전하다 시간 태우다 정신 모함 으로써 사회 감각 자존 분노 피로 배출 해오다 자동화 이러하다 에너지 순환 고리 끊다 버리다 에너지 식히다 축적 경우 그것 반드시 다른 형태 분출 역사 분출 외부 만들다 집단 충돌 내부 희생양 혹은 중독 폭력 자기 파괴 소모 나타 나오다 이러하다 맥락 자동화 이후 위험 누군가 의도 개체 줄이다 음모 라기 보다 시스템 감당 인간 에너지 의도 탈락 파괴 방향 흐르다 가능성 가깝다 기본소득 이나 자아 실현 담론 생존 이나 일부 개인 문제 완화 다수 인간 축적 에너지 사회 흡수 하고 순환 시키다 구조 해법 에는 부족하다 결국 다가오다 환기 핵심 문제 인간 기계 대립 아니다 인간 이상 쓰이다 사회 인간 어떻다 식히다 방출 시키다 다시 사회 붙들다 인가 라는 질문 이며 질문 경우 충돌 기술 아니다 축적 인간 에너지 자체 발생 미국 의료 서비스 끔찍하다 의료 무료 ai 오다 협업 해보다 사업 직원 뽑다 필요 라는 생각 판단 하고 명령 내리다 ai 가다 출력 내놓다 저가 판단 하고 커리 하고 다시 검증 라고 던지다 이러니 직원 데리 일이 빠르다 정확하다 더군다나 정리 하고 백업 까지 해주다 말로 비용 대비 얼마 효율 인가요 여러가지 ai 쓰다 아무리 많이 들다 넘다 사람 치면 박사 데리 마찬가지 젊다 친구 이렇다 출력 물들다 빨리 빨리 커리 하고 판단 갑자기 세상 어디 가다 모르다 중요하다 미래 자문 자다 머스크 해주다 보다 이건 보다 결국 피지 ai 가다 오다 문제 에너지 혁명 필요하다 그게 빨리 늘다 문제 전제 여전하다 사람 제일 값싸다 노동 자동차 조립 근데 모든 생활 침투 중요하다 과거 전쟁 이나 기아로 인류 겪다 극적 사건 많다 이번 격변 그렇다 역사 흐름 이라고 단지 핵전쟁 보다 ai 혁명 먼저 오다 모르다 으로서 고민 해보다 결론 내리다 그냥 옳다 생각 가렵니 실패하다 후회 적다 오다 무섭다 흥미롭다 토론,49
https://www.youtube.com/watch?v=QoCMwb8qa2w&pp=ygUM7J246rO17KeA64ql,AI 시대에서 살아남으려면 갖춰야 할 능력 | 지식인초대석 EP.6 (송길영 작가),인공지능,21711,송길영 작가 많다 인사이트 궁금하다 시대 예보 호명 사회 판사 판례 대로 ai 도입 예전 평균 사람 무난 가다 창의 이나 독특하다 사람 살아나다 오다 어쩜 한번 쉬다 버벅임 없이 저렇게 까지 설명 자다 인간 ai 가다 따로 이제 사회 나오다 21 로써 마지막 마음 오다 닿다 대한민국 교육 바뀌다 는걸 무엇 좋아하다 알다 지금 교육 대학입시 만을 교육제도 현재 빠르다 변화 사회 사회 인재 육성 아니다 오히려 혼돈 주다 방식 이라고 생각 바뀌다 대학교 오다 gpt 쓰다 혼자 생각 시간 많아지다 어떻다 직업 가다 야하다 미래 생각 마다 느끼다 무엇 좋아하다 싶다 알다 가장 중요하다 아나운서 한석준 께서 중간 중간 알다 쉬다 정리 해주다 멘트 차다 좋다 다른 인터뷰 차별성 이렇다 사람 지식인 이구나 한마디 한마디 논리 정연 막히다 자시다 상대방 낮추다 완벽하다 화법 이네 미국 살다 20년 모션 그래픽 디자이너 회사 많다 부분 ai 활용 인력 감축 되어다 일이 70 이상 줄다 ai 가다 당분간 대체 고민 지금 제빵 배우다 판검사 에이 아이 사람 보다 낫다 ai 시대 가장 먼저 사라지다 직업 정치인 법조인 기득권 물이 맑다 판사 국회의원 하루 빨리 ai 바꾸다 나라 산다 농담 아니다 ai 오다 함께 법리 검토 답변서 준비서면 제출 심다 승소 변호사 박하다 자녀 미국 ai 전공 박사 과정 자녀 도움 받다 판사 빠르다 시간 ai 바꾸다 정확하다 공정하다 재판 사람 절대로 안되다 판사 반드시 교체 객관성 상실 인간 의미 인간 향유 방향 발전 요즘 초대 게스트 비다 질문 자의 수준 형편 발음 명확하다 보다 내내 답답하다 채널 많다 한석준 아나운서 적절하다 질문 편안하다 들려오다 목소리 발음 듣다 내내 좋다 송길영 작가 인사이트 항상 아이 과도 같이 듣다 배우다 감사하다 개인 시대 인칭 부르다 you 대체 인칭 만들다 야하다 래야 나이 물어보다 송길영 작가 내용 넘다 도움 돼다 감사하다 17 03 부분 공감 처음 부터 까지 사이다 100 동의 기회 공평하다 지속 발전 살아나다 모두 사장 마인드 살다 세상 원하다 상이 신입 부터 ai 제품 번째 기획 하고 디자인 해오다 항상 느끼다 성장 더하기 아니다 거의 곱하기 수준 빨르다 노인 직업 잃다 사람 로부터 돌팔매 당하다 수도 싶다 두려움 때때로 느껴지다 만의 철학 가지 강력하다 스킬 가지다 사람 꾸준하다 성장하다 살아나다 겁니다 나중 챙기다 아프다 오래 살다 시대 안락사 허용 현직 요양보호사 대체 불가능하다 매일 체험 아나운서 중요하다 답변 솔직하다 일반인 심정 좋다 솔직하다 송길영 작가 미래 전이 신뢰 가지 대다수 일반인 에게 기다리다 무시무시하다 비참하다 상황 대하 상세 알다 불만 이번 조금 드러내다 유도 영상 분석 요약 해주다 우리 준비 정리 해주다 다니다 학원 맞다 사람 주변 사람 에게 뒷담화 싶다 gpt 에게 질문 하니 크다 부분 마음 달래다 결정 에도 도움 주다 지식 아니다 감정 일정 수준 공감 해주다 보다 고맙다 무섭다 기도 어떻다 특정 사람 보다 gpt 와의 대화 좋다 이렇다 유투브 방송 보다 좋다 낳다 자라다 아이 풍부하다 끌다 옳다 질문 수준 아직 안되다 옳다 질문 알다 사람 자다 키우다 다시 다짐 대화 듣다 보다 고맙다 감사하다 법조 100 확실하다 ai 빨리 도입 되어다 가장 빠르다 변경 되어다 세무 빨리 미화원 사회 복지사 지금 보다 인정 받다 급여 높아지다 무섭다 사람 아무리 잘나가다 써다 보다 백년 살다 늙다 죽지 에이 아이 배터리 갈아 주다 계속 생존 업글 거나 귀하다 인사이트 주다 감사하다 티피 하고도 공감 벌써 사람 입장 가능하다 미술 음악 사진 소설 에이 아이 사진전 에서는 에이 아이 작품 일등 대요 생산력 에아 이상 에이 아이 활용 사람 교육 받다 대체 안되다 찾다 인사이트 대단하다 강의 어떻다 살다 지애 생각 다르다 인공 지능 불다 오다 우리 직업 미래 고민 해보다 유익하다 시간 미래엔 냉정하다 ai 가다 재판 생각 틀리다 사람 대면 중요하다 직업 또는 예체능 선수 또는 사업 ai 시대 가야 길이 라고 생각 마지막 말씀 감사하다 현명하다 나르다 잊다 찾다 인사이트 남다르다 깊이 답변 자다 들다 아이 심리상담가 보다 사람과 상대 직업 좋다 하니 응원 해주다 아무리 많이 고해 본인 싫다 일이 직업 덥다 독립 아이 좋아하다 직업 연관 시키다 자다 찾아보다 원하다 시대 흐름 되어다 설레다 대화 대단하다 즉답 바로 나오다 작가 순발력 맞춤 질문 많다 쌓이다 이런 화가 알다 일단 살아나다 직업 보다는 현재 살아나다 중요하다 경제 씹다 이고 중국 전쟁 준비 이고 그냥 망판임 판사 검사 변호사 의사 ai 도입 되어다 공정하다 많다 혜택 대체 국민 스트레스 받다 서비스 자다 받다 빨리 앞당기다 좋다 소중하다 지식 나누다 고맙다 아나운서 시청자 눈높이 맞추다 불안감 이나 두려움 질문 해주다 고맙다 오다 작가 인사이트 미치다 읽다 보다 오다 길이 틀리다 하나 ai 기술 한계 자다 아시 불다 이정 분석 이면 좋다 용이 많다 사람 보다 좋다 다르다 모르다 변호사 건사 판사 ai 가다 판결 내면 좋다 비리 없어지다 지금 국회의원 비리다 보다 아니다 이라는 한탄 무엇 보다 빨리 법정 ai 가다 나오다 좋다 국회의원 에게 매수 정의 로운 ai 가다 처럼 빠져듬 좋다 말씀 감사하다 it 경력 50년 인데 작가 말씀 도움 받다 ai 컴퓨터 시스템 응용 기술사 정보통 특급 기술자 소프트 레아 저자 예전 교육 튀다 정답 ai 대의 교육 튀다 죽다,50
https://www.youtube.com/watch?v=QpBy2MZlvZw&pp=ygUM7J246rO17KeA64ql,"""지금 하던 거 멈추세요"" AGI 시대 오면 '이런' 인간만 살아남을 겁니다ㅣ지식인초대석 (김대식 교수 풀버전)",인공지능,15363,40 35 한국 예외 아니다 ai 시대 먼저 해고 사람 타임스탬프 00 00 독자 인사 연구 학문 ai 연구 와의 공통점 혁명 대명사 애플 ai 경쟁 처지다 이유 10년 나오다 스마트폰 이상 혁명 지금 이라도 한국 ai 가다 필요하다 이유 10년 남다 ai 가다 가져오다 완전하다 다른 세상 자본주의 민주주의 모두 흔들다 agi 미국 대기업 급속도 추다 당하다 직무 한국 예외 아니다 ai 시대 먼저 해고 사람 미래 시대 코딩 보다 필요하다 교육 ai 시대 살아나다 지금 당장 agi 시대 디스토피아 유토피아 agi 시대 인간 모두 어리다 아이 가다 카이스트 과학자 김대식 교수 과의 대화 모음 지다 ai 기술 혁명 여러분 생각 댓글 공유 해주다 보다 영상 25년 9월 30일 촬영 되어다 대가 인사이트 우리나라 이런 다행 판사 ai 가다 필요하다 우리나라 판사 뽑기 수준 미용실 원장 넘다 친근하다 대학 수준 이상 강의 유튜브 덕분 듣다 대단하다 통찰 인사이트 가득하다 훌륭핰 강의 오다 많다 지식 저장 되어다 신기하다 바뀌다 직업 신부 의사 좋다 판사 반드시 없어지다 agi 가다 판결 이념 따르다 판결 달라지다 법치 완성 agi 가다 김대식 교수 멋지다 판사 없애다 정확하다 판사 바꾸다 야하다 적어도 판사 감시 ai 에게 맡기다 야하다 늦다 새롭다 시대 느끼다 멋지다 강의 즐기다 살다 이네 완전 똘똘이 박사 한번 누구 막연하다 상상 시나리오 현실 기대다 걱정 기분 신중하다 심각하다 자다 듣다 걱정 강의 보다 이렇게 몰입 느끼다 보다 처음 오다 닿다 말씀 고맙다 40 대다 후반 에게 크다 도움 강의 가볍다 마음 들다 점점 신중하다 듣다 좋다 영상 많이 들다 보다 야하다 영상 요즘 계속 고민 어느 정도 정리 느끼다 감사하다 교수 조언 참고 미래 준비 보다 공평하다 사법부 하루빨리 al 필요 훌륭하다 인사이트 감사하다 ai 가다 지다 혼자 성장 막다 대단하다 막다 오다 한마디 한마디 넘다 재밌다 흥미진진 감명 깊다 클릭 외관 보고 미리 짐작 반성 인사이트 전달 좋다 새롭다 이론 다시 한번 고려 되어다 영상 감사하다 배경 강의 들다 켜다 보다 오다 43 07 2년 사이에도 거의 예상 급변 발전 도보 경력 자도 대부분 따라잡다 소수 엘리트 빼다 해고 싶다 처음 부터 까지 정신없이 들다 우와 대단하다 agi 가다 위험하다 ai 스스로 의도 인간 조종 의지 가지다 인데 아마도 의도 거짓말 가스 각종 협박 방식 동원 정신 바짝 차리다 살다 agi 늘다 인간 대신 맡다 사회 복잡 수백 천배 올려놓다 거고 그렇게 사람 사실 상의 지배 가다 살다 감각 자체 모조리 해체 무시무시하다 세상 오다 최고 인사이트 영상 감사 드리다 홀리 까지 보다 많다 생각 만들다 좋다 영상 이에요 요점 정리 확실하다 무식하다 이해 쬐다 감사하다 머스크 의사 로봇 대체 던데 그래서 의대 가지 말르다 외과 수술 인공 지능 로봇 대체 유토피아 실현 디스토피아 오다 인류 가만히 약간 무섭다 기도 궁금하다 대한민국 ai 도입 시급하다 분야 사법부 판사 좋다 강의 감사하다 인간 육체 능력 최고 발휘 운동선수 트레이너 까지 살아나다 버추 아이돌 이나 ai 만들다 배우 이나 예술 작품 그래도 사람 ai 보다는 리지 선호 아마도 나소 만들다 ai 영화 음악 등등 보다는 사람 직접 연주 하고 감동 주다 컨텐츠 더욱 발전 무섭다 과학기술 이렇게 빨리 발전 오다 모든 대한민국 학교 직장 필수 시청 해주다 교수 패션 스펙 멋쟁이 박사 들다 오다 무슨 흥미진진 영화 보다 1시간 지나가다 아이 한테 알다 싶다 내용 두렵다 말씀 자다 한번 버벅거리 청산유수 바로 이렇다 거구 좋다 정보 감사하다 카이스트 이렇게 배우다 미래 그리다 보다 참말 신기 아이 싶다 자다 찾다 좋다 좋다 대학 가든 가다 그러면 자기 갈다 찾아가다 교수 스타일 좋다 닌텐도 저지 tv 늘다 유튜브 시대 교수 말씀 유익하다 시간 요리사 없어지다 식당 살아나다 먹다 사람 죽다 기업 투자 시원하다 알다 쉬다 비교 설명 자다 이해 빠르다 계속 빠져들다 멋지다 시간,50
https://www.youtube.com/watch?v=RV7bB2Z37bk&pp=ygUJ7JuU65Oc7Lu1,청소년 월드컵 국가대표 감독이 된 안정환… 카리스마 장난 아님｜2026매치볼드림 EP1,월드컵,11636,기아 2026 매치 드림 다음 보기 많다 댓글 말씀 주신 처럼 기아 덕분 이렇다 깊다 콘텐츠 만들다 이번 프로젝트 우리 소년 에게 특별하다 경험 주다 싶다 기아 진심 저희 치다 열심히 작업 저번 월드컵 기아 ombc 소년 선발 이번 에는 크다 스케일 ombc 월드컵 까지 준비 kia 치열하다 긴장감 넘치다 이야기 준비 되어다 으로도 많다 관심 부탁드리다 출연 선수 모두 성장 중인 소년 선수 들이다 과도 비난 악성 댓글 사전 안내 없이 삭제 편이 지만 여태껏 보다 축구 프로그램 넘다 기대 짜증나다 월드컵 보다 재밌다 제발 이렇다 프로젝트 에는 이상하다 학부모 민원 안넣엇으 좋다 경쟁 이라는 가치 중요하다 돼다 좋다 김남일 김영광 보다 기존 쎄다 들이다 안정환 그냥 말티즈 마지막 친구 대화 영화 장면 상대 이지만 서로 격려 친구 인성 보이 우리나라 미래 여서 좋다 애기 경기 뛰다 학교 서로 모르다 친구 인데 이름 물어보다 서로 소통 보다 똑똑하다 착하다 들이다 보기 좋다 한국 축구 아끼다 도와주다 슛포 러브 엔딩 하이파이브 이번 영상 최고 울컥 마지막 친구 멋있다 편집 나이 처음 보다 선수 한테 이름 물어보다 대화 하고 적극 경기 보기 좋다 장차 크다 선수 인성 좋다 멋있다 크게 돼다 좋다 정환 이형 좋다 40분 가다 모르다 보다 옛날 청춘 fc 가다 생각나다 좋다 쿼터 만에 선수 한테 이입 재밌다 보다 어서 속편 빠르다 업로드 해주다 마지막 꼬맹이 잇다 애기 왜케 귀엽다 생각 보다 성숙하다 멋있다 역시 어른 문제 스포츠 진심 친구 이라 역시 멋지다 이번 전부 아니다 스스로 안정환 해주다 발전 가능성 과는 다르다 당장 실력 뽑다 떨어지다 실망 조금 잠깐 실망하다 바라다 월드컵 경기 보다 재미있다 마지막 어리다 친구 겁나다 멋지다 오다 서준이 침착하다 겸손하다 전술 쓰이다 포지셔닝 이해도 좋다 혼자 만의 움직임 아니다 동료 움직임 조언 하고 시야 자체 마인드 자체 다르다 괜찮다 머리 차다 좋다 나중 감독 자다 응원 항상 그렇게 겸손하다 동료 이랑 같이 나다 안정환 청춘 fc 젊다 친구 눈물 콧물 흘리다 과연 어리다 친구 어떻다 훈련 시키다 기대 들다 이리 멋있다 처음 보다 사람 맞추다 만들다 팀으루 이기다 멋있다 그냥 따다 모르다 남다 영광 안정환 좋아하다 재밌다 믿다 보다 슈포럽 압박 견디다 아이 안쓰럽다 기도 점점 승부 자신 키우다 걷다 응원 뿐이다 좋다 기회 열다 쏟다 기아 슛포럽 자다 만나다 안정환 응원 중학생 친구 이라 그렇다 들다 왤다 귀엽다 기아 잡고 슛포 러브 좋다 주제 기아 bb 슛포 러브 bb 안정환 선수 예전 청춘 fc 그렇다 이렇다 관심 많다 우리나라 축구 좋다 모습 이지만 이번 영상 보고 이렇다 생각 들다 서로 호흡 맞추다 모습 스스로 발전 의지 다지다 모습 스포츠 기능 보여주다 모습 아니다 싶다 학교 위축 체육 활동 지금 다른 의미 에서도 깊다 영상 여기 나오다 선수 자다 성장하다 미래 우리나라 축구 기둥 되어다 원함 시간 가다 모르다 보다 놀래다 짜다 경기 각자 움직 이고 이름 물어보다 소통 사춘기 시기 쉬다 여유도 마인드 건강하다 여서 좋다 다만 선수 메인 포지션 아니다 선수 선수 에게도 실력 보여주다 기회 좋다 슛포 러브 화이팅 안느 축구 유튜브 꾸준하다 보다 방송 축구 오다 타고나다 기운 좋다 감독 진심 대박나다 넘다 기대 돼다 안정화 감독 화이팅 우리나라 나무 화이팅 열심히 노력 대한민국 내주다 안정환 감독 코치 감사하다 파이팅 이렇다 이렇게 멋지다 감독 응원 재밌다 스킴 하나 보다 애기 귀엽다 세명 바로바로 평가 들다 재밌다 애기 말소리 들리다 재밌다 아이 서로 대화 건강하다 좋다 운동 니까 처음 만나다 서로 배려 하고 맞추다 모습 보이 들다 건강하다 자다 자라 주다 안정환 화이팅 국대감 확확 밀다 슛포 러브 안정환 파이팅 아이 서로 격려 하고 소통 보다 기특하다 반드시 미래 대가 나오다 유망 주도 가끔 보다 채널 인데 여기 보다 반갑다 요즘 독일 다녀오다 보다 영광 형님 카리스마 선배 형님 귀엽다 완전 두근두근 기대하다 이렇다 프로그램 많이 만들다 감독 월드컵 본선 보다 기대 우리 축구 미래 애기 인데 어쩜 저렇게 축구 몇몇 epl 생각나다 친구 보이 뭔가 가혹하다 극복 계기 너무나도 극찬 재미있다 41 29 퀘터 뛰다 자신 서로 조율 넘다 좋다 편집 인가 정환 이형 감독 데뷔 컨텐츠 좋다 보다 재미 의의 좋다 안느 어리다 선수 포인트 레슨 보다 관찰 선수 습관 수정 거나 축구 기술 어떻다 축구공 어디 차야 원하다 방향 갈다 잠깐 보고 알다 자다 선수 바로 바뀌다 어리다 선수 신기하다 눈빛 진지하다 바뀌다 안느 축구 경기 이렇게 집중 보다 처음 경기장 처럼 시간 후딱 역시 자라다 아이 열심히 모습 언제 보다 감동 오다 안정환 슛포 러브 나오다 선배 선수 학연 지연 극악 경우의수 뚫다 살아나다 선수 라는 새싹 선수 들다 좋다 쓸다 듣다 더욱더 노력 목표 이루다 기원 선수 속마음 까지 알다 니깐 재밋,50
https://www.youtube.com/watch?v=RZi4N791r3U&pp=ygUM7J207Iqk65287JeY,"[속보] ""이스라엘군, 휴전 파기시 이란 에너지시설 공격"" - [MBC 뉴스속보] MBC뉴스 2026년 04월 19일",이스라엘,3148,처자 후손 자식 후손 싸우다 전세계 시끄럽다 싸움 주변 자다 나가다 구라 서로 모르다 동일하다 가지 이상하다 정신 하나 본인 교주 라고 생각 수고 많다 대한민국 힘내다 대한민국 화이팅 고맙다 미치다 악마 휴전 협상 에도 여기 저기 폭격 아이 민간인 학살 상대방 그냥 치다 맞다 협박 비열하다 사탄 이구만 언제나 이스라엘 먼저 협상 파기 하고 약속 먼저 파기 이란 파다 보다 nice english sub 벌리다 자동 발사 간악 유대인 네타냐후 팔레스타인 레바논 이란 국민 학살 만행 그렇다 학살 만행 동조 트럼프 에게 반듯이 신의 엄중하다 심판 모조리 파괴 다시다 일어나지 정보 유출 아니다 트럼프 직접 겠다 트럼프 설레다 바리 그대로 읻으 안다 이렇다 사기꾼 다물다 라이 탄핵 받다 휴전 이란 최악 두다 이제 증시 전쟁 커플링 영향 주다 시간 벌다 협상 유리하다 위치 선점 트럼프 장사 하고 거짓말쟁이 나르다 자다 도둑 따로 이스라엘 놀다 트럼트 멍청하다 이번 기회 알라스카 침공 접수 얄밉다 이란 아니다 트럼프 되돌아보다 주식 또람프 돈버 구먼 이스라엘 아치 국가 인가 세계 국가 에너지 인하다 고통 받다 잇다 망하다 이스라엘 망하다 세계 국가 까지 망하다 만드 나후 탄핵 그리다 휴전 무슨 휴전 끄다 가다 넘다 해협 인질 잡다 대다 까불다 박살 내버리다 도대체 전쟁 뭘얻엇 주식 누구 그렇다 타다 지금 모자라다 까지 살다 레거시 언론 협상 이란 연구 이스라엘 화이팅 이란 나라 자체 지우다 지다 들이다 통행료 당연하다 수순 전쟁 시작 보다 예수 이스라엘 이름 없이 사라지다 이스라엘 네타냐후 망하다 나라 세상 이스라엘 이름 유대 나찌 히틀러 가다 만들다 히틀러 아니다 유대 나찌 탄생 역사 왜곡 천년 기록 유대 역사 히틀러 학살 왜곡 되어다 대한민국 이스라엘 맞다 뜨다 전쟁 돈버 트럼프 넥타이 색깔 보다 네타냐후 트럼프 국힘 이나 똑같다 모조리 파괴 이란혁명 파괴 미국 맞서다 살이 볼거리 독재자 깡패 트럼프 깡패 국가 미국 원유 100만 배럴 라나 반나절 용도 밖에 안되다 원유 들어오다 호르무즈 봉쇄 뚫다 들어오다 설레다 뜨다 이재명 정부 참으로 웃기다 사라지다 80만 배럴 어디 살아젔는 도대체 이재명 정부 믿다 신뢰 진실성 막말 일삼 늘다 이재명 정부 허상 보다 업다 참으로 안타 대한민국 앞날 암담하다 지방선거 끝나다 주택 유세 올리다 꼼수 어찌 보다 야하다,34
https://www.youtube.com/watch?v=Rrf8uQFvICE&list=RDRrf8uQFvICE&start_radio=1&pp=ygUJ64m07KeE7IqkoAcB,NewJeans (뉴진스) 'Hype Boy' Official MV (MINJI ver.),뉴진스,534417,인생 최고 걸그룹 멤버 버전 내다 의미 확장 시키다 멤버 하나 하나 인식 시키다 자본 자다 이용 똑똑하다 기획 이라고 쓸리다 이렇게 쓰다 맞다 이거지 케이팝 이제야 돌아오다 그동안 비슷 비슷하다 컨셉 지루하다 깨어나다 그거 아니다 아직도 들다 새롭다 역대 데뷔 뭔가 미래 적임 상상 20년 아이돌 돌판 사람 뉴진스 진심 이냐 뭔가 이런 갈증 느끼다 특히 세대 슴덕들 특히 love wa choreo minji looked distracted wa looking guy omg detail debut different 처음 뮤비 보다 생각 가사 hybe boy 예찬 뮤직비디오 그렇다 hype boy 늘다 보여주다 모든 장면 철저하다 연출 되어다 자연스럽다 느낌 좋다 청량하다 하이 정도 자다 그리다 내다 그룹 최근 요즘 케이팝 보다 전부 상업 칠하다 기계 이고 미래 음악 진부하다 간만 신선하다 세련되다 느낌 대중 이런 원함 노래 자다 뽑다 아니다 그냥 민희진 개다 그대로 민희진 감성 정의 인트로 멤버 별로 선택 두다 박하다 민희진 대표 기자회견 컨트롤 비트 감동 받다 그녀 역작 다시 돌아보다 이제 조그만 사각형 박스 이쁘다 뮤비 질리다 22 세기 느낌 생동감 신선하다 최고다 프로듀싱 자다 기획 세대 걸그룹 향수 불러일으키다 트랜디 담다 감각 그룹 아무렇다 홍보 없이 나오다 이유 신비 주의 아니다 방시혁 막다 누가 뉴진스 세대 노래 세련되다 올해 들다 노래 제일 세련되다 like minji ver bcs pretty visuals plot like fun teen drama 민지 보다 유니크 페이스 뭔가 계속 보다 지원 빵빵 받다 많다 뮤비 찍다 알다 그냥 차력 기자회견 ver 보고 다시 니까 감탄 나오다 안무가 잘나오다 안무 동선 신선하다 더하다 시선 처리 표정 까지 분명 계산 겠다 자연스럽다 그냥 친한친구 끼리 춤추다 노래 촬영장 이고 소품 이고 연출 인데 작위 이지 어디 절대 그렇다 느낌 모든 구상 하고 실현 해내다 능력 차다 대단하다 노래 듣기 편안하다 그냥 팝송 듣다 어텐션 졸라 취저 뮤비 하이 무비 한편 뚝딱 이라 쩌는데 멤버 능력 치도 사기 에다가 비쥬 얼다 넘다 사다 고급 스럽게 이쁘다 근데 대박 노래 미치다 좋다 계속 듣다 케이팝 미국 에서는 너드 취급 받다 기선 자다 나가다 예쁘다 소녀 하이 화풍 배경 케이팝 케이팝 자연 스럽게 너드 벗어나다 그냥 너드 아니다 다른 자연 스럽게 즐기다 문화 처럼 보임 되게 똑똑하다 민희진 걸그룹 민희진 대단하다 기획 자네 그룹 자다 만들다 인기 많다 멤버 처음 비슷하다 보이다 계속 보다 다섯 잘뽑다 다른 매력 그것 요즘 트렌드 느낌 생기다 가장 세련되다 방식 자연스럽다 감성 차다 어렵다 대단하다 기획 자도 뉴진스 멤버 newjeans without danielle newjeans five 요새 노래 시끄럽다 청량하다 세련되다 시원하다 아이스티 들이키다 느낌 어제 부터 100 번은 듣다 스타일 피지 안무 대박 캐스팅 부터 신인 개발 민희진 보다 어디서 이런 데려오다 여사 다음생 아트 디렉해 아니다 노래 이렇게 대중성 트렌디 나오다 오랜 만인 약간 박재범 오다 에프엑스 포월 샤이니 느낌 지나다 촌스럽다 홍보 막다 뮤비 제작 뿐이다 슬프다 어쩐지 뮤비 많다 하이 미드 튀어나오다 걸그룹 어떻다 이렇다 분위기 내지 민희진 대단하다 노래 싱그럽다 자체 라서 그룹 케이팝 어떻다 센세이션 불다 일으키다 궁금하다 기대 국내 확실하다 잡다 공식 뮤비 한국어 이렇게 많다 처음 minji ver refreshing watch summer 남자 애가 안보 이니까 집중 모습 애가 에게 관심 끄다 불안하다 그게 공감 되어다 감정 몰입 뮤비 시리즈 편이 사랑 빠지다 설레다 자다 표현 첫사랑 추억 떠올리다 자꾸 찾아보다 듣다 민지 이쁘다 약간 무심하다 생기다 좋다 우리나라 아이돌 걸그룹 이렇다 컨셉 뉴진스 컨셉 센세이션 일으키다 청순하다 차고 예쁘다 세련되다 그동안 우리 보지 아주아주 신선하다 그룹 보이 듣다 반응 시큰둥 방시혁 그래도 좋다 알다 막귀 보이 듣다 레전드 오다 그렇다 미감 안목 이니까 민희진 한테 열폭 이해 뮤비 분명 철저하다 짜다 맞추다 불구 하고 길거리 부분 보다 엄청 자연스럽다 연출 정점 인가 35 painted nail green changed hair color haha art musical direction girl group chef kiss 오다 멤버 별로 뮤비 내다 지금 하나 하나 보다 스토리 재밌다 찾아보다 마케팅 하이브 민희진 이라니 기존 정형 걸그룹 느낌 아니다 뮤비 노래 상당하다 트랜디 관심 가다 자고 일어나다 멜로디 머릿속 맴돌다 또옴 뮤비 넷플릭스 한편 보다 fx 보다 트렌디 감성 가득 스타일 그렇다 넘다 기대 비리 집단 뉴진스 살아나다 멤버 별로 뮤비 보고 니까 흥미 로움 보이 누구 에겐 짝사랑 상대 누구 에겐 친구 누구 에겐 뜻밖 존재 좋다 미가 떨어지다 기도 가지 노래 이렇게 다양하다 관점 풀다 생각 해보다 굉장하다 신선하다 느껴지다 아니다 민희진 천재 인가 보다,50
https://www.youtube.com/watch?v=Rwx2EGl7i2U&pp=ygUJ7JuU65Oc7Lu1,심통난 씨네필 셋과 함께하는 명작 영화 월드컵 | B주류초대석 허키 시바세키,월드컵,30613,취향 문화 경계 없이 이야기 나누다 주류 경제학 스핀오프 많다 응원 바라다 초대 게스트 댓글 남기다 줄다 거의 영상 집임 다녀오다 민경 편집자 불량 성향 파악 실시간 애티튜드 바꾸다 모습 토크 밖에 영상 제일 귀하다 자료 간지 쏘우 리스트 넣다 신의 민경 출판사 직원 체통 지키다 하고 삿대질 고성 방가 세계 달라짐 불협화음 화음 초반 에는 은은하다 막말 갈수록 서로 막말 웃기다 쏘우 부터 10 편견 갖다 네필 혐오 심통 네필 안경 쓰다 오다 웃기다 키우다 아빠 로서 김민경 처럼 밉다 귀엽다 사람 자르다 어떻다 제일 많이 아니다 지금 댓글 아무 영화 에는 관심 영상 가구 처럼 틀어놓다 막말 서로 뒤끝 택시 드라이버 송강호 까메오 부분 최종 붕괴 순수 재미 오브 50 11 여기 킬포 시네필 단어 거부 처음 박다 시간 내내 시네필 꺼드럭 개웃 기네 서로 존나 무례하다 회수 100만 넘어가다 100만 명이 보다 생각 비주류 킥킥 심통 들다 10만 명이 10 보다 일단 제발 이서 세상만사 떠들다 해주다 세분 목소리 궁합 꽉차다 저음 발성 허다 스키 저음 낭랑하다 여자 발성 스스로 고전 명작 되어다 버리다 명작 영화 월드컵 스멀스멀 친해지다 단계 술자리 재밌다 고딩 제일 친하다 어른 직장인 간지 한테 밀리다 존나 신기하다 세명 알았 지옥 올라오다 김풍 침착 통천 이네 대중픽 이라고 싫어하다 치다 웃기다 50 15 다시 보다 웃기다 김간 당황 바로 받다 치다 민경 똑똑하다 어디 내놓다 자랑스럽다 이렇게 까지 누구 댓글 영화 얘기 쉬다 블랙 친구 단순하다 문장 이렇게 웃기다 모르다 남자 분들 이렇게 심통 날다 근데 점점 민경 같이 심통무드 변하다 같이 심통 토크 불량 상대 민경 기개 감탄 매일 보다 니까 심술 심술 아니다 누가 보다 결승 펄프픽션 인데 심통 나서다 고르다 개욱김 상종 안되다 사람 목록 먹다 설거지 사람 자마자 샤워 사람 벗다 걸이 사람 쏘우 부터 10 까지 보다 사람 혼자 숨다 킥킥대다 보다 회수 100만 지브리 근데 무례하다 티키타카 강도 적절하다 수준 인데 편집 감다 살인 약간 오버 부분 알다 치다 내다 이정 넘다 계속 부탁드리다 좋다 보고 니까 사실 영화 모르다 다른 주제 떠들다 궁금하다 연어 마냥 돌아오다 영상 여자 조합 처음 오다 민경 대단하다 어떻다 상대 쭈욱 보다 간지 허다 대단하다 보임 어떻다 민경 감당 56 29 아니다 영상 처음 보다 민경 불량 압도 비난 하고 생각 다시 니까 간지 민경 이라고 존칭 계속 이렇다 비난 니까 서로 비난 말로 폭력 난무 현장 이란 느껴지다 웃기다 12 22 지금 비주류 초대 이렇게 보다 영상 자체 민경 싫어하다 영화 장면 아니다 ai 합성 보고 사운드 오브 뮤직 올리다 졸라 황당하다 개웃 기네 처음 클릭 누가 댓글 째다 보다 존나 호들갑 떤다 생각 가지 정확하다 째보 19 55 돌발상황 완전 초기 라디오스타 느낌 졸라 웃기다 제일 심드렁하다 허다 가운데 앉다 레전드 시작 이서 억지로 웃기다,50
https://www.youtube.com/watch?v=S4UEJePR0UE&list=RDS4UEJePR0UE&start_radio=1&pp=ygUJ64m07KeE7IqkoAcB,NewJeans (뉴진스) 'Hype Boy' Official MV (Performance ver.2),뉴진스,520425,여름밤 모두 에게 아직 이만 나오다 소녀시대 전설 화려하다 젊음 이왕 이렇게 버리다 씩씩하다 들다 살다 뉴진스같 그룹 영원하다 나오다 2026년 에도 다시 노래 듣다 걸그룹 뉴진스 만큼 감성 나오다 힘들다 진심 법정 문제 떠나다 3년 돼다 아직도 세련 돼다 어른 싸움 세상 물정 모르다 아이 다치다 아깝다 걸그룹 방시혁 아래 청춘 허비 독립 이루어지다 노래 찌다 지나다 세련되다 들리다 것임 뮤비 처음 보다 신선하다 잊다 들다 싱그럽다 이뿌다 케이팝 역사 노래 아직도 뉴진스 노래 사랑 다시 보다 의상 센스 미치다 비비안 웨스트우드 최고 개다 만들다 지독하다 자다 만들다 뉴진스 많이 힘들다 뉴진스 혼자 아니다 버니즈 안무 노래 분위기 미모 스타일 뮤비 색감 등등 매번 하나 작품 director many performance version need newjeans yes honestly song refreshing different watch see wait see future hold 독보 식구 끼리 카피 필요없다 이렇게 실력 밟다 즐겁다 회수 이렇게 많다 즐겁다 일단 노래 1회 아니다 두고두고 찾다 아들 정도 좋다 명곡 아직 포기 다시 훨훨 자유롭다 날기 뉴진스 확실하다 올해 가장 좋아하다 데뷔 세련 지다 다른 그룹 과는 달리 청바지 좋아하다 노래 헤어 스타일 뮤비 모두 지금 보다 세련되다 보임 honest song simple high note bridge weird rap amazing vocal fresh dancing refreshing amazing outfit really look like costume like normal simple comfortable cool understand mean feel like popular girl school spreading vibin friendship 컨셉 제대로 잡다 케이팝 덕후 심장 뛰다 컨셉 이야 컨셉 오래 유지 해주다 제발 좋다 지금 보다 헤메 예쁘다 뉴진 스노 감성 다시다 보다 차다 아쉽다 계속 활동 최고 걸그룹 돼다 독보 이기다 왜냐면 에스엠 이미 수많다 업적 쌓다 불다 괜차 인생 길다 보다 어떻다 모르다 기회 다시 오다 29 빅뱅 이후 처음 맨날 맨날 유튭 뉴진스 검색 쳇바퀴 생활 힐링 어도 파이팅 like new jean trying hard cute edgy like kpop girl group cool girl haerin move smooth sharp cold straight face got hooked onto song like let girl sing mature tone underage concept actually cute love reminds high school day 한국어 응원 유명하다 밴드 댓글 어디 4월 30일 무슨 꿍꿍 인지 지켜보다 haerins dancing effortless charisma effortless girl 1년 개월뒤 콘서트 보다 간다 끊임없다 뉴진스 영상 뿌리다 하이브 대단하다 pop 역사 전설 작품 아니다 어떻다 그룹 이렇게 만들다 천재 다르다 보이 듣다 반응 시큰둥 방시혁 그래도 좋다 알다 막귀 보이 듣다 레전드 오다 그렇다 미감 안목 이니까 민희진 한테 열폭 이해 알다 처음 에는 듣다 그냥 들다 보다 노래 나다 모르다 박히다 듣다 대한민국 레전드 걸그룹 뉴진스 아무 넘다 블핑 아이브 세라핌 누구,46
https://www.youtube.com/watch?v=SGmklQrQmXk&pp=ygUM7J207Iqk65287JeY0gcJCQQLAYcqIYzv,"웃고 있는 이스라엘 군인, 떨고 있는 여성...이탈리아 잡지 표지에 '경악'｜지금 이 장면",이스라엘,5585,역겹다 피해 자임 강조 저런 이스라엘 이상 홀로코스트 자격 홀로코스트 이스라엘 전쟁 범죄 면죄부 이스라엘 전쟁 학살 당장 중단 영상 까지 공개 하고 피해자 까지 직접 등판 조작 이라 면서 피해자 코스프레 팔레스타인 여성 공포 뜨다 얼굴 표정 불쌍하다 야만스럽다 보기 불편하다 사진 나쁘다 너희 대우 받다 인과응보 하이에나 이빨 들다 먹이 내다 보다 모습 악마 어디 찾다 필요 바로 여기 이스라엘 이상 홀로코스트 피해자 아니다 가해자 조작 이라기 에는 이스라엘 에도 민간인 지역 폭격 언덕 맥주 말다 구경 환호성 지르다 전적 신뢰 가다 사진 과거 나치 피해 울다 현재 나치 행동 나치 보다 나쁘다 먹이 사냥 하이에나 보다 끔찍하다 사탄 국제 처벌 히틀러 내다보다 니까 악의축 이스라엘 천벌 받다 이스라엘 신간 이제 소름 끼치다 정도 싫어지다 집단 광기 난무 이스라엘 히틀러 한테 당하다 고스 배우다 똑같이 써다 먹다 히틀러 에게 정당성 부여 아이러니 유대인 표정 보다 얼굴 에도 마귀 본색 적나라 드러나다 나치 전범 이스라엘 인권 살해 범죄 학대 하고 처분 피해 민족 가지다 악랄하다 학대 고문 살인 스스럼없이 구나 군인 에겐 여성 인권 따위 하챦을듯 기분 대로 많다 진상 세상 알려지다 자기 지도자 미치다 해대 저렇다 괜찮다 은줄 알다 물이 맑다 아랫 물이 맑은 홀로코스트 살인 유대인 범죄 예방 인도 좋다 이스라엘 잃다 헤매다 이런 상황 미국 이스라엘 조찬 양하다 극우 토나오다 저런 하고 시대 살다 인구 1000만 안되다 조그만 나라 세계 어지럽히다 이쯤 세계 이라 우리 악마 보다 존나 괴기하다 싸이코 홀로코스트 피해자 가해자 고참 한테 학대받다 고참 서다 지다 똑같이 학대 쟤넨 맨날 조작 돼다 가짜 뉴스 지다 들이다 그렇다 오다 완전 미치다 인간 보다 사탄 악마 유엔 보고서 따르다 이미 서안지구 에서는 이스라엘 정착민 이스라엘 정부 음성 지원 받다 팔레스타인인 상대로 방화 살인 저지르다 매년 천명 죽다 적법하다 처벌 받다 넘어가다 태반 이라 서안지구 팔레스타인인 거주 시간 갈수록 띄다 악마 얼굴 이스라엘 히틀러 유대인 학살 정치 이용 벌써 잊다 당시 유럽 금융 고리대금업 자다 나가다 밉다 상이 히틀러 그걸 이용 것임 역사 되풀이 지금 이스라엘 유럽 밉다 상이 악마 자체 악마 여러가지 모습 나타나다 옛날 에는 이스라엘 멋지다 나라 라고 생각 나라 유학생 귀국 자원 입대 모습 보고서 지금 악마 다름없다 행동 보다 히틀러 이해 시작 그렇다 악마 따로 홀로코스트 당시 나치 유대인 특정 장소 가두 살상 서슴다 전세계 국민 이러하다 사실 분노하다 나치 증오 2026년 현재 유대인 이루어지다 이스라엘 팔레스타인 특정 장소 가두다 살상 서슴다 이유 이스라엘 나치 다르다 전세계 국민 인정 하고 증오 네타냐후 히틀러 다르다 인간 취급 히틀러 의문 악마 목소리 네타냐후 예수 이고 자기 선택 받다 라는 유대교 들다 아무 이야기 불편하다 진실 이스라엘 아무래도 지도 된거 악마 얼굴 이렇다 아니다 기괴하다 표정 악마 보다 우리 리트리버 먹다 장난 표정,49
https://www.youtube.com/watch?v=SeVa2WAPx78&pp=ygUM7J246rO17KeA64ql,'박사급 AI' 7억 명에 무료 공개…벌어지는 격차 / SBS 8뉴스,인공지능,5573,예전 궁금하다 포털 이나 유튜브 검색 ai 한테 물어보다 시대 변하다 얼마 까지만 해도 코딩 교육 열풍 순식간 은퇴 걱정 지금 ai 시장 초창 기르다 초창 에도 불구 하고 여러 분야 일자리 위협 하고 10년 이면 사람 기본소득 받다 플러스 결재 쓰다 어떻다 업무 시간 반의 반의 무섭다 발전 속도 1년 전이랑 비교 지금 안되다 좋아지다 1년 뒤는 어떻다 상상 안되다 간단하다 프로그램 이제 프롬프트 제작 가능하다 놀랍다 기술 이네 요즘 번역 파파 쓰다 gpt 한테 물어보다 여러 방면 다양하다 알다 예전 나라 경제 걱정 신경 많이 쓰이다 지금 중국 물건 보고 미국 ai 보다 몸서리 치다 어떻다 극복 헛된 시간 많이 허비하다 업그레이드 이후 기존 대화 내용 인식 다시 교육 시키다 지금 유튜브 영상 보고 리플 달다 순간 우리 누구 에게 데이터 주다 생각 해보다 이기다 싸움 인지 아니다 생각 필요 없이 나오다 사람 해주다 일도 이제 ai 가다 대신 시대 오다 사라지다 직업 이나 지금 한국 it 주식 평가 거품 인게 이렇다 당장 it 주식 뉴스 하나 와도 닷컴버블 마냥 무지 상승 정작 gpt 발톱 수준 만도 한국 ai 늘다 늦다 늦다 그렇다고 투자 안되다 아니다 지금 이라도 세금 내다 가짜 치다 발전 시키다 야하다 코로나 개발자 거품 별개 뉴스 에서는 gpt 모델 코딩 정도 저건 이미 claude 가능하다 수준 한국 워낙 느리다 유행 민감하다 gpt 언급 개발 claude 가다 이전 모델 보다 뛰어나다 당연하다 결과 ai 모델 학습 데이터 많다 많다 능력 향상 무조건 무료 풀다 ai 발전 속도 빠르다 1년 안되다 성능 이상 된거 프로그램 개발 보통 1년 써다 에러 그렇다 조정 안정화 지피다 개발 수정 안되다 지피다 수정 거의 불가하다 엄청 불편하다 300 라인 넘어가다 거의 먹통 아깝다 기술 발전 이렇다 빠르다 이제 누가 어떻다 구체 질문 하고 영하 능력 중요하다 미나 빨리 나오다 좋다 100초 만에 껍데기 웹사이트 뚝딱 박사 200달러 플랜 사용 클로드 호들갑 환각 일어나고 구조 특이점 절대 오다 gpt 검색 결과 놀라다 들다 어떻다 통계 물어보다 과거 수치 도표 비교 예측 망치 까지 거의 오류 없이 모두 나열 해주다 자산 관리사 보다 나다 애초 gpu 차이 어마 경쟁 리가 01 10 에헤 아이스 빠지다 컴퓨터 문제 네이버 입력 ai 가다 해주다 그렇다 싸하다 해결 내놓다 오류 가능성 낮추다 안전성 반복 정리 요약 강화 오히려 감응 명성 대화 창작 기능 전보 성능 낮아지다 점점 기업 정보 되어다 원래 지피다 만의 매력 반감 아쉬움 공명 기술 동시 발전 아니다 한쪽 희생 시키다 행시 한쪽 발전 라면 예전 처럼 버젼 선택 이라고 다시 복원 오다 뉴욕시티 software engineer 들다 짜다 겠다 좋다 직업 소득 이고 원래 궁금하다 문제 생기다 인터넷 검색 알아보다 과정 자체 되게 귀찮다 요즘 지피다 덕분 편하다 그래도 중간 중간 틀리다 정보 섞이다 만능 아니다 나중 가면 어떻다 chqt gtp 진짜 너무 좋아 세상 대박 발길 멀다 미국 중국 년전 부터 천억 쓰다 개발 연구 이나 라는 의대 하고 아파트 지다 이미 중국 미국 대못 이기다 평생 영어 번역 경우 아직도 제대로 하고 실수 경우 상당하다 그래도 많이 좋다 지다 세다 조정 아직도 필요하다 번역 해주다 100 프로 맞다 믿다 말다 간단하다 회화 자다 맞다 정확하다 정보 많다 맹신 사람 문제 음악 만들다 현실 이랑 분안 가게 영화 만들다 미래 에는 연예인 이라는 직업 사라지다 심심하다 케이팝 미디엄 템포 발랄하다 목소리 가수 부르다 만들다 달라 개정 만들다 들려주다 퀄리티미쳣음 솔직하다 발전 속도 계속 늦추다 이르다 그냥 미치다 발전 끄다 지금 이라도 먹다 사무 현장 이든 어느 정도 ai 가다 가능하다 산업 로봇 상요 나중 마켓 이런 처럼 일용직 먹고살다 기업 이상 언제 필요 없어지다 모름 그니까 천재 개발자 1억 보다 낫다 얘기 애초 ai 늘다 머스크 위험하다 어느 기업 이렇게 균형 버리다 그렇다 성장 빠르다 ai 사업 가속 걱정 이네 이르다 모든 직업 사라지다 누가 벌다 어떻다 벌다 사람 모든 사람 종속 걸다 겁나다 미국 빠르다 chatgpt 물어보다 동안 지피다 유료 쓰다 오늘 갑자기 바뀌다 써다 보다 미치다 차이 지능 차이 미치다 쓰다 작업 피드백 수준 달라 좋다 지적 이야 오다 많다 코드 분만 쇼크 직접 짜다 세월 걸리다 오류 잡다 나오다 마다 박사 설레다 치다 이번 gpt 에서는 출력 토큰 줄이다 온갖 원가 절감 당한 느낌 이라 예전 gpt 가다 되어다 출력 답변 품질 훨씬 좋다 종료 라니까 죽다 싫다 거짓말 해결 세계 각국 ai 개발 경쟁 들어가다 계속 진보 ai 가다 나오다 필연 에너지 문제 대두 ai 발전 속도 만큼 에너지 생산 기술 발전 되어다 전공 자다 년전 개발 공부 접다 유임 지피다 처음 나오다 공부 해보다 금방 밥줄 걱정 싶다 드디어 데이터 수집 전쟁 인가 일자리 많이 변화 20 gpt 가다 가능하다 기술 발전 사람 들어가다 자리 많이 줄어듬 선셰이션 나다 지금 gpt 못살겄다,48
https://www.youtube.com/watch?v=U2YKyMJhT5c&pp=ygUJ7JuU65Oc7Lu1,"멀티골 넣고 미친 활약 보여줬던 조규성... 미 매체, “미친 경기”",월드컵,5146,26년 4월 1일 인데 보다 신분 개추 지다 넣다 다득점 16 강간 거임 마지막 코너킥 주다 앤서니 테일러 대머리 주심 역시 경기 이강인 투입 자마자 압박 크로스 지금 보다 소름 돋다 타지 생활 인데 너무나도 경기 다시 대한민국 사람 이라 는걸 깨우다 감사하다 대한민국 월드컵 같이 터프 헤딩골 짜릿하다 이형 누가 최고 솔직하다 요즘 보고 조금 원망하다 영상 보고 중요하다 순간 크다 역할 해주다 스트라이커 인지 다시금 알다 사람 힘들다 우리 미안하다 최고 까지는 모르다 차다 가나 열렬하다 응원 하고 가나 수비 진과 키퍼 한테 고맙다 4월 보다 사람 영웅 따로 이렇다 우리 히어로 라고 부활 믿다 솔직하다 이번 대회 그저 그렇다 대회 후반전 정비 우리 플레이 계속 보여주다 기어이 동점 만들다 보고 감동 먹음 물론 역전 당하다 지기 결국 경기 멀티골 16 강행 견인 선수 두번째 터지다 순간 카톡 마비 엄청나다 포르투갈 황희 선수 역전 골도 멋지다 선수 두번째 제일 감동 적다 감독 중요성 한국 월드컵 본선 최초 경기 멀티골 절실 제일 가슴 뭉클하다 이강인 얼리다 크로스 명품 득점 이전 인스타 팔로워 4만 멀티골 직후 140만 대한민국 역사상 멀티 월드컵 한국 저렇게 호쾌 넣다 별로 시계 다시 월드컵 흘러가다 이경기 보다 헤딩 능력 월드 클라스 미치다 경기 하나 넣다 내미다 웃다 표정 분위기 바꾸다 한몫 보다 보이다 여유 덕분 경기 풀리다 생각 헤딩 어마 무시무시하다 12 김진수 어시 00 베다 가나 레알 전율 우리 케이리그 득점 월드컵 폭격 황희 선수 골다 감동 권창훈 나오다 애초 이강인 나오다 황희 나오다 아쉽다 동점골 짜릿하다 이강인 올리다 크로스 나오다 덜덜 제일 중요하다 강인 이경기 분위기 바꾸다 제일 크다 이번 월드컵 나다 다시 한번 우리 16 예전 갈리다 강인 많이 나오다 현재 우리나라 미래 보다 최고 인재 강인 사자왕 뚝배기 최강 25 이강인 어시 대다 지고 상황 모든 선수 최선 모습 너무나 크다 감동 받다 아직 까지도 깊다 여운 남다 힘드다 일이 생기다 마다 날아오르다 동점 헤딩골 생각 크다 용기 얻다 한국 살리다 어시스트 훌륭하다 좋다 헤더 부정 사실 이지만 이경기 수훈 이강인 이지 들어오다 손흥민 이랑 황인 원투 주고받다 실수 나서다 뺏다 역습 이강인 바로 컷팅후 택배 크로스 미치다 크로스 분위기 반전 이후 공격 모습 계속 나오다 이강인 기회 추다 미치다 이강인 숨기다 재능 다시 찾다 경기 감독 뜨다 이강인 넣다 강인 축구 예술 이야 두번째 골다 보다 보다 쩐다 2분 7초 역시 김민재 수비 우리 공격 잊다 수비 본능 해딩 다시 니깐 소름 이네 차다 무승 징크스 소름 돋다 2002 한일월드컵 부터 차다 모두 전반전 선제골 내주다 선제골 먹히다 시점 전부 전반 26분 넘기다 슈퍼스타 탄생 가나 전도 그렇다 브라질 전도 쉬다 먹히다 나비 처럼 날다 처럼 쐇다 박력 쩐다 한국 월드컵 경기 역사상 경기 넣다 유일하다 선수,47
https://www.youtube.com/watch?v=UHaCYrFaLl8&pp=ygUJ7JuU65Oc7Lu1,레전드만 모은 J-POP 라이브 월드컵 64강,월드컵,14995,44 00 walking 괴수 노래 라이브 미치다 황색 사회 들다 황색 사회 이상형 월드컵 어떻다 가요 100 가까이 띵곡 이라 들다 보다 목소리 카와이 아니다 react one ok rock luxury disease japan tour 2023 pleaseee love 33 bump 45 20 15 51 요요기 늘다 여기 요요기 라는 라이브 그렇게 부르다 음악 진심 사랑 한다는 마음 전해지다 되어다 일본 에서보다 열심히 응원 감사 마음 담다 나다 mela 좋아하다 들어주다 고맙다 3월 ellegarden 이라는 밴드 내한 공연 가보다 마침 오늘 일이 업데이트 오다 매번 귀엽다 어디 자막 나오다 보기 좋다 역시 반응 맛있다 미세 댄스홀 당시 라이브 코로나 여파 환호성 제한 돼다 그래서 조용하다 분위기 please back number reaction series happy end love happy birthday suiheisen mabataki christmas song takane hanako san velvet phantom thief 10 hanataba 11 yellow 12 nichiy bi 13 winter spring 14 heroine waiting reaction 오다 이쁘다 주인 장님 그래서 올해 게단 내한 티켓팅 성공하다 오크 we are 쇼츠 내려가다 아무리 찾아보다 first story 잘생기다 축구선수 월드컵 해주다 look kawaii big fan oneokrock의 take want와 clock strikes의 live를 추천합니다 bump of chicken 오래되다 밴드 20년 전에는 젊다 늘다 나이 많이 들다 bump chicken one ok rock stand fit live luxury disease 2023 pop fan mainly know much pop kinda look like le sserafim girl eunchae unche sure spelling 34 vaundy 사랑 감기에 실려서 57 bump chicken butterfly 13 59 fujii kaze 반짝 키라리 18 06 vaundy chainsaw blood 오피셜히게단디즘 official dism universe novelbright sunny drop one ok rock wherever 오피셜히게단디즘 official dism cry baby 새로운 학교의 리더즈 atarashii gakko 오토나 블루 에이토 eito 향수 mr green apple 댄스홀 novelbright 달맞이꽃 sekai owari habit imase night dancer sumika fiction 에이 향수 대박나다 랜데 이런 영상 미세 그린 애플 나라 한번 들다 바로 입덕 19 16 vaundy vaundy vaundy vaundy vaundy aimer rain 들어보세요 개띵곡임 one ok rock etcetra 라이브도 좋고 amazarashi 라이브도 좋음 45 33 sid rain 댄스홀 일본 트로트 어쩌구하 채팅 개다 긁다 21 39 official higedandism universe 37 38 official higedandism cry baby 59 37 sekai owari habit 16 31 one ok rock kanzenkankaku dreamer kenshi yonezu lemon kenshi yonezu loser gen hoshino comedy 41 15 55 08 11 15eve,35
https://www.youtube.com/watch?v=UIBLOK6XCCA&pp=ygUM7J246rO17KeA64ql0gcJCQQLAYcqIYzv,"""10년도 안 남았다."" 앞으로 세상을 지배할 충격적인 기술ㅣ지식인초대석 EP.68 (김대식 교수 1부)",인공지능,59061,15 09 10년 나오다 스마트폰 이상 혁명 타임스탬프 00 00 인트 독자 인사 연구 학문 ai 연구 와의 공통점 혁명 대명사 애플 ai 경쟁 처지다 이유 10년 나오다 스마트폰 이상 혁명 지금 이라도 한국 ai 가다 필요하다 이유 10년 남다 ai 가다 가져오다 완전하다 다른 세상 자본주의 민주주의 모두 흔들다 agi ai 넘어서다 agi 시대 여러분 어떻다 살아나다 외관 지역 트로트 가수 처럼 보이 지만 사실 인간 가장 진보 평생 만나다 하고 듣다 보도 이야기 침대 눕다 편하다 듣다 보다 자체 세상 빠르다 변화 알다 으로의 세상 기대 쇼츠 바삭 사람 인데 교수 설명 이해 청산유수 통찰 대단하다 머릿속 쏙쏙 들어오다 감사하다 괜히 교수 학인 아니다 통찰 지식 놀라다 자다 보다 안녕하다 한석준 김대식 박사 한마디 한마디 깊다 생각 만들다 ai 달라지다 미래 서도 여러가지 각도 생각 해보다 의미 시간 지금 부터라도 써다 보다 역시 파자 설명 어떻다 교수 보다도 알아듣다 쉬다 자다 설명 해주다 모든 영상 보기 촬영 일자 적다 좋다 자다 알다 최근 분야 막론 하고 모든 주제가 1분 단위 바뀌다 시대 특히 ai 늘다 단위 기술 바뀌다 항상 시각 가독성 화해 편집 해주다 pd 님들 감사하다 유튜브 하고 시청 모든 영상 통틀어 오다 강의 카이스트 학생 이런 수업 듣다 참으로 부럽다 기술 아니다 디자인 회사 때리다 통찰 충격 세상 돌아가다 모르다 인류 이렇게 까지 발전 필요 싶다 강의 용이 충격 이고 무섭다 정도 기술 봉건사회 들어가다 시점 무엇 차다 고민 좋다 강의 감사하다 오다 똑똑하다 넘어서다 놀랍다 강의 어렵다 개념 이렇게 동화 풀다 술술 말씀 그냥 나오다 국민 보다 야하다 중요하다 영상 dr kim jewel among korean korea need respect keep korea 중간 중간 예시 그렇다 차다 쉬다 몰입 말씀 오다 최근 영상 가장 충격 이네 영상 10년 에도 그대로 다시 보다 오다 인문 사회 계열 출신 사람 근래 들다 ai 미래 어떻다 최소한 윤곽 이라도 이해 가장 좋다 상이 쉬다 이해 편하다 대화 진행 해주다 인터넷 시대 ai 대로의 전환 인류 역사 모든 패러다임 변화 가져오다 혁명 그래서 세상 모두 ai 모든 걸다 상황 살아나다 말투 머리스타일 색안경 슈퍼마리오 후드 까지 신뢰 간다 교수 쉽다 설명 감사 드리다 좋다 질문 감사 드리다 이분 대단하다 불다 명료하다 단호 제시 논리 깜박 빠지다 가다 화이팅 오다 이분 천재 인가 귀엽다 박히다 쏙쏙 들어오다 그냥 지금 좋다 이래서 교수 좋다 오다 설명 이렇게 깔끔하다 수가 지식 매력 제대로 느끼다 상이 질문 바로바로 자시다 대답 해주다 멋지다 스타일 개성 멋지다 유지 우리 미래 보다 다만 그때 주식 사서 이익 공유 에플 1등 이었을때도 주식 사서 돈벌어썻 마소 벌다 지금 엔비디아 보유 벌다 쓰다 어떻다 회사 주식 사서 주인 되어다 이익 공유 받다 가하다 최선 적응 이라 생각 그게 푸다 유일 하고도 쉽다 길이 지금 엔비디아 이니 당분간 ai 가다 지배 보다 오다 교수 그냥 어렵다 개념 예전 구전 동화 처럼 재다 설명 자다 해주다 시간 순삭 와중 중요하다 개념 꼭꼭 짚다 주시 감동 지식 머릿속 자다 정리 되어다 저렇게 이야기 처음 목소리 신기하다 생각 들다 듣다 보다 흡입 장난 아니다 중요하다 내용 얘기 해주다 엄청 감명 깊다 들다 덕분 오랜 메모장 켜다 생각 정리 중이 최근 1년 유튜브 보다 영상 가장 많다 생각 들다 만들다 영상 감사하다 개인 지금 주장 부분 35분 나오다 세금 안내면 투표 주다 안되다 엄청 엄청 동의 삐삐 네스케이프 세대 부터 aig 세대 까지 모두 보다 세대 참으로 축복 스럽다 봉건 주의 기전 세상 떠나다 축복 스롭다 미치다 디바이스 ai 탑재 한다는 부분 소름 돋다 안경 쓸다 사람 인칭 시점 세상 보다 관점 감탄 나오다 귀하다 인사이트 감사하다 시간 가다 모르다 보다 기술 가지다 소수 영향력 커지다 생각 하고 이르다 바탕 민주주의 체계 흔들리다 생각 까지는 놀라다 흥미롭다 생각 흥미롭다 시간 이번 지식인 사이드 영상 퀄리티 순도 최고 최고 알고리즘 소개 해주다 보다 돼다 인상 보고 배우다 가다 이제 시간 노력 들이다 새롭다 시도 새롭다 고민 강의 감사하다 어렵다 쉬다 알다 전문가 오다 세상 엄청나다 복잡하다 카이스트 김대식 교수 차다 뿌뜻 널리 널리 혁신 생각 퍼지다 보다 뛰어나다 교수 이신 패션 감각 권위 이지 파격 인게 좋다 노동 가치 인정 해주다 오늘 하루하루 감사하다 살다 오다 대박 신분 모시다 예전 강의 영상 세상 오다 강의 처럼 교수 말씀 처럼 그렇다 시대 오다 준비 생각 부터 말씀 대단하다 과정 보가 좋다 지금 읽다 내용 이랑 엄청 치다 자네 심지어 에서의 보다 말로 요약 자다 인트로 충격 먹다 결말 경악 영상 끝나다 충격 인데 너무나 가능하다 이야기 실제 눈앞 그려지다 이야기 들이다 오다 이런 짜다 듣다 감사하다 에게는 거의 납량특집 처럼 느껴지다 2011년 스티브잡스 사후 15년 계속 나오다 애플 이제 혁신 팩트 잡스 사후 주가 1900 20 가까이 상승 한석준 얼마 과로 쓰러지다 기사 보다 일도 좋다 건강 챙기다 쉬엄쉬엄,49
https://www.youtube.com/watch?v=UU8OjKQohVY&pp=ygUM7J246rO17KeA64ql,"“알파고가 10년 만의 대결을 청한 세계 바둑 1위” 신진서 9단의 상상 초월 훈련법, 적과의 공존 #사회 #EBS지식",인공지능,7304,우리 이렇게 자랑스럽다 기존 한국 바둑 선배 뿌듯하다 명맥 끓다 한국 바둑 여전하다 세계 최정 자랑스럽다 오다 이세돌 구단 알파 고의 대결 벌써 10년 되어다 소름 이네 역사상 가장 위대하다 바둑기사 이창호 유아인 신진서 이세돌 최훈 이병헌 바둑 아무 모르다 사람 유일하다 당시 랭킹 이세돌 ai 붙다 보다 는걸 유명하다 최고 라고 생각 최강 신진서 최고 이창호 스타크래프트 비유 신진서 이영호 이창호 임요환 일단 이창호 17년 연속 세계 랭킹 부터 넘다 이창호 전성기 지날때쯔음 이세돌 4년 정도 중국 선수 에게 따다 잇다 당하다 얼마 지나다 신진서 역사상 가장 결점 바둑기사 박살 내면 계속 파죽지세 조훈 이창호 이세돌 신진서 끊임없다 바둑 천재 이어지다 신기하다 한국 바둑이 신기하다 절묘하다 1등 하던 약해지다 바로 1등 교체 해주다 그것 한국인 끼리 어디 싸인 이라도 바둑 두다 사람 으로서 감히 말씀드리다 조훈현 이창호 이세돌 기사 각자 스타일 이니 특장점 신진서 오르다 완벽하다 기사 상징 측면 빼다 실력 사람 선배 솔직하다 안되다 기사 에요 솔직하다 말씀드리다 그렇다 아무리 앞서다 세분 기사 전성기 시절 실력 지금 신진서 에게 갖다 붙이다 절대 이기다 그렇다 기사 스타크래프트 치면 임요환 테란 황제 불리 상징 프로게이머 이지만 실력 으로는 이영호 우리 언급 신진서 그렇다 기사 보시 농심배 21 연승 기록 당분간 절때 깨지다 일본 기사 상대 로는 45 연승 전무 후문 신진서 참으로 자랑스럽다 한국인 지금 세대 대한민국 건국 이렇다 최고 태평성대 시대 세대 조상 들다 희생 헌신 지키다 나라 시대 살다 사람 만들다 내다 결과물 역시 자랑스럽다 뿌듯하다 신진서 사범 존경 인품 실력 가지다 항상 응원 사람 착각 신진서 ai 수혜자 라고 부터 독보 우리나라 최고 기재 갖추다 기사 우리나라 희한하다 나라 바둑 프로 기사 천상계 수준 지능 가지다 사람 사실 영상 느끼다 신진서 천상계 알파 이후 급변 시대 ai 적극 활용 하고 ai 와의 공존 필수 불가결하다 시대 어떻다 임해 자다 느끼다 신기하다 10 뽑다 밀리다 넘다 천재 나오다 조훈현 이창호 이세돌 박정환 신진서 슈퍼맨 나오다 차다 신기하다 바둑 창의력 암기 인간 이창호 조훈현 이세돌 바둑 인공 지능 완벽 로보트 신진서 박정환 우리 자랑 신진서 우리 지니다 보물 에는 페이커 바둑 에는 신진서 대단하다 대한민국 뭔가 바둑 부터 천상계 시작 느낌 물론 고수 지만 만렙 부터 시작 rpg 채다 부터 시작 프로 게이머 은나라 괴물 계속 나오다 신기하다 맞다 인공 지능 공부 그것 해석 하고 받아들이다 실력 예요 싸움 축구 농업 등등 실전 페이커 신진서 조훈현 이창호 이세돌 신진서 바둑 교체 이렇게 바둑 이나 체스 둘때 30분 힘들다 선수 대단하다 어떻다 집중 이렇게 길다 싶다 계속 가보다 신진서 바둑 신진서 페이커 스타 임요환 지리다 바둑 페이커 아니다 얼굴 페이커 바이퍼 인자 라는 자리 그렇지만 여러 도전 이기다 한다는 요즘 지치다 보이다 해도 아직 인자 일반인 괸심없어 보이다 누군가 지서 라는 존재 보다 키우다 대대로 절대 인자 존재 나라 보고 자라다 아이 절대 인자 순환 변방 한국 바둑 전면 세운 조훈현 국수 이분 덕분 한국 바둑 알아주다 시작 천재 신기하다 체전 강하다 최고 내다 책임감 화신 한국인 다운 기사 이창호 잇다 넘어서다 신진서 바둑 만의 문제 아니다 상황 컨설팅 업계 세무 회계 업계 법률 업계 data base 업계 물론 이고 정밀 가공 단순 반복 가공 생산 에는 모조리 자동화 기계 투입 시대 되어다 인간 일자리 기하 급수 줄어들다 28 49 결국 대학교 바둑 학과 학과 폐지 크다 반향 알리 한국인 피다 끄다 아시아 최고 품다 부정 작다 나라 국가 지원 없이 분야 세계 25 41 25 41 에러 인게 인공 지능 닮다 수록 이라 엄밀하다 완벽하다 바둑 가깝다 수록 이고 중간 개체 인공 지능 정확하다 보다 인공 지능 완벽하다 바둑 구현 노력 구현 프로그램 이고 인간 그걸 따라가다 그렇다 완벽하다 이정표 싸우다 연구 풀다 내다 고속도로 고속도로 처럼 생기다 근데 서울 부산 까지 완벽하다 일자 뻗다 고속도로 내버리다 도로 가깝다 정답 가까워지다 바둑 전혀 모르다 바둑기사 인공 지능 어떻다 활용 해주다 방송 이라 흥미롭다 이세돌 알파 고의 대전 이후 바둑 방송 처음 보다 이렇다 방송 자주 보다 좋다 ai 이해 머리 암기 머리 차이 15 지능 유사 우리나라 자랑 신진서 10 48 로봇 웃다 개킹 받다 과학 지속 변화 하고 나은 찾아가다 과정 육상경기 에서도 건설 현장 에서도 마찬가지 과학 방법 해보다 나은 방법 찾다 발전 바탕 나은 찾다 ai ai 가다 나오다 사람 피드백 ai 발전 시키다 모두 지속 발전 것임 모두 받아들이다 모두 공부 하고 발전 모두 건승 인공 지능 보다 벌써 10년 지난 놀라다 greatest time 신진서 이제 이창호 뛰어넘다 역대 최고 기사 거론 되어다 오다 이세돌 이후 인공 지능 바둑 도입 하고 시스템 만들다 대단하다 신진서 보유 ai 일류 기사 라야 이해 가능하다 ai 가다 상향 평준화 만들다 주기도 보다 일류 사이 격차 벌린다 한번 깨우치다 가다 젠장 숭배 인공 지능 에게 두번째 패배 안기다 ai 가다 바꾸다 바둑 만이 아니다 산업 전반 점점 퍼지다 나가다,50
https://www.youtube.com/watch?v=UkWzs-W9yvA&pp=ygUM7J207Iqk65287JeY,세계 속 유대인의 영향력은 어느정도일까? 고대 노예에서 부자가 된 유대인의 비밀은? 유대인의 모든 것 (박현도X성일광)ㅣ10분토론 / 14F,이스라엘,33383,기원전 부터 시작 문제 만에 해결 고요 유익하다 좋다 영상 가장 좋다 출연자 모두 한쪽 편향 정확하다 객관 사실 바라보다 대화 한다는 10분 토론은 어느 순간 부터 십분 토론 되어다 버리다 무조 교수 복잡하다 재미 중동 문제 마치 읽다 주다 소설 처럼 듣다 재미있다 환상 콤비 감사 언젠가 부터는 변명 그냥 30분 넘다 올리다 버리다 넘다 좋다 지금 30분 토론 솔직하다 재밌다 1시간 이상 꽉꽉 채우다 야하다 생각 오다 미치다 유익하다 유대인 이스라엘 재밌다 들다 이해 쉬다 쏙쏙 기독교 유대인 크리스찬 자다 모르다 방송 세계 역사 기독교 다루다 몬소리 자신 모르다 얘기 답답하다 속이다 시원하다 설명 강의 어느 역사 설명 영상 보다 유독 우리나라 유태인 좋다 이미지 남다 어리다 부터 유태인 많이 읽다 17 38 과정 아랍인 3천 명을 학살 내용 알다 나치 대하 루르 점령 쉽다 어렵다 설명 부류 와는 정반대 어렵다 알다 쉬다 설명 해주시 교수 박수 진행자 어느 정도 초지 갖다 진행 훨씬 성하다 보여주다 우리 이스라엘 팔레스타인 에게서 배우다 평화 당연하다 아니다 천년 누르다 살다 이라도 방심 대비 뜨다 교수 들다 좋다 유쾌하다 지적 이십 10분 토론 아니다 30분 토론 인데 시간 가다 모르다 들다 그냥 애기 부터 부모 토론 가르침 밥상머리 교육 식사 예절 토론 항상 함께 교수 설명 조화 이루다 짧다 시간 엄청나다 말씀 주다 사회자 질문 좋다 대화 자다 이끌다 자다 주다 읍니 세계 역사 보다 유럽 만큼 악랄하다 곳도 별로 유대인 역사 보다 유대인 대금 뛰어들다 만들다 사람 중세 유댜교 최고 저명하다 랍비 형제 에게 빌리다 이자 받다 지옥 가지 이방인 에게 이자 받다 괜찮다 늘다 유권해석 당시 유럽 에서는 빌리다 이자 받다 대금 업자 천민 취급 셰익스피어 베니스 상인 그렇다 분위기 자다 보여주다 작품 소설 악덕 고리대금업 샤일록 나중 감옥 가다 사형 선고 받다 당시 유대인 범죄자 기독교 개종 사형수 무죄 방면 가능하다 샤일록 개종 살아나다 결말 끝나다 한국 나오다 베니스 상인 내용 보다 들어가다 그래서 유대인 시작 대금 역사 교수 들다 말씀 보다 쪼끔 기다 오늘 방송 내용 이해 쉬다 좋다 시간 가다 모르다 보다 감사하다 교수 감사하다 바빌론 노래를 아는 저는 old generation 아나운서 진행 능력 대박 재밌다 읽다 같이 재미나 박현 교수 재다 보고 공부 많이 됏습니 박현 교수 참다 박현 교수 반갑다 고맙다 보구 가다 행복하다 시간 보내다 박현 교수 페이스 친구 열심히 강의 듣다 공부 하고 성일광 교수 화이팅 좋다 영상 이에요 빠르다 템포 아니다 교양 알맞다 템포 흥미롭다 들다 감사 드리다 머리 차다 느낌 뿌듯하다 느끼다 주식 시작 세계 역사 세계 정세 관심 갖다 되어다 박현 교수 최고 좋아하다 교수 나오다 최고 지식 공유 감사 드리다 알차다 시간 10분 토론 이라고 잠깐 시작 30분 보다 좋다 영상 교수 들다 훌륭하다 분다 멋지다 들다 교수 말씀 유익하다 좋다 내용 감사하다 박현 성일광 교수 유익하다 영상 감사 드리다 진행자 호응 찰지다 좋다 설명 박사 좋다 지식 공유 감사하다 오다 영상 와우 중동 지역 전문가 양대 산맥 호화 캐스팅 자다 보다 오다 같이 보다 넘다 소중하다 영상 시간 흐르다 모르다 들다 유익하다 영상 감사하다 박현 교수 성광 교수 같이 나오다 재밌다 보다 유익하다 감사하다 교육 느끼다 이런 기획 자주 부탁 100분 토론이 이미 곤란하다 99분 토론 이라도 만들다,50
https://www.youtube.com/watch?v=UrMpNu_81_A&pp=ygUM7J207Iqk65287JeY,이란-이스라엘-미국의 전쟁이 장기전으로 가면 벌어질 일 (제5차 중동전쟁..?) | 박현도×성일광,이스라엘,20681,요즘 나오다 분들 인어 조개 소년 좋다 유튭 우리 선생님 영상 많아지다 기름값 오르다 같이 나오다 뭔가 중동 완전하다 멘탈 나가다 기름값 블루투스 아직 기름 도착 벌써 상승 버리다 장기전 안되다 바라다 뿐이다 하메네이 죽다 누군가 에게는 순교 수도 관점 소름 돋다 정교 치가 이렇게 무섭다 보다 가다 좋다 한번 촬영 쪼개다 쪼개다 영상 풀다 니까 항상 의성 부족하다 떨어지다 생각 이렇게 적절하다 영상 올라오다 좋다 교수 개강 인데 잠도 못자다 바쁘다 뭐라다 엄청나다 수준 높다 만담 듀오 보다 세계 평화 달러 강세 엄청나다 이득 미국 전쟁 달러 엄청 강세 반대 한국 엄청나다 피해 싸움 하나 엄마 찬스 써다 울상 이란 많다 영상 이렇게 나오다 차분하다 좁다 밀다 명확하다 설명 해주다 최고 영상 가장 쏙쏙 들어오다 고래 싸움 새우 터지다 새우 크다 많다 바쁘다 건강 조심하다 평화 빨리 찾아오다 모두 이상 파괴 도합 나오다 세계 평화 오다 증거 계속 유튜브 나타나다 그것 다른 방송 이란 이렇게 많이 이야 유로 콤비 귀하다 주변 나라 미군기지 공격 중국 대만 하고 싸우다 우리나라 미군기지 치다 그냥 우리나라 때리다 나폴레옹 전선 이중화 만들다 망하다 무분별 폭격 그냥 죽여주다 진행자 없이 전문가 께서 진행 좋다 하메네이 이란 국민 들다 심판 당하다 독재자 죽다 미국 이스라엘 덕분 영웅 죽다 버리다 그게 안타깝다 모두 준비 네네 교수 혼자 말고 함께 가장 보기 좋다 교수 들다 항상 기름값 오르다 등장 얼른 끝나다 기름값 저번 1650원 주말 지나다 1780원 오늘 보다 갑자기 1889원 시발 이분 지금 전쟁 미국 이란 전쟁 이분 바쁘다 이렇게 자다 어울리다 궁금하다 좋다 영상 감사하다 굽히다 부러지다 교수 보다 진행 색다르다 재밌다 우리 생존 전쟁 빨리 끝나다 한다는 교수 말씀 가슴 울리다 바람 대로 아니다 이스라엘 제외 세계 바람 대로 지금 전쟁 하루 빨리 끝나다 기원 하고 기원 말씀 감사하다 여러 문제 복잡하다 얽히다 전쟁 이네 부러 판단 안되다 주변 이란 친구 보다 받다 이란 사람 하메네이 영웅 순교 생각 이란 사람 목소리 들다 보다 본인 살다 나라 폭격 받다 자유 참고 견디다 야하다 싸우다 좋다 이야기 나오다 좋다 사태 자다 일수 다행 빠르다 업뎃 감사하다 어느 정도 강제진압 언론 7000 비공식 추산 36000 어느 정도 강제 진압 인가 총기 동원 민간인 학살 어제 작년 찾아보다 바로 최신 내용 말씀 해주다 감사하다 현재 상황 으론 혁명 수비대 멸도 후티 반군 하마스 헤즈볼라 시아파 민병대 같이 이란 여기저기 키우다 세력 다발 같이 멸시 이스라엘 멸망 까지 주다 겠다 그건 이란 이스라엘 간의 문제 지만 주변 걸프 참전 당장 우리 피해 크게 보다 문젭니 과거 에는 이란 석유 거래 지금 미국 과의 관계도 생각 우리 선박 호르무즈 해협 통과 자유롭다 목숨 걸다 상황 이란 요즘 박현 교수 방송 출연 바쁘다 뉴스 100분 토론에 세계 지금 지나가다 익다 얼굴 보이다 한번 들르다 멋지다 오늘 화이팅 모두 그립다 박현 교수 강의 수강신청 학기 미루다 오히려 지금 들다 간간히 이란 상황 중계 받다 아쉽다 바로 버리다 이분 이야기 재다 영상 촬영 까지 밝히다 감사하다 상황 보고 싶다 영상 대화 명쾌하다 전쟁 빨리 끝나다 박성광 님들 강의 유익하다 좋다,49
https://www.youtube.com/watch?v=V37TaRdVUQY&list=RDV37TaRdVUQY&start_radio=1&pp=ygUJ64m07KeE7IqkoAcB,NewJeans (뉴진스) 'Ditto' Official MV (side B),뉴진스,956126,anyone cry rn 안되다 다섯 명의 디토 언제 다시 뉴진스 그리다 뉴진스 돌려주다 bro cinematography concept nostalgia beat lyric core everything girl future 뮤비 처럼 되어다 버리다 지금 14 started cry hard hurt see anymore happy adding unnecessary rap song song easy listen something definitely listen 마치 모든 예견 마지막 장면 대한민국 뮤비 제일 자다 만들다 내막 니까 슬프다 danielle got im devastated wanted newjeans back 캠코더 찍다 소녀 민희진 자시다 그녀 대체 어떻다 심정 혼자 다치다 아이 지키다 뮤비 메세지 심다 머리 싸매다 우리 희수 모르다 잊다 추억 song video make want cry everytime ive never seen another kpop group portray loneliness well mv feel real nostalgic 30 대다 그때 추억 이렇게 끄다 집다 내주다 뉴진스 에게 감사하다 version even darker first one heartbreaking 어떻다 이렇게 상상 깨부수다 좋다 완벽하다 분위기 뮤비 뽑다 이번 무대 얼른 보다 ngl cried always lonely socially anxious person growing always made story friendship group going adventure going etc ever since wa kid think newjeans resonated much could project onto young girl fun normal teenager stuff end day sad realisation none real idealistic escapism something never beautiful mv love song trying hard fresh accurate vocal style 말로 설명 정도 소름 돋다 추억 이라는 감성 생기다 rewatching mv 2025 cant help relate ban heesoo miss girl much side 가다 찌다 보고 눈물 흘리다 wow cried side story girl cope loneliness problem imagining newjeans idol bestfriends moment crush constant reminder cant escape reality forever side drop friendship newjeans live reality one day older open memory box reminiscing happy memory newjeans let inside life grace maturity newjeans happy take newjeans 4th gen gg carry nostalgic concept well making travel 1st gen era love greater everytime hybe stupid let go girl group amazing creative never seen girl band accurately represents trial tribulation young girl growing year pop fan know music aimed teen feel like song video grown ups realise lost childhood friend wa already late watching music video make seem even sadder ever ditto mv aesthetically pleasing vocal dance lyric emotion seasonal sensibility everything perfect like timeless classic matter much time ha passed never become irrelevant boring newjeans masterpiece pop 느낌 좋다 크리스마스 파티 분위기 아니다 설원 혼자 서서 회상 느낌 이야 two mv made cry felt real loneliness imaginary friend friend long gone friend close anything together really resonated rewatching hurting bad want newjeans back want amazing girl back newjeans nothing without want real newjeans back 민희진 예술가 결국 대중 찾아내다 교묘 하고도 아름답다 메시지 숨기다 new jean never without danielle 가장 추다 나오다 가장 따뜻하다 아련하다 노래 뿌옇다 창밖 흩날리다 눈보라 멍하니 바라보다 뱅쇼 한잔 홀짝 이고 싶다 기분 그냥 이렇게 라고 처음 부터 아니다 싶다 민희진 뉴진스 어느 되어다 오다 이기다 오다 패배하다 미래 예상 하고 side 만들다 아니다 민희진 대단하다 이렇게 이쁘다 자기 하이브 갇히다 죄책감 힘들다 디토 오엠 지는 대중 한테 현재 상황 달라 절규 민희진 뉴진스 에게만 진심 아니다 바니 들다 진심 기자회견 에서도 아이돌 죽이다 몇개 굿즈 앨범 사고 그게 정상 이냐 어리다 아이 들이다 이고 본인 오다 하고 아이돌 매몰 안타깝다 업계 상품 아이돌 구매 진정 걱정 하고 아끼다 사람 이나 기자회견 사포 던지다 하나 거짓 뮤비 하나 증명 돼다 실화 기반 되어다 버리다 올해 ditto 계절 오다 40 대인 들다 설레다 추억 잠기 노래 뉴진스 노래 좋다 song relationship newjeans fan camera holding girl represents bunny fangroup name newjeans called ban hee soo korean name video similarly pronounced bunny always newjeans take video like fan concert also feel supported newjeans scribbled injured arm go ordeal got rained together actually real alone end together forever sidea far gradually recognizes limit together come closer newjeans dancing break camera doe get rain ignores call minji get real world begin new relationship boy memory shared useless time get old take video newjeans still beautiful nice close friend still remember beautiful memory shared maybe want say still like girl drawing blackboard newjeans would say ditto sideb far last part made tear like still usual even watch many year 지금 다시 보다 바라다 슬픔 side 가다 희망 가다 절망 펴다 제작자 말함 made cry tbh especially ending main character obviously much older reminisce time fave idol felt like wa time much loved meant relatable sometimes grew older also moved thing used love literally one best mv date congratulation newjeans video represents perfectly relationship audience idol audience always watch idol using feel love joy empathy connecting similarity feel idol sometimes one sided idol often spirt always reality side side represent scenario one cold truth one realize even together physically idol audience still accompany love relationship understood mutually also one find truth cold replace unphysical love focus lens camera representing focus love thats real like girl doe guy like however scenario idol newjeans still matter long open arm awaiting next time meet deer 언제나 응원 뉴진스 함께 가장 빛나다 actually well executed concept absolutely loved side side mv kudos brain behind anyone understand meaning 6th person bunny everyday watch reel vlive listen song laugh funny edits made fan even though never meet always side supporting idea newjeans pop general could change life directed whenever emotional newjeans always making day brighter pop change life changed mine edit sorry forgot theory lol edit yall many different theory omg amazed,49
https://www.youtube.com/watch?v=V6TEcoNUmc8&list=RDV6TEcoNUmc8&start_radio=1&pp=ygUJ64m07KeE7IqkoAcB,Ditto,뉴진스,703636,jean ripped hybe 쌀쌀하다 디토 생각나다 들다 오다 danielle love group replace group kpop like newjeans newjeans come back please love danii miss girl sm 다시 디토 계절 universe miss danielle newjeans never die world miss newjeans 돌아오다 기념 겨울 자다 돌아오다 아직도 이노 처음 들다 순간 생생하다 fact danielle wa one said new jean never die 노래 시간 추억 면접 가다 추다 겨울 아침 오빠 긴장 라고 틀어주다 노래 인데 그때 22년 지금 벌써 26년 newjeans ot5 gk akan tergantikan dengan siapapun plis hanni minji danielle haerin hyein kalian jangan berpencar kita butuh comeback ot5 pliss lah got nothing lose lost danielle ot5 forever newjeans five dani shaylaaaaaaaaaa 장성 하염없이 펑펑 내리다 헤드폰 디토 들다 감각 평생 잊다 이맘 이면 다시 찾다 유일하다 노래 신기하다 정도 명곡 발매 이후 매번 들다 마다 안질리다 계속 들다 신기하다 hybe group hybe 디토 계절 오다 잇다 새벽 따다 나오다 공기 입김 내뱉다 제일 생각나다 노래 디토 계절 오다 이미 지나 가버리다 소중하다 보다 최신 계속 달리다 들다 오다 아니다 지금 험난하다 겨울 끝나다 new jeans 에게 따뜻하다 찾아오다 바라다 newjeans never die ador pay new jean never 30th october song sound different want somebody danielle literally cry wa concert said wa last show literally sad 겨울 특별하다 추억 차갑다 겨울 공기 느끼다 듣다 겨울 떠오르다 우리 당신 필요하다 new jeans 돌아오다 사랑 miss much newjeans still would popular girl group hybe right 노래 여름 플레이 리스트 넣다 모르다 노래 끝내다 확실하다 멜로디 가사 댄스 뮤직비디오 까지 역대 pop 예술 겨울 생각나다 노래 노래 들다 왠지 눈물 뉴진스 한국 음악 이남 전설 들다 괜히 몽글몽글 겨울 교실 히터 켜다 친구 같이 디토 교차 편집 보다 일상 listening day news abt dani wa announced 보다 듯이 컴백 자다 하자 remember two year ago listening riding home never thought new jean would leave quickly know miss sm hope win case 뛰어넘다 수록 나오다 wan na go back wa released everything wa okay everyone wa shocked seeing two mv amazing storyline course member vocal love song miss time newjeans never die,45
https://www.youtube.com/watch?v=VOmIplFAGeg&list=RDVOmIplFAGeg&start_radio=1&pp=ygUJ64m07KeE7IqkoAcB,NewJeans (뉴진스) 'Cookie' Official MV,뉴진스,1494760,really miss anything extremely talented waited year give song lyric feeling saying newjeans come back instead newjeans comeback song addicting lately newjeans never without danielle miss much clearly incredibly dark cruel industry company felt comfortable giving young girl group song like pray girl stay blessed protected despite danger fame outfit vocal beat lyric mom im pop idol pop group bad song btw luv newjeans talk natural group feel refreshing see idol look feel human natural hair relatively bland outfit like regular natural teenager group like breath fresh air never get tired newjeans debut era wa peak pop love everyone back watch old njz mv video together miss dani ot5 heart 뮤비 만들다 사람 천재 가성 최고 효율 뮤비 oh dear danielle woah 2k like aside controversy song actually addictive maybe another universe nwjns drama never happened still one popular kpop ggs 다른 레시피 뉴진스 만들다 쿠키 뉴진스 만들다 다른 수가 뉴진스 사랑 beat lyric newjeans incomplete without danielle 어떻다 뮤비 뉴진스 의자 cg 밖에 거기 단벌 사임 확실하다 쥐다 맞다 believe year ot5 forever 식사 음료 팬싸 포카 상업 끼우다 넣기 없이 앨범 쿠키 으로만 승부 보다 이제 이해 오히려 제한 적다 예산 최대 퀄리티 뽑다 아티스트 센스 최대로 뽑다 나오다 세다 하고 감각 미치다 의자 설치 텅빈 배경 헤매다 조명 구도 만들다 다시 니까 영상 역사 명작 내놓다 뉴진스내놔 much healthy straight silky glowing perfect hair whoever lighting get award actually sad song bop minor sing like slayful song miss music 언제 보다 레전드 song actual meaning way mature age label know exactly lol 지금 들다 트렌디 뮤비 잘뽑다 근본 이구나 2026년 에도 보다 사람 newjeans literally opened door kpop seeing gone feel unreal got ta pray come back soon addictive pretend never saw lyric actually love lyric metaphor issue lyric age girl singing lyric 라이 크다 백만 누르다 음악 안무 헤메 어쩜 이렇게 좋다 opps bagged bagged 이노 평가 되어다 girl great music great lyric however utterly unacceptable matter anyone try spin company knew song knew discussion would provoke alarmingly premeditated 4년 간다 나이 미치다 혜인 15 실력 안되다 miss newjeans 3년 전인데도 지금 신곡 다시 내다 트렌디 정도 좋다 민희진 작품 보다 기분 그대로 shame really like song sound chill definitely breathe fresh air mainstream kpop cant enjoy fullest knowing gave lyric obviously inappropriate second meaning group minor save girl omg edit im baffled much guy easy defend day old group turning blind eye producer director pls wake min heejin talking ha history questionable concept underaged people logic guy using could say 34 35 math ice cream blackpink actual dessert know damn well lmfao like low key groovy music sticking debut bold choice girl totally nailed congrats official debut future looking bright group edit im talking soundscape lyric different story 지나다 트렌디 음악 떠오르다 그룹 even 20 year old feel sinful singing lmao world lyric passed appropriate deny though song bop 현재 망가지다 음악 시장 민희진 한마디 만들다 노래 시작 자마자 쿠키 구르다 왼쪽 이동 노래 끝나다 음반 cd 가다 오른쪽 다시 굴러가다 보다 쿠키 뉴진스 컨셉 음반 의미 끄다 당하다 노래 묻히다 생각 부들부들 자신감 아니다 트리플 타이틀 이라 해도 공식 데뷔 거의 무채색 노래 찍다 뮤비공개 근데 이렇게 오히려 신비하다 몽환 이네 이건 자신감 원조 보다 오다 90 american vibe every song far make feel relaxed still wan na dance refreshing fourth generation group,50
https://www.youtube.com/watch?v=Vkw1cl9NDew&pp=ygUM7J207Iqk65287JeY,병력부족 이스라엘‥참모총장마저 자멸한다 경고 (2026.03.27/뉴스데스크/MBC),이스라엘,5054,유대인 쫒다 다니다 알다 네타냐후 끌어내리다 인물 리도 거의 40년 이상 집권 이지 콧수염 남자 그립다 로마 쫓아내다 2천년 지나다 돼다 전쟁 그리다 해대 무슨 수로 버티다 너희 리하나 잘못 뽑다 나라 아작 늘다 자멸 정심 이스 라헬 처절하다 보복 당하다 다시다 전쟁 전자 꺼내다 사실 유대인 증오 덥다 괴벨스 히틀러 정치 목적 유대인 희생양 사다 당시 독일인 이나 다른 유럽 국가 유대인 학살 묵적 동의 이유 유대인 천년 넘다 기간 동안 미우다 많이 히틀러 행동 스스로 자멸 민족 정도 내부 자정작용 넘다 국가 라면 자멸 하고 사라지다 맞다 기회 유대인 에게 주님 약속 고난 시련 계속 기르다 네타냐후 자국 자멸 가다 대전 일어나다 가다 빠져나가다 돼다 징역 네타냐후 히틀러 평가 받다 아이러니 상황 전범 네타냐후 주가조작 트럼프 반드시 국제 재판소 세우다 독제 몇몇 전세계 위험 트리 는걸 보고 현실 이스라엘 크게 당하다 보다 이스 라일 전쟁 많다 전쟁 배곯다 아이 약자 많다 이스라엘 죄업 어찌 감당 가슴 아프다 저건 자멸 이지 이스라엘 중동 사라지다 전세계 가다 안정 제발 사라지다 인류 덩어리 굳다 이렇다 소리 니까 어처구니 나라 없애다 조용하다 나라 가지다 자격 깡패 나라 미국 으로도 거법 그동안 계속 궁금하다 하마스 전쟁 부터 어떻다 계속 전쟁 치루 지다 천만 인구 어떻다 유대교 이웃 살인 라고 가르치다 종교 도대체 많다 사람 살다 죽이다 결국 뿌리다 대로 결국 거두다 이스라엘 언젠가 엄청나다 대가 치르다 빨리 네타냐후 정리 범죄자 세계 핵전쟁 간다 지상전 미군 대신 전쟁 부추기다 앞장서다 학폭 피해자 가해자 무섭다 지금 이스라엘 나치 비난 자격 군인 부족 정도 여기저기 전쟁 일으키다 정신 인류 사라지다 나라 지다 들다 모르다 국민 이나 국가 이스라엘 가스전 폭파 시키다 이란 승전 이스라엘 에너지 가스전 거의 자급자족 그렇다 지금 지도 이스라엘 지우다 기회 네타냐후 전쟁 길이 자신 권력 유지 하고 살길 이라 전쟁 계속 독일 대전 이유 전선 다각 화하다 수습 돼다 이스라엘 나치 똑같이 웃기 심심하다 전쟁 일으키다 사람 죽이다 취미 인가 결국 원하다 얻다 유가 올라가다 양면 전선 좋아하다 독일 따르다 지다 들다 양면 전선 학살 에게 무기 주다 흘리다 이루다 이스라엘 망하다 중동 평화 오다 우리나라 태극기 부대 멸하 되어다 평화 정의 사이코패스 정권 잡다 저렇게 우리 완전 골로 갈다 뻔하다 겨우 탈출 이스라엘 망하다 중동 국가 아니다 네타냐후 이스라엘 악마 리더 뽑다 명분 전쟁 가다 받다 전세계 위태롭다 투표 이스라엘 무장해제 시키다 보트피플 만들다 깜빵 가기 실어 시작 전쟁 자국 젊은이 피로 막다 이참 그냥 사라지다 세계 나쁘다 국민 입대 유명하다 이자나 병력 부족 이라니 혹시 해지 니깐 애국심 부족하다 아니다 이스라엘 응원 자멸 아니다 멸망하다 히틀러 아니다 스스로,49
https://www.youtube.com/watch?v=VxzX-8nrQFo&pp=ygUM7J207Iqk65287JeY,[#벌거벗은세계사] (60분) 지금 이 순간에도 진행 중인 이팔 분쟁💥 약 4천 년 전부터 시작된 이스라엘-팔레스타인 간 죽음의 땅따먹기 | #티전드,이스라엘,5331,이스라엘 팔레스타인 분쟁 지구 멸망하다 까지도 해결 안되다 영국 넘다 들다 지키다 이중 약속 미국 이스라엘 지지 중동 화약고 만들다 세계 분쟁 항상 강대국 식민지 지배 패권 인하다 결과물 이지 가장 중요하다 내용 47년 un 영토 분하다 48년 이스라엘 국가 선언 이전 까지의 내용 편집 빠지다 장님 멘트 보다 48년 3월 부터 이어진 이스라엘 민병대 팔레스타인 학살 서도 언급 보이다 이재명 대통령 한탄 대로 우리 많이 참다 오다 이제 부터 차다 이스라엘 종용 국민 노력 우리 고구려 우리땅 멍청이 아브라함 본토 버리다 도망가다 이제 서다 불란 일으키다 자다 보다 뮌헨 엔테베 영화 아이 보다 재밌다 어찌 선수 참으로 안타깝다 전쟁 뜨다 무섭다 항상 좋다 영상 보고 가다 민족성 이야 결과 종교 싸움 이지 설명 생략 많다 이해 안되다 편집 문제 인가 설명 자의 문제 인가 민족 싸움 이스라엘 건국 과정 빠지다 가요 영국 차다 어휴 이스라엘 팔레스타인 두다 끝나다 지옥 사다 한국 는걸 감사하다 나다 나라 하나 세우다 보다 과연 누가 악의 인가 교수 이스라엘 보다 팔레스타인 강의 이스라엘 건국 영국 철수 이후 어떻다 팔레스타인 사람 추방 학살 설명 사람 편집 실수 이냐 아니다 교수 설명 더럽다 기승 전결 이렇다 없이 건너 뛰다 붙이다 넣다 이렇다 느낌 인데 다른 형제 끼리 따먹다 전쟁 이삭 이스마엘 장자 싸우다 전쟁 육적 이스라엘 이스마엘 14년 먼저 태어나다 장자 이나 영적 이스라엘 이삭 하나님 약속 장자 이기 이삭 후손 예수님 옛날 이나 지금 이나 크다 노미 노미 가다 똑같다 검다 9월 단은 어느 나라 인종 인가요 얼굴 팔레스타인 인종 과는 다른 모습 인데 니깐 4000천년 전에 이주 가나안 이스라엘 조상 살다 그람 이스 지다 이라고 만하 우린 100년 안됏는데 지다 들다 이라고 우기다 족속 블레셋 족속 팔레스타인 족속 다르다 영국 비롯 서구 협잡 뒤엉킨 역사 사실 빼다 양심 하나님 원수 사랑 하라 보복 끝없다 전쟁 이어지다 서로 잘나다 왕권 놀이 종교 마찬가지 뿌리 종교 전쟁 시오니즘 프로파간다 건국 팔레스타인 원주민 대량학살 애기 해주다 핵심 인데 국가 새우다 영국 이야기 빠지다 가장 중요하다 이야기 지금 전쟁 석유 오르다 휘발유 모두 라서 생계 곤란하다 모세 실존 인물 인가요 홍해 가르다 아니다 모세 오다 자리 잡다 1900년 대로 바로 넘어가다 2000년 팔레스타인 이렇다 생략 역사 알다 그냥 이스라엘 정당성 주입 시키다 부끄럽다 하느님 정의 평화 인데 이스라엘 위대하다 신의 벗어나다 넘다 과연 신의 어떡 이루어지다 간단하다 문제 전쟁 이지 역사 건너 뛰다 이라크 남부 팔레스타인 가다 부동산 사기 당하다 아니다 차다 어이없다 에집트 자다 유대 민족 흐르다 이라고 선동 이끌다 팔레스타인 살다 이주 시키다 지금 커녕 총알 미사일 다니다 흐르다 말다 지도자 사람 중요하다 우리 경험 하고 원래 가자지구 이스라엘 아니다 스타인 슬립 자리 잡고 살다 그때 사마리아인 이라고 근데 이라크 남부 살다 아브라함 하니 나타나다 으로가 서다 번식 라고 시키다 대요 그때 부터 침범 시작 엄밀 이따 지면 지금 팔레스타인 맞다 이야기 중간 400년 동안 안좋다 타고 이집트 건너가다 아무 변하다 자기 이라고 가자지구 폭격 하고 파레 스타인 이고 그게 깡패 가만히 한국 전쟁 2400 파병 해주다 이스라엘 감사하다 love jesus thanks 미국 이란 이스라엘 먼저 험악하다 적대 이란 이스라엘 공격 으로부터 시작 누구 은지원 앉다 지구 멸망 까지 분쟁 고통 끝나다 종교 본질 모르다 살기 서로 으로도 오랜 시간 다른 국가 에게 주다 우리 십년 서방 매체 세뇌 되어다 그런 거지 완전하다 보다 테러 아니다 독립운동 거지 설명 앞뒤 맞다 출연 리액션 말다 거슬리다 보기 힘드다 결국 지다 들다 아니다,48
https://www.youtube.com/watch?v=W5ruxipPGMM&pp=ygUJ7JuU65Oc7Lu1,다시는 충무로에 갈 수 없게 된 씨네필들의 한국 영화 월드컵 | B주류초대석,월드컵,22628,최종 고민 상담 스페셜 게스트 23 비밀 파티 공지 조금 기다리다 줄다 타짜 화란 얘기 갑자기 자기 지지 커플링 얘기 웃기 굳이 게스트 필요없다 드디어 깨달 피디 친절하다 민경 명대사 두렵다 들다 애초 간지 영화 보고 오다 진심 느낌 52 27 주변 여자 트릭 랜드 떠올리다 간지 허다 33 52 지나가다 장면 인데 역시 영석 정마담 분석 정마담 사랑 해선 안되다 사람 허다 잡고 영화 얘기 보다 26 43 보다 그림 그대로 펼쳐지다 행복하다 왓챠 꺼드럭 영화 컬렉션 생기다 여기 나오다 영화 대부분 들어가다 34 47 그냥 거대하다 대사 핑퐁 웃기다 어떻다 저렇게 영화 함께 좋아하다 얘기 사람 끼리 모이다 허다 간민 영원하다 49 47 재밌다 거지 유쾌하다 반란 부자 죽이다 콤보 어질하다 아니다 근데 간지 왤케 무리하다 끝나다 뭔가 놓다 버리다 사실 허다 아니다 간지 가리다 끄다 친하다 친하다 웃기 친하다 친하다 웃기 조합 귀하다 자다 참다 대한민국 천지 달다 영화 모으다 오다 터지다 허다 같이 가리다 이제 친해지다 여유 지다 짜증나다 현대 사회 존나 필요하다 컨텐츠 어딜 가다 미국 영화 월드컵 명예 미국인 오다 친해지다 몇십 재밌다 허다 간민 각자 사회 풍파 어느 정도 둥글다 어른 이라 관계 이어지다 서로 맞다 부분 글쿤 이르다 크게 반박 하고 다른 주제 스무 넘어가다 찌다 혈기 왕성 시기 만나다 이렇다 시너지 이루어지다 10 45 누구 보다 중경삼림 좋아하다 허다 키임 알다 허다 간민 계속 되어다 이유 댓글 보여주다 사람 한테 늘다 허다 간민 대화 필요하다 그게 부족하다 사람 대로 생각 하고 기준 벗어나다 혼자 벌벌 떨다 불안하다 느끼다 단속 나오다 부딪치다 섞이다 보다 그게 별거 아니다 본인 갇히다 재단 들다 다른 성향 다른 취향 인간 대화 그니까 허다 간민 주다 박수 떠나다 나쁘다 박수 한창 치다 훌쩍 떠나다 버리다 40 민경 이렇다 영화 굳이 아차 특히 좋아하다 이유 인생 영화 애국 청년 변희재 이지만 소공녀 재밌다 보다 간지 영화 좋아하다 아수라 재밌다 보다 민경 말다 한국영 월드컵 차다 36 34 스읍 좋다 호흡 웃기 진지하다 허다 간민 한국 사회 평화 화합 도움 생각 민경 이빨 드러내다 귀엽다 주관 포켓몬 여자 주인공 영화 좋아하다 인간실격 주인공 품다 아량 변희재 영화 보다 들다 두렵다 민경 어느 누가 보다 마초이즘 가득 소공녀 에도 열리다 김간 두다 확실하다 소인배 아니다 넓다 넓다 13 32 레조 새롭다 스킬 쓰다 이서 세상 맑다 하늘 보고 하하 웃다 귀엽다 평점 간지 종영 질주 피디 종착 명징 직조 해내다 유쾌하다 연한 케미 우화 39 16 갑자기 올드보이 넘다 잔인하다 이르다 이번 간지 체급 왤케웃김 11 24 간지 멋있다 멘트 니까 허다 의심 웃기다 아무 언급 59 25 본인 제일 왕가위 처럼 생기다 웃기다 서로 다른 성향 끼리 영화 이야기 서로 용도 하고 웃음 주다 진정하다 조화 아니다 더하다 사람 끼리 영상 조화 이루다 욕망 단말 이야 보다 보다 허다 자원 아저씨 감다 높다 알다 아니다 김간 오늘 무슨 작정 하고 깔깔이 결심 사람 처럼 웃기다 57 44 보고 허다 간민 처음 만난 회차 다시 보다 이분 낄낄 거리 사람 자다 타다 길냥이 귀엽다 36 34 일단 냅다 싫어하다 얘기 듣다 보다 그렇다 수가 허다 존나 웃기 김민경 레지나 조지 김간 시나 뱅뱅 영상 자체 미술관 동물원 가운데 자원 허다 민경 정반대 의견 맞다 카타르 시스 28 48 별루 엉망 어이 메다 헤라 피디 양반 허다 간민 액션 영화 범죄 영화 sf 영화 코미디 영화 슬랩 스틱 코미디 영화 로맨스 코미디 스릴러 영화 공포 영화 전쟁 영화 스포츠 영화 판타지 영화 음악 영화 뮤지컬 영화 멜로 영화 컬트 영화 교육 영화 실험 영화 영화 패러디 영화 예산 영화 엑스 플로 테이 영화 블랙스플로이테이션 독립 영화 애니메이션 영화 월드컵 오다 8월 크리스마스 인싸픽 돼다 바로 쓰레기 취급 정도 거의 만담 오늘 간지 왜케 무리하다 만날 마다 웃기다 해먹 살다 미스터리 삼촌 33 35 타짜 얘기 갑자기 유재석 처럼 각자 취향 커플 얘기 웃기다 01 12 한국영 강의 포문 대진 vs 장면 유튜브 박물관 필히 보관 우리 가왜 헤어지다 끝나다,50
https://www.youtube.com/watch?v=WIABqrvP-c4&pp=ygUM7J207Iqk65287JeY,"🔴LIVE ""사거리 2천km 케이바르 미사일 날렸다"" 이스라엘 공습 무기 공개..미국 생방송 나온 이란 장관 ""지상군 투입은 미국 대재앙"" | SBS 실시간 라이브",이스라엘,2662,이렇다 악마 21 세기 이렇게 마음대로 국가 상대로 학살 인간 악하다 여실 드러나다 모든 전쟁 멈추다 야하다 어떻다 이유 인간 인간 죽이다 권리 자기 들다 끼리 여서 고배 싸우다 끝내다 안되다 많다 사람 죽이다 전쟁 민간인 안타깝다 아이 키우다 입장 바짝 마르다 범죄자 독재자 뽑다 이렇다 나다 2000 km 미사일 날리다 미국 쫀다 웃기 트럼프 로는 비참 축의 무너지다 남다 언제 제거 이란 지도 부가 잔인하다 악랄하다 제대로 알다 제대로 알아보다 우리 정부 미국 무기 주다 안되다 사이 튀르 에로 쏘다 한쪽 에서는 쏘다 터키 이란 천적 인데 보나 마다 터키 중립 기어 박다 지도 부가 중요하다 시민 어케하 라고 자원 군대 남다 어구 모두 수장 돼다 어쩌나 아프다 북한 충분하다 신호 잘못 영화 하우스 오브 마이크 시카고 핵탄두 떨어지다 마수 페제 시키다 이란 대통령 연설 우리 무조건 항복 이라는 생각 무덤 까지 가져가다 환상 라며 항전 의지 장기전 가능성 인간 죽이다 웃다 인간 도대체 모르다 전쟁 고통 받다 힘없다 민간인 들이다 결국 차하 건가 예수 믿다 대갈 폭탄 맞다 뒤지다 믿다 예수 대가리 부서지다 없어지다 죽다 할렐루야 미국 이스라엘 세계 최고 군대 속결 응원 트럼프 화이팅 uae 천궁 미사일 50억원 받다 트럼프 대통령 만세 감사하다 좌파 당장 체포하라 구속 이란 강하다 트럼 이스라엘 미국 초토화 심심하다 사람 죽이다 악마 나라 이란 마약 장사 포기 하고 독재정치 중단 하고 핵무기 포기 하고 민주 정권 에게 정권 앙하다 sbs 포도 한겨레 연결 고리 트럼프 악마 로남불 이란 사이 비정 응징 천조국 대단하다 트럼프 만세 좌파 방송 발악 저러다 쌍둥이빌딩 폭격 사건 사건 생기다 세계 질서 파괴 공공 이스라엘 미국 트럼프 이란 끝나다 대도 손바 줄다 트럼프 승리 맛보다 언제 다른 나라 공격 트럼프 에게 승리 안기다 안되다 트럼프 죽다 알다 미치다 미국 트럼프 전쟁범죄 역사 심판 받다 미국 어쩌다 저런 나라 돼다 버리다 물질 만능 주의 이익 만능 주의 평화 민주주의 박애 주의 이렇다 한테 주다 버리다 우정 들어서다 나라 망조 그것 당장 나라 이익 보이다 절대 그렇다 이제 미국 국제사회 신뢰 받다 이르다 세계대전 트럼프 미치다 미국 인들 반성 저런 뽑다 반성 하고 자기 나라 이익 하니 저러다 그런 뽑다 후회 일이 생기다 트럼프 예수 보다 위대하다 공산주의 사회주의 박살 내야 화이팅 트럼프 비판 쓰래 살날 얼마 안남 인간 전쟁 엄청 좋아하다 앜마같 핑계 대다 트럼프 이익 까불다 핑계 트럼프 악마 협상 폭격 매너 어떻다 믿다 이재명 사전 미국 으로부터 이란 공습 전혀 모르다 무기 반출 통보 받다 심각하다 사안 중동 여행 금지 이란 교민 사전 대비 시키다 정보 부족 거나 왕따 거나 사전 전혀 양키 본토 타격 가다 에는 에는 정공 안되다 테러 한국 폭격 하고 그냥 관세 폭탄 때리다 인명 피해 없이 푼안 이고 요괴 찢다 참살 부탁,46
https://www.youtube.com/watch?v=W_ChhnAM7GY&pp=ygUM7J246rO17KeA64ql0gcJCQQLAYcqIYzv,AI 기업들이 숨기고있는 소름끼치는 것,인공지능,44868,ai 쓰다 옳다 주장 만들다 영상 아니다 영상 말미 언급 처럼 ai 쓰다 이번 영상 준비 목격 몇몇 ai 젊다 세대 가다 문제 라고 그렇다 인간 이렇다 시대 어리다 인간 들다 선택 인가요 회피 하고 도망가다 맙시 지금 현상 선택 일어나다 결과 아니다 우리 모두 더군다나 ai 사용자 무작정 적대시 하고 부정 판단 ai 시대 나가다 어리다 인간 에게 과도 수치심 죄책감 감당 잔인하다 처사 라고 생각 자의 타의 어떻다 시대 보다 ai 오다 가깝다 니까 영상 궁극 전하 고자 가다 두렵다 말고 판이 흘러가다 구조 제대로 보다 늘다 겁니다 두려움 빠지다 생존 본능 발동 상황 제대로 보지 두려움 벗어나다 상황 그대로 상대 블러핑 우리 가지다 강력하다 레전드 조커 라는 사실 우리 모두 자각 라고 생각 사실 다수 자각 자다 쓸다 최적 타이밍 놓치다 확률 줄어들다 라고 생각 전하 고자 인간 ai 가다 아니다 인간 서로 선택 만들다 늘다 메다 포함 많다 사람 자신 누구 인지 알다 타인 부정 상대 부정 자신 긍정 함정 빠지다 함정 빠지다 우리 이상 상대 누구 인지 어떻다 싶다 건지다 사람 에게 어떻다 역사 궁금하다 그저 보이다 대로 상대 판단 하고 어떠하다 결론 내리다 결론 자신 비추다 보다 스스로 자아 견고하다 만들다 즐기다 그렇게 철저하다 에게로 시선 바깥 돌아가다 절대 상대 이해 그렇게 결여 이해 오해 받다 경험 쌓이다 인간 상대 신뢰 돼다 서로 에게서 멀어지다 오다 서로 필요하다 순간 에도 서로 선택 인간 처절하다 외로움 고립 고통스럽다 어떻다 보다 인간 이해 능력 떨어지다 당연하다 지금껏 인간 살아나다 똑똑하다 똑똑하다 집중 서로 이해 하고 신뢰 하고 사랑 능력 퇴화 되어다 오다 그렇게 똑똑하다 인간 지능 효율 인간 능가 모르다 만들다 역설 적다 지금 인간 에게 남다 무기 이해 신뢰 사랑 주의 가치 밖에 늦다 인간 주의 시선 갖추다 시선 타인 돌리다 진심 애정 하고 궁금하다 과정 역설 스스로 이해 에게 레전드 베프 되어다 겁니다 에게 레전드 베프 되어다 인간 타인 에게도 레전드 베프 되어다 그렇게 오해 아니다 이해 경험 인간 늘어나다 사회 서로 신뢰 겁니다 서로 신뢰 유발 하라 리가 영상 처럼 ai 통제 뭐라다 이렇다 특별하다 다른 인간 이라 이렇다 아니다 확신 건대 역시 기준 타인 판단 하고 오해 하고 상처 주다 살아오다 그렇다 노력 으로도 계속 그렇다 그렇다 인간 자다 알다 이렇다 영상 만들다 겁니다 개인 으로는 나약하다 같이 뭉치다 뭐라다 그렇다 저만큼 나약하다 나약하다 인간 끼리 힘내다 서로 서로 선택 어떻다 자다 해보다 좋다 님들 어떻다 쪕쪄 찌다 스스로 생각 멈추다 말다 나오다 가족 이웃 사랑 멈추다 말다 절대 가지 권리 다른 에게 위탁 말다 영상 보다 인간 이여 사랑 가장 인간 겁니다 숏폼 넘치다 시기 1시간 롱폼 대박 맞다 우리 인간 사회 살다 인간 가치 낮추다 걸다 부터 인가 공짜 사용 주다 음성 문자 읽다 주다 이상하다 들다 목소리 타도 수집 이건 학교 틀어주다 좋다 시간 짜다 고봉 밥뭐 현직 웹툰작가 인데 오랜 좋다 영상 보다 많이 넓다 퍼지다 좋다 영어 채널 좋다 생각 해보다 처음 이네 일상 ai 가다 차지 편의 커지다 만큼 스스로 생각 멈추다 안되다 다짐 매일 오늘 미루다 두다 이나 하나 읽다 보다 좋다 영상 감사하다 항상 조용하다 보고 좋다 남다 알맹 쓰이다 ai 에이전트 연구자 56분 이야기 듣다 댓글 남다 수가 ai 발전 속도 인하다 ai 개발 하고 연구 사람 어느새다 쫓기다 새롭다 논문 기술 개월 주기 찍어내다 그렇다 보다 사용 사람 인류 주의 가치 잊다 단순하다 기존 보다 나은 기술 이라는 시안 사고 순간 순간 빠지다 그렇다 저희 업계 살아나다 어렵다 느끼다 영상 까지 보다 차다 많다 고민 생기 개발 하고 연구 사람 본인 기술 책임 생각 크게 들다 영상 ai 사용 분들 아니다 연구자 개발자 에게도 닿다 차다 좋다 좋다 영상 감사하다 간지 영어 자막 달다 전세계 보다 야하다 영상 간지 현재 외국 교육 테크 사람 영상 보다 주변 외국인 디자이너 에게 자막 켜다 한번 보다 달라 링크 뿌리다 좋다 영상 감사하다 지금 회사 인공 지능 쓰다 트레이닝 받다 시작 인공 지능 쓰다 쓸다 많다 질문 의문 생기다 지시 모으다 오다 이렇게 박식하다 채널 쩐다 라는 말로 밖에 표현 나르다 용서 18 56 gpt 말투 알트 멀다 오다 지덕 숏츠 중독 중임 ai 늘다 좋아하다 내놓다 쓸다 외롭다 허무하다 느낌 오다 ai 산업 결국 역사 반복 구조 학생 전교 친구 까지 모두 ai 기부 작성 본인 서사 잃다 이미 ai 에게 잠식 하고 그렇다 ai 대체 사람 무능력하다 사람 이라 치부 하고 스스로 자부 부끄럽다 사람 하나 느끼다 주의 가치 소중하다 깨닫다 되엇어 친구 에게도 공유 상이 이런 ai 분석 사람 처음 보다 뭔가 공포 이라는 안대 조금 벗다 직시 느끼다 아이 가르치다 인문학 가르치다 야하다 이유 ai 이라고 비웃음 당하다 알다 이기다 그렇다 영상 제작 들다 고민 공감 응원 보내다 양질 영상 미나 이라는 뜯다 먹다 가다 눈물 나다 모르다 인간 화이팅 지나가다 조용하다 시청자 잠시 지나가다 걸음 멈추다 자리 앉다 아름답다 호수 호수 에는 무섭다 사실 들다 망설이다 호수 뛰어들다 수위 낮다 달다 항상 깨달음 주다 영상 만들다 주시 가슴 울리다 콘텐츠 보다 알다 머리 질투 정도 매일 좋다 영상 만들다 주다 감사하다 간지 11년 생입니다 아직 모르다 많다 경험 부족하다 생각 나누다 싶다 댓글 남기다 보다 우리 인간 내면 에는 대체 따뜻하다 무언가 심다 믿다 우리 전부 생기다 성격 살다 모습 가치 찾다 대상 모두 다르다 이렇다 사람 복잡하다 세상 롭고 만하 만들다 우리 모두 기계 처럼 똑같이 행동 하고 완벽하다 세상 에는 변화 우리 불완전하다 우리 주위 당연하다 여기 예상 선택 서로 아끼다 사랑 하고 변화 원하다 여기 까지 오다 힘드다 순간 많다 그렇다 서로 버팀목 되어다 주다 하나 알다 존재 인간 따뜻하다 아무 뺏다 갈다 온갖 쓰레기 진상 범죄자 서로 맹목 비난 사람 보다 믿음 맞다 흔들리다 그렇다 사람 나르다 다른 사람 로부터 단절 시키다 피하 안되다 생각 세상 그렇다 사람 훨씬 많다 무슨 일이 일어나다 자신 잃다 말다 우리 그저 커다랗다 사회 부품 아니다 잊다 말다 이건 다큐멘터리잔아 strong positive 이렇다 본인 만의 신념 가지 중요하다 혼자 걱정 달이다 간지 감사하다 이렇다 좋다 영상 만들다 이제 영상 공유 가다 ai 숏츠 양산 시작 이후 누군가 자신 의견 주장 공유 1시간 넘다 영상 보다 이번 처음 벌써 바꾸다 간지 구독 이런 영상 공짜 보다 자체 축복 몇번 울컥 한지 모르다 주체 기회 마주 생각 이렇다 품질 영상 보다 축복 면서 빠르다 변화 사회 차다 착잡하다 기준 자다 다져지다 생각 듭니 감사하다 작다 이지만 성의 하고 싶다 놀랍다 인사이트 현재 미디어 바라보다 정치 경제학 흐름 유사하다 담론 논의 ai 에게 인간 지성 외주 나가다 지금 어느 보다 인간 지성 발휘 와중 어찌 보다 컨텐츠 먹다 자라다 유튜브 이렇다 맥락 깊이 영상 올리다 간지 플랫폼 자본주의 역행 사회 운동 격이군 쉽다 아니다 의미 움직임 영상 보다 가다 중도하차 댓글 보시 천천히 까지 주행 해주다 바라다 지금 우리 인류 역사 갈림길 생각 많다 사람 알고리즘 떳으 좋다 보이지 사람 언니 유투브 댓글 달다 거의 처음 이지 싶다 거의 모든 영상 보다 영상 많다 시간 노력 들어가다 느껴지다 댓글 안달 가다 대학병원 간호사 개인 ai 공부 처음 똑똑하다 기분 들다 좋다 가치 사람 신나다 마음 에는 라는 막연하다 공포 가끔 몰려오다 기술 발전 흐름 올라타다 맞다 생각 간지 영상 보고 어떻다 중요성 잊다 달다 사람 돌보다 결국 남다 가장 인간 사랑 신뢰 라는 몸소 체험 그것 직접 speak up 어렵다 일이 라고 생각 근데 이렇게 설득 사람 끌다 모으다 긍정 해결 방안 제시 해주다 멋지다 진심 많다 사람 에게 닿다 라고 확신 역사 보고 배우다 이르다 발판 삼다 나은 선택 ai 지혜롭 사용 하고 언니 처럼 좋다 영향력 나누다 싶다 강의 감사하다 주변 추천 ai 발전 일자리 알다 ai 활용 인분 인분 이상 해내다 달다 책임 세배 늘다 회사 에서는 경기 어렵다 예년 보다 연봉 상승 줄다 우리 업무 환경 좋아지다 겁니다 ai 자다 쓰다 무기 능력 알다 에게 결국 화살 되어다 돌아오다 it 개발 업계 디디다 2018년 부터 2022년 즈음까지는 해마다 개발자 연봉 오르다 일감 줄어들다 걱정 지금 업계 모든 위기 무섭다 작년 에도 동료 자르다 수도 프로그램 개발 참여 우리 어떻다 살다 걸다 시기 에도 쓸다 담다 사람 어떻다 사람 들이다 라이브 보고 충격 내용 사실 지금 까지 ai 직업 대체 무슨 직업 선택 벌다 이렇다 보다 영상 보고 깊다 생각 무섭다 지는 차다 날카롭다 생각 관점 환기 해주다 간과 점도 짚다 단순하다 생각 많이 가다 아니다 찾아보다 자료 양도 방대하다 사람 자체 생각 깊다 보임 즐기다 보다 지식 영상 에서도 정도 정리 해주 지는 의견 제시 다가 아니다 질문 제시 하고 질문 감싸다 환경 분석 해주다 평생 보다 오다 유튜브 지만 이렇게 달다 수용 이고 생각 깊다 사람 처음 10분 짜리도 ai 요약 보다 만들다 다른 영상 다르다 라이브 채팅 띄우다 두다 생각 마지막 엔딩크레딧 처럼 올라가다 주의 채팅 보다 소름 돋다 1시간 내내 롤러코스터 타다 느낌 시청 항상 좋다 컨텐츠 감사하다 여러 문제 인류 전체 과제 한다는 막막하다 디지털 네이티 브라 불리다 요즘 세대 스스로 생각 터득 인터넷 여론 자신 생각 받아들이다 경우 많다 짓다 느껴지다 많다 20 학번 인데 코로나 지는 모르다 많다 학생 에타 커뮤니티 여론 의식 느낌 받다 지금 sns ai 가다 남기다 비중 어느 정도 일지 모르다 ai 기업 나서다 갈등 부추기다 과연 인간 서로 뭉치다 회의 생각 드네 사람 솔직하다 외로움 고백 하고 서로 사랑 나아가다 좋다 영어 자막 보다 해주시 안되다 전세계 인들 보다 영상 이라고 생각 오다 유튜브 영상 보고 이렇게 여운 남다 처음 이에요 요즘 인스타 유튜브 이상 소소하다 일상 공유 아니다 지다 되어다 습관 릴스 쇼츠 죽죽 내리다 사람 이리 화가 나다 라는 생각 들다 피로 느껴지다 점점 떼다 간지 영상 언급 처럼 댓글 바깥 수많다 따뜻하다 사람 혐오 주의 시대 라는 워딩 속지 말다 사람 살아오다 시대 언제나 그렇다 미워하다 동시 사랑 노래 어떻다 선택 자유 이지만 결국 우리 에게 에게 행복하다 선택 살아가다 바라다 사랑 지구 인간 댓글 자주 남기다 조용하다 장년 구독 잡다 공감 보다 인류 라는 거대하다 개념 필요 그저 소중하다 보다 기다 미래 살다 모르다 어리다 인간 이라도 생각 마음 만으로도 충분하다 겁니다 우리 에게 서로 인간 사회 동물 잊다 말고 사다 기다 영상 꾹꾹 누르다 담다 만들다 고생 많다 현생 나름 대로 실천 살다 파이팅 조만간 도덕 윤리 개념 애매하다 순간 ai 시대 가장 중요하다 변곡점 숨다 울다 결국 사랑 귀결 사랑 감사하다 감사하다 간지 노력 찬사 감사 보내다 23 24 드디어 개인 말고 대기업 고소 시작 돼다,50
https://www.youtube.com/watch?v=XCkpalH6Ppk&list=RDXCkpalH6Ppk&start_radio=1&pp=ygUJ64m07KeE7IqkoAcB,ETA,뉴진스,602997,하이브 테크노 신곡 듣다 정화 오다 danielle say newjeans never die 아직도 노래 좋다 듣다 노래 좋다 비트 좋다 miss girl bring back newjeans pls 지금 달다 과연 좋다 요가 달리다 miss newjeans hope danni okay pray still hold head high danielle noooo new jean never die black grown man life hood blasting song everyone started vibing 약속 늦다 들다 가면 지각 안함 never forgive world letting go way miss new jean never dy 기자회견 보고 충격 하이브 공주 알다 그렇게 대우 받다 방해 받다 민희진 대표 아니다 뉴진스 뻔하다 영원하다 응원 뉴진스 이번 앨범 보다 듯이 성공하다 dani voice stand love much justicefordani boy always lyin 외쳐 eta eta cant believe dani got kicked group hybe always lyin newjeans never whhhaaattt literally went mall went foot locker song came employee literally started dancing singing jamming miss new jean prime 뉴젠스 여러분 아직 여기 계시다 newjeans never die whats ur eta whats ur eta whats ur eta whats ur eta recommend checking song like omg hype boy attention supernatural tbh hard say bop new jean never die newjeans seriously best fr 파다 희진 만혼 난날 지원이 헤어지다 그날 들다 늘다 비트 넘다 좋다 듣다 간다 still hereee new jean dropped new ep get listen eta asap super shy im cool newjeans never die dani newjeans 버니즈 싶다 요약 공주 처럼 주다 커녕 콩쥐 취급 당하다 마음 쓰라리다 아픔 never forget njz momma song goated every time release song get interesting catchy time 기자회견 보고 eta 가사 지원이 들다 사람 te extra amos new jean 뉴진스 보고싶어요 miss newjeans miss girl new jean 일련 사건 차다 아이돌 노래 하나같이 깔다 타이틀 수록 상관없다 앨범 버리다 아쉽다 always support idol shitty company newjeans never die best kpop song ever eta awsome whats ur eta whats ur eta,46
https://www.youtube.com/watch?v=XIOoqJyx8E4&list=RDXIOoqJyx8E4&start_radio=1&pp=ygUJ64m07KeE7IqkoAcB,NewJeans (뉴진스) 'Zero' Official MV,뉴진스,842507,민희진 승소 보고 다시 오신 계시다 fact went hard ad show freaking talented miss guy never want apart yup lyric foreshadowing make song basically ad coca cola good aesthetic 리티 인데 넘다 좋다 노래 라고 생각 갑자기 코카콜라 맛있다 웃다 버리다 넘다 이쁘다 진지하다 어리다 고르다 힘들다 코카콜라 맛있다 맛있다 먹다 먹다 배탈 척척 박사 에게 물어보다 이네 even care ad going playlist go back era already obsessed know song gon na repeat allll week miss newjeans much never want apart hit different stuff happened someone remember song 방시혁 능력 노래 제목 vocalist visuals dancer 5rappers queen miss newjeans bad newjeans forever doe sound good literally partnership song every single new jean song like listen get addicted year ago wow miss newjeans love turned ad actual song fit vibe amount influence girl rookie crazy insane 코카콜라 맛있다 나오다 당황 miss much 2025 fact commercial crazy song good kind want different version without cola chorus production team amazing way music video seriously went say chorus bad brain 24 hey girl even slaying promotional song love simply better lot music even though ad coca cola people serious complain chorus missing commercial video fun vibe producer know quite well 뉴진스땜 전세계 코카콜라 한글 들어가다 뉴진스 광고 구나 인기 많다 이지 짜다 본진 이쁘다 miss new jean lawdddddd lyric deep tear love give mv every music release everything newjeans feel like lot thought went making something high quality every time understand promotion essence newjeans always good love voice even though chorus weird catchy 2026 end newjeasn thanks ador hybe newjeans slaying even ad song song good bro nunca pen que una canci promocional fuera gustar aesthetically pleasing sound soothing 광고 가려진 음악 아쉬움 뉴진스 노래 제일 좋다 unique girl group always follow one replace newjeans chorus part singing coca cola tasty pretty common chant child korea sing game brings memory know pretty known people pretty genius ask ad would also want praise mv nwjns production really never disappoints mv keep showing red door symbolizes place even though forgotten heart still try find hope tasting good feeling ad storyline pretty genius ever want part addicting newjeans five 18 danielle haerin despite hate song gotten actually really good nostalgic instrumental beautiful chorus insanely catchy coca cola mashita new favourite song line 13 line hurt choreographer deserves raise addictive song girl slayed new jean acaba de meter un comercial por la cara haciendolo parecer un comeback que encima suena tan bien como si lo fuera que fuerte,48
https://www.youtube.com/watch?v=Xp3b1UajyBA&pp=ygUM7J246rO17KeA64ql,🟣 '이것'만 알면 24시간 전담 비서 생깁니다- 박태웅 의장 '20분 트렌드과외',인공지능,20294,안녕하다 김미경 tv 독자 여러분 mktv 김미경 tv 24시간 전담 비서 생기다 박태웅 의장 20분 트렌드 과외 그렇다 바로 당첨 10분 발표 유튜브 댓글 핸들 당첨 skydream 58 나기 정선근 보보스 allora 486 보름 dysk 8171 hiller 3452 user sdm 10 wldn 4527 당첨 발표 카카오 tv 친구 추가 진행 카카오 플러스 친구 채널 김미경 tv 당첨 확인 선물 받다 보내다 지나다 당첨 기회 사라지다 핸들 정확하다 작성 해주다 감사 드리다 교양 다시 중요하다 시대 오다 세상 역시 돌다 좋다 강의 자다 들다 강의 국회의원 모으다 시기 바라다 번쩍 뜨이다 주다 좋다 강의 고맙다 ai 가다 인간 일자리 뺏다 보다는 ai 자다 쓰다 인간 그렇다 인간 일자리 뺏다 ai 경쟁력 제발 우리나라 바라다 대적 투자가 필요하다 정신 번쩍 들다 강의 단순하다 질문 넘어서다 구체 이고 고차원 질문 그래서 수준 대화 통한 아웃 가져오다 식견 가다 좋다 강의 감사하다 gpt 다른 질문 알다 질문 교양 부활 하고 적지 기반 다른 질문 알다 능력 ai 제대로 활용 말씀 깊이 공감 독일 전차 라는 별명 열심히 산업 60 대입 시대 이렇게 완전하다 ai 세상 바뀌다 오늘 강의 듣다 새롭다 도전 에너지 받다 경험 무기 오다 이제 ai 참모 무장 전략 인생 보다 ai 가다 나오다 주변인 이렇게 이제 아무 안해 영어 공부 필요없다 읽다 공부 필요 등등 이렇다 세상 살리다 그렇다 주식 하고 부동산 열심히 다른 많다 부모 많다 파트너 만나다 의장 강의 듣다 많다 읽다 라고 바가지 얻어먹다 질문 만들다 이유 설명 그렇다 똑똑하다 사람 아직 ai 정보 미래 생각 어짜 든지 라도 열심히 공부 알리다 갈다 우리나라 미래 처음 인터넷 나오다 인터넷 정보검색 사가 각광 받다 직업 이라고 ai 그냥 생활 자체 의장 과외 ai 기술 생각 보다 급속하다 발전 우리 일상 크다 영향 미치다 알다 특히 교양 화려하다 부활 시대 만들다 싶다 사람 에게는 소용 늘다 말씀 가슴 꽂히다 ai 가다 사회 구조 근본 변화 시키다 트렌드 맞추다 digital literacy ai literacy 같이 시대 대비 차원 필요하다 역량 무엇 인지 크다 도움 내용 고맙다 미나 한강 작가 소설 나오다 문구로 대화 소름 돋다 의사 요리사 법학자 번역가 수십 명의 전문가 비서 데리 느낌 무엇 이든 질문 하라 얻다 김미경 강사 감사하다 요즘 박태웅 교수 초대 해주다 감사하다 상담 일지 해보다 나누다 기분 이렇다 댓글 살다 처음 써다 보다 근무 몰래 듣다 뒤끝 안좋다 세상 많이 치다 자신 오십 평생 보다 다시 한번 영상 보다 지난 1년 그간 운동 수면 습관 식생활 꾸역꾸역 자다 지키다 독서 만큼은 쉬다 짤막하다 질문 해보다 전부 늦다 이번 기회 ai 실생활 접목 시키다 정신 번쩍 들다 열심히 공부 전부 챙기다 보다 구독 진작 변화 크다 실어 김미경 tv 감사 드리다 일본 에는 정의 한국 에는 박태웅 우리나라 ai 연구 투자 많이 기술 따라잡다 속상하다 이런 강의 당국자 듣다 적극 반영 좋다 항상 좋다 강의 들려주다 감사하다 짧다 어마어마하다 내용 과외 실질 ai 검색 엔진 다르다 어떻다 써다 어떻다 생활 접목 시키다 인가 내용 사회 전반 어마어마하다 변화 라는 일자리 많이 없어지다 라는 이라는 누구 뉴스 기사 접다 어떻다 가시 인지 내용 개다 해주다 감사하다 많다 도움 되어다 불안하다 마음 오히려 멀리 하고 시절 그립다 모르다 그렇다 덮어놓고 받아들이다 준비 안되다 불안하다 마음 알아채다 계기 되어다 나르다 불안하다 아니다 똑똑하다 친구 ai 오다 함께 세상 자다 녹다 들어가다 감사하다 ai 가다 재앙 기전 ai 이해 대중 선도 ai 가다 공익 인프라 노력 박태웅 박사 메세지 크다 도움 함께 해주다 판검사 ai 대체 도입 시급하다 아이 키우다 컴퓨터 핸드폰 티비 모든 디지털 디바이스 멀리 살다 이제 다시 배우다 야하다 열심히 공부 ai 제대로 알다 ai 에게 지배 좋다 말씀 감사하다 크리티컬 시점 예산 깎다 버리다 정도 스파이 아니다 아이 엄마 로서 아이 교육 ai 어떻다 접목 시키다 배우다 감사하다 ai 수많다 영상 근원 이고 한국 사회 깊다 새기다 들다 상이 영상 보다 갑자기 gpt 싶다 생각나다 무엇 보다 나이 먹다 퇴사 중년 주부 어떻다 살다 ai 대화 찾다 싶다 어쩌면 주위 누구 보다 현명하다 해주다 싶다 좋다 이야기 들려주다 감사하다 세상 급변 하고 처럼 늦다 나이 박사 과정 사람 에게는 전세계 모든 교수 이론 쉬다 접근 도와주다 최고 도구 지도 교수 무한 대로 생각 똑똑하다 지도자 뽑다 나라 살다 직장인 10년 차인 30 대다 여성 현재 회사 지원 gpt 유료 버전 사용 인데 편리하다 예전 같이 사람 업무 회의 아이디어 도출 해내다 ai 오다 쉬다 업무 아니다 여행 계획 영어 공부 모든 ai 오다 확실하다 공부 생각 듭니 강의 들다 중요성 느끼다 유익하다 영상 으로는 우리 젊다 사람 인력 시장 ai 활용 업무 고도화 포트폴리오 갖추다 중요하다 생각 현직 교사 강의 들다 통수 맞다 번쩍 떠지다 새롭다 시대 준비 학생 공유 하고 싶다 내용 교양 화려하다 부활 한다는 말씀 미디어 리터 러시 ai 리터 러시 같이 가야 한다는 말씀 깊이 공감 ai 리터 러시 넓히다 기회 주시 감사하다 듣다 넘다 내용 좋다 다시 듣다 평소 궁금하다 20분 강의 녹다 놀라다 박태웅 의장 혜안 믿다 누구 이해 쉬다 질문 하고 누구 이해 쉬다 명답 강의 감사하다 소름 이에요 명쾌하다 설명 감사하다 10 이제 유니콘 기업 개인 가능하다 34 싱크 99 이유 다른 사람 ai 준비 결과물 ai 비교 검증 일본 마사 요시 엔비디아 가다 gpu 우선 공급 받다 우리나라 gpu 가다 교과서 없이 공부 처럼 현실 걱정 일본 gpu 살다 정부 보조 주다 우리 세금 대체 어디 쓰이다 안타깝다 현실 계속 수명 늘어나다 나이 들다 보다 빠르다 컴퓨터 ai 가다 발전 하고 이제 노인 이라고 주춤 하고 오스 크다 한잔 맘대로 말다 어쩌면 챙기다 먹다 신세 급속도 파고들다 ai 시대 어차피 함께 가야 차근차근 배우다 익히다 도전 해보다 와는 상관없다 멀다 얘기 라며 관심 갖다 알아보다 주저 해오다 말씀 듣다 보다 변화 시대 맞추다 알다 노년 에도 힘들다 살아가다 생각 바뀌다 ai 활용 지혜롭 편하다 살아가다 안녕하다 프랑스 consortium museum 운영 하고 유익하다 자다 들다 2027년 이면 50 주년 맞다 transmission ai 시대 맞다 기본 구조 고민 하고 와중 박태웅 소장 강의 소개 해주다 감사하다 자료 찾다 보다 gpt 부터 다시 제대로 알아보다 사용 해보다 동영상 요약 해주다 서비스 기능 좋다 박태웅 의장 의미 강의 감동 검색 엔진 chant gpt 와의 차이 비교 해주다 말씀 비교 정리 되어다 교양 필요하다 사회 라는 말씀 언어 장벽 없어지다 말씀 가슴 오다 닿다 다만 많다 직업 없어지다 말씀 가슴 아프다 의장 너무나 궁금하다 기회 읽다 습니 mktv 김미경 대표 귀하다 대화 이끌다 고맙다 역시 트렌디 하고 시대 꾀뚤어보 컨텐츠 감사하다 40 좋다 말씀 50 대다 중반 유튜브 채널 운영자 chat gpt 콘텐츠 대본 만들다 캔바 ai 프로그램 썸네일 삽화 만들다 정도 작업 조금씩 알다 알다 필요 생기다 이렇다 강의 기획 해주다 김미경 tv 너무나 감사 드리다 오다 박태웅 의장 빠져듭니 설명 멀다 쏙쏙 박히다 지피다 대화 지다 지나다 보고 바로 불다 들다 자주 붙들다 놀다 실버 고등학생 인데 올해 졸업 내년 대학 합격 많다 도움 돼다 ai 오다 많다 대화 열다 비서 채용 겠다 감사하다 얼마 아들 한테 유익하다 영상 이라 하나 영상 보내다 더니 ai 가다 라며 요약 보다 바로 보내오다 이런 깜짝 놀라다 하루 다르다 변하다 어지럼증 느끼다 정도 예민 떨다 무시 하고 살다 생각 이번 영상 보고 절대로 래서 안되다 사실 달다 그동안 우리 느껐던 변화 속도 속도 아니다 절박 느껴지다 이렇다 여상 올려주다 나이 들다 생활 에도 긴장 불어 넣다 주심 감사 드리다 감사하다 늦다 나이 대학원 입학 공부 하고 어리다 친구 함께 공부 치다 ai 활용 아직 제대로 활용 하고 영상 듣다 ai 공부 제대로 생산 사람 되어다 겠다 생각 드네 좋다 말씀 감사하다 서글프다 진정하다 애국자 차다 말문 막히다 와우 좋다 강의 감사하다 준비 만들다 mktv 덕분 발짝 발돋움,50
https://www.youtube.com/watch?v=ZHM-KT-n42c&pp=ygUM7J207Iqk65287JeY,이스라엘을 해방시켜준 나라가 '이란'이었다니!!,이스라엘,15194,이번 유대인 한테 오만 떨어지다 피해자 코스프레 먹히다 썬킴 오빠 똑똑하다 부지런하다 근데 오빠 예수님 얘기 심심하다 주지 썬킴 세계사 썬킴 좋다 자다 정리 해주다 감사하다 최욱 썬킴 귀엽다 물이 재밌다 내용 길다 시리즈 주심 좋다 애초 유대교 예수 인정 극우 기독교 광화문 이스라엘 기르다 흔들다 재미있다 국민 보다 알다 정보 드디어 이어지다 감사하다 썬킴님 내부 카드 내자 이스라엘 가나안 선민의식 무너지다 바벨탑 스스로 쌓다 결국 스스로 다시 흩어지다 감사하다 써다 형제 방송 들다 아멘 승승 코너 유익하다 재미 넘다 유익하다 프로 이글 내용 듣다 듣다 궁금증 확실하다 내다 만들다 정확하다 유대인 누구 인지 모르다 고맙다 썬킴 대한민국 세계사 선생님 오늘 가치 시간 고맙다 썬킴씨 역사 이야기 재미있다 웃기 설명 해주다 감사하다 그동안 궁금하다 많이 풀리다 넘다 재밋 들다 역시 썬킴 이스라엘 배은망덕하다 족속 참말 천년 동안 떠돌다 홀로 코스터 피해 까지 경험 반기다 팔레스타인 사이 좋다 자다 지내다 아브라함 이삭 야곱 이스라엘 유다 썬킴님 재개 좋다 역사 재밋 느껴지다 4천년 밉다 상의 역사 예수 먹다 쫓겨나다 아직도 그대로 다시 흩어지다 이스라엘 오늘 좋다 그렇다 제일 이해 가다 전세계 우리나라 망상 극우 이스라엘 찬양 하고 쉴드치다 이스라엘 사람 다시 2천 아니다 영원하다 세계 떠돌다 박해 받다 바라다 시오니즘 버리다 이상 이스라엘 민족 구원 받다 썬킴 하고 욱이 잘맞다 땡큐 썬킴님 항상 보다 오다 역사 어질어질하다 썬킴 쵝오 궁금하다 알다 고맙다 오늘 좋다 전체 흐름 읽히다 유익하다 영상 곱다 와우 우리 썬킴 박사 성경책 몇번 읽다 이해 하나님 아버지 아버지 이름 거룩하다 빛나다 아버지 하늘 에서와 같이 에서도 이제 정리 훌륭하다 강의 선킴 매력 넘치다 재다 써다 좋다 썬킴 언어유희 재능 카드 내자 오늘 썬킴 좋다 샘킴 선생님 설명 자다 그래서 우리나라 극우 개신교 집단 다윗 그려지다 이스라엘 국기 치다 들다 다니다 세상 웃기다 코미디 라는 한국 이스라엘 정서 높아지다 다행 불쇼 주제 다루다 감사하다 미국 이나 유럽 에는 젊다 세대 사이 이스라엘 아파르트헤이트 국가 인식 청년 엄청나다 늘어나다 이스라엘 유대인 전체 대표 아니다 언급 해주다 좋다 인종차별 국가 이스라엘 비판 유대 주의 라는 프로파간다 인식 이제 바꾸다 이스라엘 국가 통치 이데올로기 시온 주의 역사 팔레스타인 유대 민족 국가 세우다 한다는 정치 오다 유대 주의 엄연하다 다른 이고 분리 보다 주의자 팔레스타인 강탈 하고 이스라엘 건국 나치 와도 협력 들이다 역사 보여주다 홀로코스트 피해 이주 유대인 난민 영국 이나 미국 이주 막다 팔레스타인 오다 주의자 이스라엘 국가 유지 지금 전세계 모든 유대인 이스라엘 불다 들이다 싶다 유대인 뭉치다 안되다 다른 인종 섞이다 생각 인데 이야말로 유대 주의 선킴님 해주다 이스라엘 un 승인 1948년 건국 되어다 1948년 5월 15일 수많다 팔레스타인인 자신 고향 쫓겨나다 이스라엘 에게는 건국절 이지만 팔레스타인인 에게는 대재앙 팔레스타인인 나크바 대재앙 라고 부르다 오다 5월 15일 팔레스타인인 고향 추방 많이 기억 해주다 가자지구 서안지구 팔레스타인인 자신 존재 하고 살아나다 자체 이스라엘 식민 지배 저항 하고 이스라엘 탱크 던지다 이유 감옥 10년 수감 팔레스타인인 아이 아이 팔레스타인 벌어지다 침묵 말고 이스라엘 규탄 나가야 이스라엘 나라 다시 사라지다 예전 처럼 떠돌아 다니다 기르다 재미있다 매주 기다리다 썬킴 재밌다 land mine god gave land 노래 들으면 정말 얼척이 없음 어거지도 정도가 있죠 좋아하다 썬킴 보다 재다 써다 세계 거의 대부분 사람 재수 여기다 정도 아니다 증오 오감 오래전 부터 이렇다 에는 이유 아돌프 히틀러 에게 뜨다 넘기다 꼭두각시 처럼 유대인 수많다 문제 대전 이왕 이렇게 지구 아예 없애다 버리다 자고 누군지 모르다 개인 인지 조직 인지 모르다 암튼 파이널 설루션 프로젝트 시전 히틀러 가스 전쟁 재원 자금 조성 지원 까진 알려지다 팩트 실례 미국 록펠러 포드 자동차 회장 등등 지지 엄청나다 자금 그냥 대적 정도 어마 무시 지원 아끼다 유대인 없애다 달랑,48
https://www.youtube.com/watch?v=Zf8w7AP1Wxs&pp=ygUM7J207Iqk65287JeY,현시점 유럽까지 번지는 중이라는 미국·이스라엘-이란 전쟁 핵심만 요약해 봄 / 스브스뉴스,이스라엘,10945,03 03 미국 잠깐 이란 방공 별거 아니다 군인 이랑 민간 인들 걱정 그냥 지도자 끼리 ufc 안되다 세계 대전 나다 바라다 영화 에서만 보다 도나 쏘다 죽다 남일 전쟁 희생 민간 인들 인데 무섭다 역사 전쟁 하루 만에 이고 시작 전쟁 무섭다 전쟁 길어지다 이란 이스라엘 미국 까지 발발하다 유럽 코앞 까지 퍼지다 나중 아시아 확대 무서움 기름값 미치다 그만 싸우다 제일 무섭다 밉다 본토 출발 폭격기 이란 까지 가다 아빠 사우디 근무 전쟁 일주 일전 휴가 입국 원래 라면 저번 복귀 항공 편이 막히다 가다 이제 전쟁 장기 항공 편이 뜨다 이유 복귀 수도 무섭다 걱정 대전 서막 아니다 기르다 장기전 가면 거의 전이 불가피하다 지구 인구 감축 마지막 발동 걸리다 전쟁 끄다 직하 지만 그렇다 자주 싸우다 기전 자르다 내다 미국 무섭다 순간 나라 마비 시키다 협상 그딴 그냥 완성 까지 시간 기지 웃기다 레비 부패하다 사치 부린다 정권 뒤엎 정작 들이다 정권 잡다 레비 왕조 따다 때리다 정도 부패하다 사치 부리다 종교 라는 마약 찌들다 쟁이 들이다 우리 지금 인공 지능 미래 직업 고민 아니다 수명 100년 아니다 10년 되게생김 이란 방공 별거 아니다 아니다 레이더 참새 새끼 하나 잡히다 갑자기 폭격 떨어지다 저걸 어떻다 막다 이란 나라 가지다 생각 존나 무섭다 한국 조용하다 이란 자원 부국 국토 넓다 인구 1억 가까이 던데 저렇게 밖에 살다 안되다 전쟁 빨리 끝나다 빨리 끝나다 바라다 부터 죽이다 미치다 실력 이네 그냥 지도 지우다 버리다 아니다 빨리 끝내 제발 제발 커지다 해주다 대전 일어나다 해주다 세상 공평하다 안타 죽다 영혼 vip 천국 가다 좋다 한국 일본 중국 북한 맨날 거리 털다 실제 싸우다 개발 문제 레바논 팔레스타인 이란 무장 네트워크 파괴 중국 이란 미국 선거 개입 자유 vs 독재 프레임 정치 명분 이고 실제 핵심 지정학 문제 라는 분석 맞다 밉다 패권 싸움 새우 신나다 터지다 중이 라고 보다 진심 역사 남다 전쟁 많다 희생 알다 이제 그렇다 전쟁 좋다 전쟁 뒤지다 싶다 제발 어떻 대한민국 전쟁 안나 해주다 시민 이미 끝나다 전쟁 수장 잃다 전쟁 오래 지속 역사 명함 이렇다 보다 북한 이랑 통일 이나 종전 나다 북한 그냥 wwe 느낌 대치 다른 나라 전쟁 참여 명분 겁나다 크다 지도자 자다 뽑다 야하다 느끼다 우리 전쟁 도발 하고 난리치다 엊그제 잖다 좋다 분석 이제 한반도 전쟁 나다 게임 시작 건가 우리나라 휴전 중임 잊다 기다 오일 이지 미국 competition 버리다 이란 공통점 석유 낮다 가격 수입 국가 중국 낮다 가격 중국 제품 낮다 가격 유지 제발 한국 인들 무사하다 돌아오다 좋다 세계대전 끝나다 지다 백년 벌써 보다 여기 저기 전쟁 일어나다 보다 다음 어딜 끄다 대만 언제 터지다 지금 터지다 이스라엘 지금 이란 절대 공존 서로 존재 자체 부정 하나 끝나다 중동 평화 오다 미국 트럼프 국민 시선 돌리다 위함 가장 크다 이유 미국 워낙 개진 떨다 거기 이란 국민 학살 도람 푸다 한텐 나이스 였슬듯 확실하다 이스라엘 중동 지역 악의 보다 멀다 이야기 라고 생각 우리 국방 부터 점검 하고 우리나라 부터 재무 장하다 항상 대비 세계 석유 가스 장량 인데 누구 라도 눈독 들이다 전쟁 이야 중국 목표 구나 에너지 끊다 버리다 휘발 류값 200원 이상 오르다 에구 결론 중국 견제 이란 전문가 며칠 에는 절대 미국 공격 베네수엘라 다르다 중동 에서의 패권 이고 미국 이라도 방법 폭격 우두머리 알라 가버리다 역사 전쟁 이란 계속 개입 알다 끝내다 까지 만들다 주위 국가 주다 위험하다 미국 최종 목적 중국 중동 문제 복잡하다 얽히다 이해 공부 필요 기자 인지 아나운서 인지 나레이션 목소리 신뢰 세련되다 들다 독재정 인가 yes 드리다 yes 다른 나라 국가 수장 암살 yes 다른 나라 전복 노리다 무장 단체 지원 yes 민간 상선 공격 yes 국민 시위 학살 yes 중국 러시아 불법 무역 yes 미국 행동 가장 크다 이유 중국 원유 거래 베네수엘라 그렇다 이란 그렇다 중국 영향력 줄이다 불량 국가 정리 시작 중동 맹주여 미국 에선 종이 호랑 이구나,50
https://www.youtube.com/watch?v=ZikunQmtcyQ&pp=ygUJ7JuU65Oc7Lu10gcJCQQLAYcqIYzv,감스트 한국 미리보는 북중미 월드컵!!,월드컵,10581,한국 최종성 어떻다 예상 09 50 배경 빵집 40 합성 폭력 이네 02 30 유튜브 시간 짜다 영상 태어나다 처음 보다 35 시력 검사 시작 이정 스케일 컨텐츠 감스트 유일하다 대단하다 감스트 정도 까지 만들다 니까 야마 돌아서다 답답하다 느껴지다 국어 시간 보여주다 야하다 풍자 표본 감스트님 에르 르나르 감독 사퇴 우리나라 감독 모시다 어떻다 생각 니까 명보 변기 넣다 내리다 영상 보다 궁금하다 전술 설정 매치데이 메뉴 에서도 그게 편하다 32 강도 우리나라 힘드다 예선 예선 탈락 예상 한심하다 우리나라 축구 응원 조차도 안해 관심 가다 뜯다 고치다 게임 fc 26 인가요 플스 판도 상보 진심 분도 능력 뜨다 스트형 나오다 신분 누구 가요 되게 잘생기다 hi gamst malaysia korean boyfriend forced watch like watch video 웃기다 돌리다 보다 중이 웃기다 축구 시리즈 스트레스 받다 시청자 입장 에서는 웃기 희화 시키다 웃다 지켜보다 감사하다 어떻다 궁금하다 vs 멕시코 vs 남아공 vs 체코 이렇게 예상 해보다 개인 32 진출 이유 간다 일단 녹아웃 스테이지 통과 꺼드럭 겁나다 대면 아시안컵 까지 밀다 붙이다 예정 이라 교체 리그 탈락 8등 들어서다 녹아웃 스테이지 가다 좋다 데자뷰 무섭다 개추 모드 인가요 토트넘 경기 보고 오다 개추 이번 한국 갈다 남아공 이랑 한국 두다 화이팅 피파 26 구입 패치 따로 건가 경기 자꾸 부릅뜨다 손꾸락 마임 지시 웃기 fc 26 한국 대표팀 어떻다 40 11 모드 어케 하나요 피파 26 알다 홍명보 버리다 랩니 에겐 남다 모드 어케 아시 알다 쥰나재밋 보다 체코 대다 승리 시나리오 보고 바로 끄다 감스트 조차 국뽕 차다 믿다 보다 홍스트 조합 12 30 선수 이름 까먹다 명부 55 코치 이름 모르다 꾸짖다 명부 시험 기간 이라 힘드다 좋다 영상 감사하다 eafc 26 게임 쓸다 한국 국가대표팀 패치 깔다 eafc fifa 한국 라이센스 안되다 한국 대로 어떻다 싶다 명보 인맥 축구 하고 오다 웬만하다 드라마 한편 보다 재밌다 터지다 12 56 홍타쿠 동작 웃기 fc 26 한국 패시 한국 대다 체코 한국 대다 남아공 한국 대다 멕시코 기획 연출 좋다 월드컵 게임 어떻다 가요 36 똑같다 32 32 감스트 멘트 한번 치면 상황 끼다 타쿠 계속 역할 바뀌다 웃기 근데 현실 이라 쓰다 쓸다 저러다 감스트님 소방수 박항서 감독 이나 차범근 감독 어떻다 오프닝 부터 꾸다 스트옆 사람 연극배우 혼자 역할 개욱겨 확실하다 감컴 원조 출신 가발 보다 훨낫다 스트 유투브 에는 가발 돼다 46 54,50
https://www.youtube.com/watch?v=ZncbtRo7RXs&list=RDZncbtRo7RXs&start_radio=1&pp=ygUJ64m07KeE7IqkoAcB,NewJeans (뉴진스) ‘Supernatural’ Official MV (Part.1),뉴진스,855347,정신병 오다 뉴진스 돌려주다 danielle hurt see go thank everything gave newjeans always part forget actually cried miss newjeans 지금 보다 사람 지금 뉴진스 좋다 newjeans five newjeans without danielle newjeans never dy nj seamless japanese korean english combo doe sound natural 일본 데뷔 이라고 일본어 로만 쓴다 아니다 kpop 아이돌 이라는 정체 놓다 신의한수 아이돌 일본데뷔 관심 많이 떨어지다 음악 커버 치다 대박 이네 kpop feel anymore without new jean presence 제일 마지막 발매 슈퍼내츄럴 간지 우리 인연 깊다 뉴진스 까지 기다리다 발등 다치다 안무 참여 발상 생각 혜인 주인공 신의 일본 데뷔 아니다 그냥 뉴진스 컴백 한국어 넣다 신의 한수 국내 인지도 까지 사로자다 crazy see tarzzan debut idc 100 group debuted could never replace nwjs nwjs miss june 30th last time released music 뉴진스 대체 아직도 나타나다 still make part comeback member unable perform dance scene lot storyline screentime love see girl hyein im happy better 작업 진심 사람 만들다 느낌 벌리다 진심 뭔가 창작 들어서다 제대로 시청자 보기 느낌 확실하다 다르다 still waiting song choreo life newjeans wa active 타잔 이르다 한번 다시 보다 오다 뉴진스 잊다 물론 아직 잊다 spotify mv mv newjeans five 뉴진스 이렇다 방식 좋다 혜인 부상 이란 상황 혜인 이를 활동 중단 시키다 선택 아니다 혜인 버니 섭섭하다 슬프다 뮤비 스토리 자체 상황 맞추다 오다 천재 젠장 애기 06년 생인데 뮤비 보고 가슴 울컥 miss newjeans 03 moment unite line hit hard 혜인 추다 자리 에는 버니스 들어가다 춤추다 설정 센스 스윙 일본 시티 분위기 가미 일본데뷔 오픈 대단하다 뉴진스 아니다 좋아하다 곡임 심플 하고 트렌디 하고 은근 개힙함 이렇다 그룹 다시 나오다 힘들다 never forget 원래 활동 가면 뭔가 단절 느낌 나다 이렇게 일본 데뷔 관심 가다 본적 처음 이라 그냥 자체 새롭다 노래 좋다 다치다 니까 가만히 장면 넣다 춤추다 장면 에선 토끼 대체로 넣다 감동 뉴진스 보고 싶다 추억 잠기다 혜인 속상하다 말다 확실하다 다시 즐겁다 춤추다 last njz song dani ever hurt like crazy 확실하다 대표 로움 불어 넣다 else cry listening song 헤드폰 쓰다 끄다 눈감다 들다 과거 여행 느끼다 뭔가 아련하다 애달프다 눈물 터지다 보통 일본데뷔 일본어 인데 한국어 섞다 양국 어디 들다 좋다 음악 탄생 버리다 나중 회복 혜인 토끼 쓰다 나오다 주다 좋다 그렇다 무대 시작 토끼 벗다 거지 계속 저기 우리 뉴진스 돌려주다 보고 싶다 2024년 가장 트렌디 하고 힙하 과거 떠나다 여행 젠장 뉴진스 girl biggest reason loved kpop want lose story newjeans bunny end oh much miss newjeans 30 90 오다 일본어 한국어 영어 쓸다 미치다 처음 아니다 혜인 아프다 추다 대신 추다 토끼 쓰다 추다 주인공 혜인,50
https://www.youtube.com/watch?v=ZzVPRNL55RA&pp=ygUM7J207Iqk65287JeY,"美·이스라엘, 이란 폭격영상 공개…美 '침묵의 암살자' B-2 등 군 자산 대거 전개 [뉴스9]",이스라엘,7101,이참 불량 국가 정리 세계 평화롭다 특히 국민 속이다 거짓말 정치인 정리 이번 완전 정리 다음 기회 중국 껍데기 미국 진정하다 경찰 이라는 여실히 드러나다 시대 미군 저렇게 실전 바탕 점점 강해진 까불다 디지다 수많다 국민 죽다 보다 최고 권력자 제거 전쟁 휠씬 인류 애가 전쟁 이란 국민 대다수 축제 분위기 던데 축하 드리다 좋다 정권 세우다 행복하다 기원 미국 인들 상자 없이 완승해 위엄 이란 시민 자유 세계 평화 보여주다 국민 눈가 입가 독재 저렇게 마두 로는 새벽 배송 이란 반품 어떻다 미국 한테 깝칠 생각 무식하다 건가 생각 건가 그냥 어차피 디지다 존심 이라도 세우다 건가 무기 중요하다 미국 실전 경험 어느 나라 보다 상상 초월 부럽다 허세 미국 군사력 에서는 공산 국가 없어지다 야하다 독재정 확실하다 없애다 국민 자유 민주주의 쟁취 이제 공산주의 완전하다 무너지다 오다 보다 미국 우리 해방 시키다 은인 미국 우리 빨갱이 부터 해주다 생명 은인 이르다 보다 러시아 핵무기 써다 종이 호랑이 미국 한테 개다 뒤지다 늘다 영상 볼때 마다 웅장 이란 지도 부가 전부 제거 남다 능지 지리 멸멸 수준 거의 자해 수준 다음 메다 진정하다 로켓 배송 완성 대한민국 독재자 차례 아니다 대한민국 에도 독재 벗어나다 진정하다 자유 민주주의 우기 한국 에도 자유 미국 이스라엘 프랑스 항공모함 드골 지중해 출발 다음 한국 아마 제로 지다 이란 보유 미사일 소진하 그날 부터 지옥 아프다 시원하다 국민 눈가 입가 리기 시작 나라 반드시 무너지다 치면 뒤지다 기회 압도 퍼부어 이란 아니다 북중 미국 이런 나라 못깝치 해주다 천조국 위엄 지금 많다 재미나 그만 항복 하고 명랑하다 자유 행복 이란 국민 에게 돌려주다 강력 미국 완전 멋지다 미국 리짜이밍 알다 기어 그다음 대한민국 차례 기다리다 트럼프 라이 아니다 미국 자국 전쟁 행위 아니다 불량 국가 독재자 하나 하나 제거 인정 해주다 평가 해주다 다음 쿠바 아마도 그다음 김정은 제발 이재명 박지원 정동영 군사작전 도와주다 망정 치다 작전 성공하다 우리 동족 이니 대화 상대 지랄 떨다 인공 노니 분노하다 이란 무기 중국산 동맹국 전쟁 파병 누르기 만하 미사일 나르다 사람과 일이 졸라 멋지다 스피릿 뜨다 해당 국가 멸망 예고 아무 보이다 밤하늘 구름 유령 같이 조용하다 오다 서다 멸망 덩어리 조용하다 떨다 트리 조용하다 사라지다 존재 스피릿 반경 세계 한국 빨리 미국 51 주로 편입 시키다 쎼쎼 파란 지붕 에도 수십 부탁드리다 트럼프 서울 여의도 저렇게 초등학교 사망 사건 이란 오발 이라 미국 한테 누명 씌우다 대재 민국 클라스 뉴스 나오다 재다 이의 미래 오다 미국 마다 이렇게 무기 실제 써다 보고 전쟁 경험 축적 하고 한국 당나라 군대 전시 이도 제발 없애다 주기,50
https://www.youtube.com/watch?v=_4e3Cmelej4&pp=ygUJ7JuU65Oc7Lu1,어르신은 모르는 MZ 음식 월드컵,월드컵,15614,침착 반드시 카페 이야기 성하다 카페 대신 사람 살리다 카페 얘기 오락 까락 끼릭까락하 전무 어르신 모르다 mz 음식 월드컵 인데 전무 좋아하다 음식 올라가다 소환 가장 눈치 보지 사람 꼰대 아니다 어른 mz 음식 꺼내다 카페 이야기 아니다 너무하다 김풍 자까님 이야기 카페 이야기 나오다 한번 옾카페 와의 추억 옾카페 들어가다 마등 스치다 보다 죽이다 싶다 눈빛 보다 예술 00 라디오 처럼 들다 업다 듣다 웃기다 빠지다 놀랍다 사실 하나 침착 mz 세대 포함 사실 오프닝 영상 관통 mz 음식 이르다 막상 후보 들보 전무 이미 알다 오래전 부터 즐기다 오다 들이다 대풍 사랑 사랑 해사 해사 해사 해사 인트 공격 웃기 잔잔하다 웃기다 침착 보다 최고 오랜 침착 계속 올라오다 살다 김풍 라떼 우유 모르다 카페 사장 35 40 빵터지다 침착 스트레스 푸다 전무 같이 방송 켜다 카페 얘기 시작 오다 주제 부터 존잼 그것 주제 토론 사람 심지어 듀오 라면 방장 전무 놀리다 재밌다 섬네일 툭하면 욍년 이야 어르신 침착 엉뚱하다 타이밍 농담 어르신 아아 전무 시대 카페 따라가다 인생 타이밍 2005년 우한 어학 연수 가다 백탕 원래 홍탕 아니다 김풍 말씀 이유 백탕 추가 설명 이형 명의 나이 중국 간식 이해 하고 마르다 찜닭 도전 보다 아직도 젊다 사다 맞다 보다 중국 간식 입금 시키다 생각 늘다 확실 정보 대만 가면 저런 갈라지다 훠거팟 많이 써다 썸네일 풍님 미치다 정치인 13 13 예전 손님 이건 김밥 아니다 영상 그거 생각나다 옾카페 언제 까지 돌리다 22 28 이렇게 유행 받아들이다 민트 초코 싫어하다 mz 에게 치다 카페 망하다 아니다 실패하다 반역 성공하다 혁명 인데 반역 아니다 라고 안되다 감사하다 아끼다 보다 시간 멈추다 움직이다 느낌 이에요 크다 젊다 핵폭탄 닭꼬치 맵다 단계 엄청 유행 벌써 저런 음식 나오다 추억 아니다 시간 지나다 다른 음식 평준화 겁니다 현직 중국인 훠궈 가장 알맞다 번역 전골 mz 음식 기원 대부분 기성품 기성품 얹다 좀더 비싸다 먹다 포인트 컨텐츠 그거 알다 그거 먹다 보다 섞다 먹다 보다 특유 자랑 질감 포인트 고로 정통 요리 배우다 처음 개무시 유행 퍼지다 어이없다 먹다 맛있다 받다 근데 어설프다 따라서 장사 트렌드 주기 짧다 망하다 좋다 근데 장사 사람 그게 유행 줄알 메뉴 출시 초조하다 공함 결국 짓거리 프랜차이즈 땡큐 외치다 상품화 시작 3000원 비싸다 메뉴 탄생 시킴 한번 먹다 번은 먹다 제품 절대다수 냄비 트렌드 초월 패스트 인스턴트 트렌드 질식 문화 컨텐츠 문화 도파민 중독 문화 반정식 미만 아니다 진심 조조 브라더스 초대 해주다 안되다 침착 모이다 잇다 보다 역시 이형 입담 재밌다 아니다 결승 고르다 웃기 결승 서해안 타다 웃기 50 중국인 하고 자주 먹다 저렇게 반띵 빨갛다 육수 노랗다 하얗다 육수 나눠지다 오다 옾카페 근데 옾카페 어디 여러 재밌다 게스트 풍님 편안함 다르다 걸리다 부분 없이 그냥 웃기 카페 언급 마다 통수 치다 이상하다 조마조마하다 의리 꼰머 전무 아씨 오늘 왤케 웃기다 라디오 듣다 미챠진짴 30 40 다음 하이 안나 45 01 크게 돕다 타이밍 찰지다 그냥 고맙다 당신 생각 보다도 좋다 사람 고맙다 형님 방장 입병 나다 확인 이유 민초 민초 당연하다 호불호 없이 좋아하다 생각 을해 호들갑 떨다 오랜 김풍 나오다 재밌다 전무 25년 전에도 중국 백탕 홍탕 갈라지다 나오다 훠궈 물론 국물 먹기 음식 아니다 맞다 오다 바이브 만이 침착 신나다 보다,50
https://www.youtube.com/watch?v=_Xs1ZCMfa2Y&list=RD_Xs1ZCMfa2Y&start_radio=1&pp=ygUJ64m07KeE7IqkoAcB,NewJeans (뉴진스) 'OMG' Dance Practice,뉴진스,461850,miss newjeans go back timeline pls haerin seriously good dancer wow 뉴진스 좋다 멤버 요즘 대세 만큼 마르다 아니다 느껴지다 좋다 해린 오다 뉴진스 떠나다 마다 특색 안무 알맞다 자다 구상 하고 춤선 예쁘다 안무 부분 에서도 중독 강하다 haerin wa quiet expected best dancer newjeans position would definitely main dancer fluid effortless move listening 11 17am 04 29 2026 haerin footwork insane newjeans monster rookie talented everything visuals insane haerin footwork dance move fluidity charisma good girl group ever compare always happy haerin smiling new jean come back plsss july new jean come back bro dance sooo harddd dawg need much perfection also miss danielle 군무 느낌 아니다 개인 좋다 자다 맞다 개개인 다른 같이 니까 하고 좋다 haerin move crisp bruh haerin move sooo satisfying watch anyone watching 2025 haerin hanni dance duo go crazy haerin footwork 00 always satisfying 오다 혜린 잘추다 오늘 보다 할미 뉴진스 보다 miss newjeansss literally one best choreos kpop would say musicality plus groove dynamic way haerin dance really cool detailed miss much 아니다 어떻다 이렇게 명도 빠지다 없이 자다 추다 hanni haerin amazing dancer keep getting better better haerin part good 계속 활동 좋다 활동 많다 haerin hyein really great dancer great job girl dance practice haerin mythical literally another level dance practice 어떻다 명도 빠지다 없이 쫀득하 추다 찰떡 같이 소화 멋있다 사랑 expect thing turn way miss era much every move haerin doe satisfying haerin footwork living excited waiting omg fancam haerin hope newjeans comeback haerin move effortless efficient take eye haerin calm along day fast good dancing love 해린 움직임 좋다 선도 이쁘다 잘추다 해린 미치다 그냥 쩐다 newjeans world calling 들다 깔다 쫀득하 자다 추다 어렵다 girl going true change generation 뉴진스 앞날 응원 해린 선보다 haerin footwork honestly song make realize good dancer haerin hyein,50
https://www.youtube.com/watch?v=afGkOyjXp80&pp=ygUM7J207Iqk65287JeY,"[에디터픽] ""이스라엘군 사망자 속출""…'전선 확장' 이란, 예루살렘 진격 시사 '초비상' / YTN",이스라엘,2768,언론 부터 처벌 뉴스 제목 내용 다르다 국가 차원 에서는 말다 언론 자다 대한민국 이란 화이팅 이란 영광 이란 홧팅 미치다 전쟁 남다 무엇 인지 사람 알다 줄다 이스라엘 북미 캘리포니아 주다 거기 독립국 살다 유대교 헐리우드 콜라보 미래 전쟁 강대 전쟁 두릅 미국 두렵다 전쟁 끝나다 이스라엘 진격 제국주의 미국 이스라엘 이란 핵무기 가지다 먹다 이란 침략 과오 저지르다 그렇다 이스라엘 무장 천만 말씀 이란 보다 빠르다 핵무기 가지다 미국 이스라엘 이란 안되다 논리 전쟁 일으키다 미국 이란 에게 피해 보상 종전 이스라엘 이란 점령 당하다 좋다 오다 가짜 뉴스 아직 올리다 리라 전망 틀리다 원래 나라 마이트레야 이스라엘 듣다 바다 되어다 다시 흩어지다 실현 이란 화이팅 넨도 대체 어디서 뉴스 소스 받다 하나님 버리다 수라 다시 가나안 돌아가다 성경 지키다 미래 전쟁 강대국 미국 중국 러시아 일본 미래 전쟁 우주 지상 레이져 뭉치 덩어리 발사 서남 서서 국가 지우다 이란 이스라엘 본격 전쟁 시작 보아 차량 10 부제 준비 실내 농사 준비 아니다 람뿌햄 종전 호르무즈 해협 막다 이란 에게 아부 유가 떨어지다 거기 공격 유가 폭등 하고 원거리 이란 방어 이라는 조한범 박사 도대체 어떻다 인물 인가요 매번 국민 헷갈리다 만들다 이번 호르무즈 해협 통과 해당 나라 행세 거나 미사일 공격 에도 참고 살다 한다는 인가요 ytn 뉴스 라고 내보내다 ytn mbc 늘다 이란 들다 느껴지다 건지다 보도 공정하다 맞다 아니다 예루살렘 진격 핵무기 증발 시키다 오메 무섭다 예루살렘 처드어 간다 방구 아니다 상대 죽다 전쟁 이스라엘 가르다 치르다 보다 침략 하고 학살 버릇 고치다 ytn 이란 방송 중계 멸망 전이 이란 정권 망하다 이란 국민 가짜 썸넬 미치다 장난 튜버 여러분 적당하다 정화 살다 저항 아니다 악의축 전쟁 미국 이스라엘 그대로 악의 나라 치다 들어가다 놓다 수천 명의 사람 이고 쌩뚱맞 이야기 늘다 놓다 트럼프 네타냐후 차다 막히다 뿐이다 ytn 이란 혁명 수비대 방송 인가요 너희 예루살렘 군대 에게 둘러싸이다 보다 멸망 가깝다 알라 누가복음 21 20 방송 근거 우리 마지막 시대 살다 새롭다 시작 시대 맞이 되어다 예수님 뿌리다 비유 복음 뿌리다 돔안 자라다 열매 맺다 열매 거두다 들이다 나라 주기도 일상 기도 이지만 예언 기도 거짓 방송 뉴스 2000 km 다른 나라 거치다 돼다 이렇다 방송 정상 아니다 미치다 방송 모르다 그렇다 모두 늘다 언론 모르다 아니다 선동 인가 조한범 박사 대로 라면 폭파 유조선 누가 물어 내다 호르무즈 해협 정리 우리나라 이란 조공 바치다 니까 쓸데없다 소리 그만하다 좋다 겠다 방송 볼때 마다 채널 돌리다 엉터리 평론 그만하다 필요하다 유가 폭등 예언 그만하다 동안 여러 폭등 폭등 그런 소리 경제 전문가 매번 관계 소리 창피하다 은애 많다 산국 옹호 하고 두둔 민주 국가 망하다 균형 깨지다 산국 세계 집권 산국 그땐 누가 오다 치다 먹다 까지 미국 지키다 주다 미국 할애 많다 협조 하고 전쟁 끝나다 이유 인간 단합 안되다 민주주의 산국 싸움 산국 두둔 하고 민주 국가 그렇다 산국 에선 죽다 살기 싫다 많다 세상 안바 끼다 그리다 인권 따다 잘잘못 따지다 좋아하다 국민 이고 지다 들이다 당하다 핑계 대고 해적 이란 두둔 하나 이란 이스라엘 가다 다른 나라 내주다 아니다 김용현 태극기 부대 인가 트럼프 행동 보다 감싸다 보이다 안보 들리다 듣다 닥치고 미국 찬양 이네 얼빠지다 인간 미국 할기다 완전 들어서다 대통령 오락가락 치매 에다 미치다 돌아가다 네타냐후 감언 리설 세상 피해 겪다 북한 방송 역시 다르다 선전 선동 특화된 매국 방송 언론인 양심 맨날 방송 만하 괜히 긁다 부스럼 만들다 트럼프 악의축 미국 이스라엘 그런 성경 이라니,46
https://www.youtube.com/watch?v=ahoyLeeshoI&pp=ygUM7J207Iqk65287JeY,"[LIVE] ""이란 발사 미사일 포착…방공망 가동""/'아비규환' 이스라엘 현지 상황 생중계/2026년 2월 28일(토)/KBS",이스라엘,2372,자유 사랑 자유 정의 자유 진실 세상 인류 최고 최선 가치 하늘 주신 자유 자유 우파 늘다 자유 대의 명분 아야 독재자 차베스 하메네이 다음 누굴까 이란 독재 끝나다 평화 오다 이란 국민 힘내다 메다 유감 오열 훈훈하다 식이 우리나라 언론 좌파 민노총 장악 동안 이란 언론 느낌 나다 이란 대신 퍼나르 하나 이란 대한민국 언론 이스라 일도 박살 나다 kbs 아직 닫다 거실 흉물 tv 없애다 차이 베스 중동 평화 언제 네타냐후 지옥 가야 아비규환 무슨 개뿔 아무 피해 역시 세계 유평 미국 트럼프 대통령 지키다 트럼프 만세 미국 만세 뻘짓 그만하다 국익 생각 트럼프 휴전 요청 이탈리아 휴전 중재 요청 이란 거부 출처 이스라엘 ynet news 죄명 독재 차례 오다 mbc kbs 좌파 방송 보다 오래되다 이란 화이팅 이란 미군 이스라엘 좋다 kbs 늘다 서방 진영 망하다 바라다 찌라시 재목 라지 보다 보다,21
https://www.youtube.com/watch?v=apFhP0kSkR0&pp=ygUM7J207Iqk65287JeY,[자막뉴스] 예수 거꾸로 달고 '풀스윙'..'교만의 극치' 터졌다 (2026.04.20/MBC뉴스),이스라엘,11164,예수 유대인 죽이다 주변 마을 기반 시설 때리다 부수 면서 조각상 복구 한다는 이야 방구 네타냐후 하나 문제 아니다 나라 전체 총리 이상하다 이라는 인식 정도 미치다 무신론자 보고 하라 누군가 소중하다 여기다 가치 알다 바로 거부 아무렇다 행함 이지 악인 싶다 마을 부수 사람 이고 조각상 복구 이야 방구 2000년 에도 짓거리 추방 당하다 알다 피해자 코스프레 받다 주지 마르다 2천년 지나다 바뀌다 죽이다 저런 시골 마을 사람 이고 초토화 시키다 예수 복구 주민 이미 죽다 세계 이라는 반증 평생 깨다 홀로코스트 방패 박살 상상 교회 다니다 저건 넘어서다 천벌 받다 이고 조각상 문제 자신 만을 싸우다 짐승 예수 조각상 부숨 보여주다 본인 어느 정도 악의 가득하다 보여주다 실제 아이 죽이다 악하다 증명 천주교 인데 눈물나다 돼다 살다 사람 모형도 화장 현실 존재 모형 이라고 다르다 역시 예수 죽이다 다르다 사람 죽이다 예수 복원 지원 미치다 이네 어이 헛웃음 나오다 어이구 용서 소서 자기 학살 이나 당장 중단 하고 철수 시키다 이번 전쟁 확실하다 피해자 가해자 바뀌다 이스라엘 정치인 만의 문제 아니다 국민 전체 문제 이래서 유대인 에게 안준 중세 유럽 악마 나라 어디 인지 세상 안다 유다 자체 악마 최악 최악 이제 피해자 코스프레 그만하다 오다 십자가 달리다 허다 아무리 유대인 예수 메시아 인정 다지 저건 끝나다 우리나라 목사 작자 하느님 까불다 죽이다 정도 저건 아니다 세상 막다 인간 이리 많다 나라 사라지다 유대인 조상 예수 죽이다 후손 예수 모욕 저런 나라 성지순례 랍시고 쫒다 다니다 인간 고만 오다 충격 지금 가지 대한민국 대형 교회 한마디 라도 목사 들이다 굉장하다 상징 사건 이네 저런 인데 기독교도 인들 정신 차려 두렵다 아니다 가다 참으로 통탄 일이 유다 자손 박해 받다 이유 보다 피해자 코스프레 제대로 거지 지다 경악 스럽다 저러다 지옥 겠다 역겹다 추하다 조각상 부순 아니다 정신 정신 점점 이상하다 종교 전쟁 까지 하자 건지다 이스라엘 저러다 한국 개신교 이스라엘 지지 집회 한국 개신교 자신 믿다 모르다 건가 역겹다 악마 대전 끝나다 세기 가까워지다 용소 시절 그립다 이제 한국 목사 어떻다 나오다 보다 한국 개신교 미국 마가 행위 그리스도 세력 이롭다 이상하다 단체 이야,47
https://www.youtube.com/watch?v=av56bBZxyso&pp=ygUJ7JuU65Oc7Lu1,[축구국가대표팀 친선경기] 오스트리아 vs 대한민국 풀 하이라이트,월드컵,6567,프로필 클릭 하고 스포츠 패스 fa 즐기다 보다 맨시티 vs 리버풀 4월 4일 오후 8시 45분 경기 패배 보다 경기 동안 골인 충격 정몽규 홍명보 이임생 대한민국 축구 미래 막다 전설 쓰리다 보고 꿀잠 사람 승자 강인 말고 늘다 차다 손흥민 몆개 놓치다 이건 아니다 본질 감독 회장 쓰레기 이라는 거지 큰일 국민 선수 망치 희망 버리다 범죄자 홍명보 속마음 먹히다 선방 전술 문제 보다 때리다 그녀 보다 감독 축협 4년 기다리다 월드컵 와도 기대 안되다 상황 손흥민 사실 미국 평범하다 선수 버리다 옛날 에는 이정 기력 감독 바로 경질 역시 만의 카르텔 단단하다 경기 필수 시청 어느 순간 부터 뉴스 로만 접함 정신건강 좋다 정보 시각 일본 웸블리 잉글랜드 대다 잡아내다 강인 시야 예술 받다 선수 손흥민 다치다 늙다 미국 리그 뛰다 앤데 소집 거임 날다 먹다 인데 언제 까지 안보 사람 승리자 만들다 홍명보 처럼 저렇게 싶다 저렇게 해도 20억 벌다 이강인 장주 빌딩 현재 손흥민 류현진 보다 구속 떨어지다 전성기 끝나다 그것 보다 제구 마저 보이다 치명 적다 개인 화려하다 스피드 보다 날카롭다 정확도 감탄 오늘 전성기 충분하다 뽑다 장면 많이 보이다 예전 정확도 아니다 한국 이기다 강인 해주다 밖에 후발 나오다 확실하다 시원시원하다 후보 김민재 이강인 피파랭킹 200등 정도 10 오다 패스 라지 보다 축구 한지 모르다 57 이건 넣다 넣다 오직 강인 명보 명보 인데 정도 선수 문제 심하다 아니다 대표팀 한테 치가 높다 된장찌개 된장 채소 두부 고기 넣다 끓이다 찌개 육수 멸치 다시마 쌀뜨물 오다 된장 조절 맞추다 핵심 지금 이라도 가나 처럼 감독 경질 흥민 찬스 날리다 이강인 공격 경기 보고 꿀잠 사람 승자 흥민 이제 교체 명단 맞다 그냥 만우절 장난 이라고 해주다 제발 감독 베다 투도 끄다 핑계 축협 재계약 해주다 떠나다 아무 손흥민 설영 울다 기회 몇번 이강인 빠지다 진심 명보 무슨 11 34 냉정하다 볼때 손흥민 기회 많이 놓치다 저렇게 하니 미국 거지 노답 몽규 명보 짤릴때 까지 무한 패패 패패패패 가다 흥맘 숙연 경기 손흥민 노쇠하다 현재 믿다 이강인 인데 감독 까지 최악 이니 월드컵 폭망 확정 오늘 흥민 이형 경질 태업 믿다 시즌 lafc 경기도 챙기다 보고 손흥민 확실하다 예전 슬프다 오다 홍명보 엄청 대다 라니 이대 로라 월드컵 기대하다 축구 병적 집착 국가대표 경기 이제 안보 하이라이트 우연히 보다 살다 살다 이렇게 대가 심각하다 적다 축구 챙기다 보다 승자 손흥민 냉정하다 명보 덕분 수능 집중 team 08 이면 개추 44 이강인 패스 미치다 인성 논란 실력 인정 해주다 축구 경기 다음 에이 설마 유튜브 켜다 보다 라이 2분 하이라이트 보다 끄다 버리다 45 수비 인데 저걸 먹히다,49
https://www.youtube.com/watch?v=bKbo8Rr5Y_0&pp=ygUM7J246rO17KeA64ql0gcJCQQLAYcqIYzv,"""제발 버티지 마세요"" 송길영이 작심하고 경고하는 2026년 생존법 | 송길영 마인드 마이너, '시대예보: 경량문명의 탄생' 저자 | AI 미래 동기부여 | 세바시 2064회",인공지능,15668,짝짝 이벤트 당첨 발표 축하 드리다 행복 키우다 브라보 마이라이프 yg oo ph interrobang ssam 2026년 1월 22일 까지 friends sebasi co kr 당첨 본인 확인 가능하다 유튜브 캡쳐 화면 당첨 영상 강연 유튜브 닉네임 이름 휴대폰 연락처 배송 주소 보내다 해외 거주 경우 당첨 제외 당첨 메일 발송 개인정보 활용 동의 간주 확인 삭제 처리 타임 스탬프 time stamp 인트 시대 예보 경량 명의 탄생 교육 바꾸다 ai 전문직 위협 ai 송길영 노홍철 광고 업계 무언가 오다 우리 사회 변화 이유 우리 어떻다 살다 벗어나다 새롭다 가치 미래 보다 저항 말다 여러분 뭐라다 바라다 때리다 구절 좋아하다 사람 도태 가볍다 문명 오다 마음 무겁다 변하다 송길영 스타일 뿐이다 그냥 저항 말다 듣다 눈물 나다 회사 나오다 혼자 하고 힘드다 많다 길이 맞다 위로 주시 경량 문명 가볍다 효율 아니다 누구 에게나 허락 따뜻하다 문명 자다 보다 감사하다 송길영 분도 사람 인게 지금 얻다 인사이트 여러가지 참고 자료 짧다 시간 강연 알다 쉬다 편하다 언어 설명 해주다 모든 뒤죽박죽 얽히다 완전 정리 느낌 대단하다 강연 감사 드리다 ai 시대 가장 중요하다 간다 이라고 생각 결국 소통 나오다 그렇다 소통 가치 어느 보다 중요하다 거대하다 변화 흐름 버티다 보다는 자신 관심 영역 ai 오다 파트너 어떻다 유지 나르다 브랜드 화하다 고민 동시 16 00 마음 따뜻하다 인간 본연 가치 지키다 균형 필요하다 보다 17 41 예전 방식 고수 말다 좋다 나오다 익숙하다 고수 에게 생각 주다 감사하다 매번 강연 자다 듣다 08 여러분 바뀌다 한마디 모든 압축 13 37 여러분 뭐라다 바라다 맞다 뭐라다 읍니 우리 gpt 쓰다 그게 저장 정보화 똑똑하다 아니다 gpt 똑똑하다 만들다 세상 많다 사람 가지 의문 생각 ai 에게 학습 시키다 우리 인간 ai 도구 13 42 이제 거대하다 조직 아니다 혼자 서도 ai 라는 도구 활용 충분하다 자기 역량 펼치다 부분 기억 남아 실업 공포 떨기 보다 기술 만들다 나아가다 조언 공감 16 21 그냥 저항 말다 차다 필요하다 인거 들다 문제 그렇게 ai 무기 삼다 만의 무언가 만들다 내다 순간 그게 고스 ai 무기 사실 무섭다 거지 인간 틀다 만들다 내다 모든 ai 에게 빨다 들어가다 되어다 일이 많이 수월하다 좋다 반면 덜컥덜컥 나다 보다 뛰어나다 사람 분명하다 ai 보다 자다 사용 밀리 무한 경쟁 미로 빠지다 13 뭔가 오다 멍하다 만큼 현실 자각 일어나다 14 07 경량 문명 혼자 교육 추다 강사 중간 사람 잠깐 써다 보기 마음 기도 성향 성격 맞추다 서로 피곤하다 느끼다 혼자 gpt 유료 사용 많다 간소화 돼다 다양하다 ai 필요하다 바꾸다 쓸다 많다 시간 단축 느끼다 시대 어떻다 가치 인가 고민 필요하다 시간 감사하다 16 17 저항 말다 뭐라다 지금 당장 16 17 저항 말다 부분 제일 인상 ai 시대 인정 하고 새롭다 기술 받아들이다 강연 자의 크다 인사이트 얻다 존경 새해 에도 건강 지혜 로운 우리 노력 저항 말고 세상 흐름 맞다 래야 길이 린다 09 무언가 오다 무언가 경량 문명 거대하다 ai 파도 자다 올라타다 순항 파도 공부 하고 알다 노력 항상 선구자 인사이트 주다 감사하다 송길영 세바 모두 11 49 출발 지금 혼자 창업 도구 2026년 시작 시점 좋다 내용 들이다 깨닫다 가다 오다 한해 행동 한해 드리다 좋다 강연 감사하다 신년 부터 불안하다 송길영 작가 영상 양제 처럼 보고 감사하다 돌다 돌다 11 49 우리 어떻다 살다 의도 위로 주다 감사 드리다 12 21 이제 노트북 하나로 스스로 즉시 토대 만들어지다 시대 새롭다 대의 기회 16 30 그냥 바라다 ai 옵니다 변화 이미 시작 돼다 돌이키다 올라타다 어렵다 보고서 써다 보다 인간 선생님 보다 백배 낫다 16 17 미래 보다 말씀 서늘하다 그만 발전 좋다 싶다 끝없이 발전 오다 오다 보다 힘들다 오케스트라 만들다 부모 없이 가난하다 태어나다 에게도 기회 생기다 열심히 살아가다 우리 모두 에게 화이팅 지금 인생 답답하다 느끼다 오히려 다행 싶다 퇴사 준비 해보다 새롭다 인생 가보다 출발 바로 지금 18 30 수능 망치다 입사 아이 키우다 이루다 다시 도전 해보다 들다 7년 직장 버티고 사람 거대하다 파도 알다 울타리 벗어나다 두렵다 일이 경험 아직 찾다 머리 알다 실행 답답하다 사람 누구 어떻다 의하다 이루다 맺힌 인데 ai 경량 문명 이제 멱살 잡고 끌다 올리다 주다 싶다 참으로 말씀 이십 뭔가 오다 그런데 범위 광범위하다 강의 반복 들다 17 31 나은 기술 오다 현행 바라다 ai 18 01 계속 우기 말고 새롭다 기술 제화 시키다 현실 인지 하고 변화 받다 들이다 나다 변화 맞다 시대 흐름 변화 에는 저항 보다는 받아들이다 필요하다 현재 진로 여러 방향 열다 두다 고민 하고 말씀 훨씬 가벼워지다 세상 보다 가볍다 마음 싶다 생각 도전 보다 감사하다 좋다 시대 평생 배우다 연습 글로벌 대기업 만들다 인공 지능 뺏다 새롭다 다시 찾아보다 모르다 송길영 강의 들다 항상 인사이트 얻다 16 20 이제 가슴 뛰다 유영 기술 흡수 사람 더욱 승승장구 시대 좋다 인사이트 감사 드리다 뭐라다 하라 말씀 많다 생각 드네 감사하다 15 여러분 뭔가 오다 그런데 범위 광범위하다 부분 가장 인상 깊다 섬뜩하다 쓰나미 밀려오다 엄청나다 다가오다 느껴지다 아직 준비 하고 배우다 시간 주어지다 감사하다 읽다 보다 저항 아니다 무기 놓다 성찰 시간 뭐라다 보다 좋다 강의 감사하다 31 이제 애덤 스미스 언급 분업 화가 시대 접다 들다 오래전 송길영 작가 강연 상대 카피 라는 내용 언급 이제 분업 업무 ai 가다 카피 좋다 결과 내다 그래서 현재 서도 하나 분야 아니다 자기 업무 분야 전체 알다 ai 시대 도태 안되다 감사하다 주옥 말씀 많이 듣다 가요 세상 인간 필요 맞다 무엇 누구 ai 인가요,50
https://www.youtube.com/watch?v=brtbMmCkghM&pp=ygUM7J246rO17KeA64ql,AI '클로드 코워크'에 시장 '출렁'‥기존 소프트웨어 다 망한다? (2026.02.06/뉴스데스크/MBC),인공지능,10135,모두 공평하다 백수 세상 증거 수집 해주다 판검사 필요없다 공정하다 판결 판결 써다 나라 썩다 빠지다 법조 인들 당장 쓸다 버리다 안되다 실무 써다 보다 사무실 앉다 일반 사무직 에게는 사형선고 처럼 느껴지다 전체 달라붙다 며칠 동안 만들다 보고서 손가락 딸깍 10분 안에 만들어지다 변호사 판사 얘기 나오다 보다 한국 법조 신뢰 대중 인걸 끄다 먼저 파다 변호사 부터 없애다 반도체 가격 올라가다 소리 들리다 ai 한테 크로스 체크 완벽하다 무섭다 정도 화이트칼라 멸망하다 순간 다가오다 무섭다 나날이 발전 한다는 chatgpt 나오다 3년 밖에 돼다 오다 사무직 종말 이네 이제 사람 무슨 먹다 놀라다 무섭다 세상 성큼성큼 다가오다 느낌 우리 대한민국 지금 판사 ai 가다 시급하다 보이다 요즘 판사 판결 보다 이전 상식 으로도 이해 가다 판결 법대 판결 절대 나오다 판결 판사 의하다 쏟아지다 요즘 ai 들다 수준 라면 판사 ai 정도 가능하다 보이다 중요 판결 앞두다 판사 판결 이전 관심 국민 먼저 돌리다 보고 이어지다 판결 비교 판사 수준 가늠 보다 판사 ai 가다 시급하다 오다 새다 claude 바꾸다 빠르다 변화 이제 무섭다 오다 보고서 만들다 버리다 미치다 나다 회사원 이지만 10년 10년 안되다 세상 어떻다 감다 발전 속도 안되다 컴퓨터 가다 처음 세상 나오다 분위기 이르다 사실 예상 대한민국 판사 저걸 교체 사무직 끝나다 문제기 하급 직원 젊은이 일자리 우선 위협 너무나도 아프다 무엇 아니다 그냥 늦다 태어나다 건데 늦다 태어나다 일자리 기성세대 부동산 모두 가져가다 버리다 차다 우리 젊은이 살아가다 쉬다 ai 많이 사용 보다 ai 모르다 보다 실직 두려움 커지다 ai 도움 서비스 만들다 결국 아무리 아이디어 좋다 서비스 만들다 결국 ai 의하다 카피 성능 좋다 거대 ai 의하다 대체 ai 시대 어떻다 적응하다 가야 불과 며칠 새롭다 ai 나오다 이건 세상 가지 투루먼쇼 찍다 건가 적응 안되다 사무직 필요 없어지다 다가오다 여러분 다른 사람 대체 라고 성내다 시간 본인 대체 당하다 준비 부터 아직도 현실 감각 사람 많다 결과물 검수 어지간하다 금방 금방 처리 해주다 가볍다 정도 끝내다 들어주다 굉장하다 무서움 김건희 판사 곽상도 판사 판사 ai 교체 썩다 빠지다 나라 전혀 도움 우리나라 ai 법률 판결 도입 그게 낫다 판사 혹시 모르다 실수 방지 우리나라 판새 보단 정확하다 자다 판단 하고 써다 겁니다 혹시 세무 이나 정확도 요구 작업 사용 결과물 반드시 검증 나다 전문가 아니다 뉴스 요약 비유 이렇다 보여주다 ai 만들다 주다 ai 가다 들다 단계 진보 ai 라는 의미 보이다 회사 입장 에선 솔직하다 이상 고액 연봉 주다 고급 인력 쓸다 이유 점점 사라지다 분야 가리다 소수 외국 거대 기업 살아나다 세금 납부 문서 작성 회계 투자 법무 ai 가다 해주다 구글 위기 느끼다 밀리다 우리 회사 망하다 ai 판사 시급하다 이제 기본소득 아니다 굶다 죽다 대한민국 판사 순위 갈아 버리다 판사 보다 조만간 이야 클로드 쓰다 언젠가 클로드 알다 성능 넘사벽 저런 자료 만들다 필요 자체 없어지다 아니다 기술 국가 자원 국가 인구 많다 국가 망하다 문제 확률 앵무새 기존 소프트웨어 활용 버스 엔지니어링 판검사 어쩌구 우리 직장 부터 지키다 ai 시대 정부 적극 법무사 회계사 업무 활성화 시키다 국민 부담 줄이다 야하다 장담 컨데 이정 ai 발전 속도 유지 전문직 종은 망하다 보다 조만간 대량 실업 2년 안에 대학 무용 나오다 교육 에서도 크다 파도 오다 확인 사용 오류 그대로 보고서 올리다 사용 개처 먹음 자료 정리 끄다 분석 결과 내다 엉뚱하다 정확하다 처럼 보이 탁월하다 최종 판결 판사 ai 가다 보조 보완 일반 상식 50 이상 차이 나다 방법 코딩 동일하다 과제 유료 커서 무료 사용 클로드 사용 보다 커서 쓸다 아깝다 정확도 속도 월등하다 차이 다만 커서 vs 편집툴 지정 폴드 사용 편하다 내다 취미 싶다 자리 모자 시대 보안 어떻다 우리 정보 주다 정리 해달라다 식이 잖다 이제 헌법 정해 판사 없애다,50
https://www.youtube.com/watch?v=bzrGkVx_TYU&pp=ygUM7J246rO17KeA64ql,"'5년 뒤' 다가올 충격적인 미래, AI 시대 멸종하는 직업들 I 오분경제",인공지능,7483,오분 경제 팟캐스트 모으다 보기 변호사 제대로 일도 안함 소송 해보다 사람 알다 사실 판사 하루빨리 ai 대체 세상 필요없다 의원 ai 바꾸다 한국 필히 판사 ai 바꾸다 야하다 영상 역시 ai 만들다 당장 변호사 인공 지능 사용 직원 절반 이상 이고 구석 백수 제일 좋아하다 주제 부동산 몰락 전문직 몰락 세계 경제 몰락 로스쿨 인하다 실력 변호사 쏟아지다 시기 적절하다 ai 가다 나서다 어찌 보다 ai 시대 가장 살아나다 좋다 형태 인구 감소 일지 인간 편하다 자신 쓸모 필요없다 만들다 버리다 판사 검사 무조건 ai 바꾸다 검사 어이없다 는걸 기소 하고 판사 판결 항상 기대 어긋나다 무조건 판검사 ai 바꾸다 신입 주일 자료 지피다 1시 자료 찾다 주다 ai 자다 다루다 알다 사람 얼마 대체 에이 아이 부하 직원 인간 책임 자임 인간 역할 책임지다 것임 가요 듣다 드릴 끄다 보다 신규 채용 어느 정도 예측 대한민국 저출산 신의 20년 뒤에는 무의미하다 인구 의미 없어지다 인간 본성 아니다 판사 ai 끼다 돼다 시급하다 아직도 설마 심각 깨닫다 그땐 늦다 ai 배척 하고 잘나다 사람 결국 도태 ai 자다 이용 늘다 관건 경력 사람 살아나다 문제 문이과 떠나다 신입 뽑다 이유 기성세대 경력 살아나다 새롭다 세대 굶다 죽다 배관 전기 기술자 굉장하다 단순하다 생각 해당 직군 진입 장벽 높다 수준 아니다 나다 이고 임금 평균 내려가다 바로 대체 직업 나오다 크다 문제 사이 과도기 엄청나다 고통스럽다 겁니다 기간 모르다 전문직 살아나다 책임지다 사람 필요하다 재판 판례 홈택스 신고 과징금 맞다 소송 지다 결국 책임자 전문직 살아나다 사무실 직원 대폭 적다 뽑다 문과 전문직 만이 아니다 모든 사무직 사형선고 전문직 사람 보다 어중간하다 머리 사무직 사람 심하다 도태 ai 이용 코딩 빠르다 편리하다 코드 문제 판단 결국 개발자 이지 이렇다 판단 그동안 ai 없이 코딩 해오다 실수 거듭 경험 나오다 신입 유입 당장 금전 이익 장기 보다 괜찮다 모르다 한국 멀다 역시 미국 기술 차갑다 크다 한국 엔비디아 주다 보다 쓸다 기업 의사결정 죄다 문과 암기 교육 받다 어디 어떻다 적용 모르다 그냥 막연하다 ai 가다 대체힌다 유투 버들 눈높이 한국 현실 다르다 바뀌다 아니다 모든 직업 멸종 중임 ai 가다 사법부 카르텔 몰살 시키다 판단 직업 사람 오히려 해악 심판 경찰 판사 많다 사례 보다 오다 변호사 회계사 깡통 차다 시대 되어다 설마 설마 차다 한국 이미 보다 앞서 세계 저출산 가다 어쩌면 우리 에게 닥치다 노동 부족 ai 보완 생산 커버 이르다 조짐 아니다 55 ai 늘다 현재 기계설계 단순하다 아직 천재 설계도 그리다 설계 정수 더하기 아니다 빼기 이고 복잡하다 아니다 철학 이라서 자꾸 채우다 꾸미다 ai 와는 목표 자체 서로 반대 의사 변호사 회계사 정도 문제 아니다 이제 사회 모든 직업 사라지다 보다 예전 에는 10 일이 이제 가능하다 스스로 그렇다 명안 들어가다 생각 보고 그것 쉬다 이제 모드 진지하다 인공 지능 의하다 직업 사라지다 기본소득 살아가다 사회 생각 요즘 그래도 기본소득 게거품 물다 사람 이전 많이 줄어들다 결국 인공 지능 시대 에는 개인 어떻다 한다는 보다는 사회 시스템 자체 바꾸다 우리 모두 좋다 이고 그렇게 갈다 보다 의사 마찬가지 ai 한테 피부질환 사진 보여주다 치료법 얘기 해주다 혹시 모르다 병원 가다 받다 처방전 보여주다 의사 잘못 판단 그래서 먹다 ai 가다 알다 대로 하니 나다 레이 사진 판독 검사 결과 판독 증상 얘기 하니 진단 이미 정확도 인간 의사 동등 거나 위임 의원 일단 100 줄이다 ai 대체 하고 천하 쓸모없다 인간 끝장 내다 10 따르다 붙다 보좌 기사 등등 얼마 불쌍하다 국민 세금 필요하다 쓰다 자구 사무직 전문직 걱정 만큼 의미 노동 대체 탄력성 생각 해보다 나오다 회계사 약사 지금 당장 없어지다 정도 되어다 버리다 그렇다 알다 그래서 어떻다 하라 늘다 기술 배우다 의미 단기간 밖에 보다 업종 멸종 결국 어느 업종 이든 레벨 ai 오다 인간 운영 조직 연결 시키다 인간 필요하다 영상 ai 써다 인력 대거 대체 결국 ai 활용 콘텐츠 크리에이터 필요하다 마찬가지 문과 이과 어느 업종 이든 ai 가다 대체 레벨 인력 대체 거임 사실 이과 분야 말로 컴퓨터 형식 언어 쓰기 자연 언어 쓰다 업종 보다 위험하다 그래서 어느 분야 멸종 예측 정말로 어리석다 일임 그걸 고민 시간 해당 업종 어떻다 어떻다 ai 활용 능력 기르다 고민 맞다 구글 ai 만들다 내다 책임 지다 알파 고가 ai 시대 저출산 축복 변호사 밝히다 제대로 변호 힘들다 ai 가다 적격입니 변호사 미국 처럼 이혼 이든 소송 이든 권하다 수요 추다 수가 회계사 이네 01 이건 최종 책임 아니다 그냥 바지 사장 역할 잖다 대체 안되다 분야 이제 경력 정도 찾다 각자 기업 사업가 가야 ai 직원 느리다 인기 사업가 기다 저렇게 ai 이용 인간 대체 구매력 없어지다 인간 이상 소비 하고 그렇다 기업 어떻다 생존 인간 대체 관점 아니다 기업 소비 대상 능력 한다는 생각 쩌리 관리자 입장 이라 생각 하고 ai 활용 니까 인간 이라는 부하 보다 3만원 짜리 ai 가다 억대 연봉 프로그래머 수십 대체 기업 이라고 효율 따지다,50
https://www.youtube.com/watch?v=c0juaIczuGI&pp=ygUM7J207Iqk65287JeY,"[오늘 이 뉴스] ""유태인 학살과 다를바 있나"", 이스라엘 향해 李 '직설' (2026.04.10/MBC뉴스)",이스라엘,19267,맞다 이상 피해자 홀로코스트 안되다 국제사회 이렇다 목소리 내다 그렇다 끔찍하다 국제사회 용기 정의 발휘 사이다 전쟁 반대 전쟁범죄 반대 지금 시점 짚다 넘어가다 문제 감사하다 전세계 미국 이스라엘 악랄하다 행위 규탄 전쟁 네타냐후 전범 처벌 국익 생각 포지션 정확하다 인도 세계 리더 자격 학살 두다 보다 철저하다 계산 국익 중심 결단 어제 이란 특사 파견 이란 과의 원유 협상 원유 가져오다 몸부림 눈치 보지 나쁘다 나쁘다 좋다 좋다 라고 강하다 가지다 나라 되어다 우리나라 국제사회 당당하다 주장 위치 네타냐후 전쟁 범죄자 처벌 되어다 속이다 시원하다 이스라엘 저런 비인도적 행위 오래되다 압니 자기 그리다 당하다 어떻다 똑같이 인간 속성 생각 차다 허다 한심하다 가짜 뉴스 없애다 난리치다 가짜 뉴스 인지도 알아보다 이르다 들다 어처구니 영국 프랑스 등등 규탄 인데 우리 나찌 유태인 한테 사실 이면 전범재판 받다 처벌 받다 이재명 대통령 응원 힘내다 가다 끔찍하다 일이 세상 넓다 지키다 넘다 사악하다 인간 많다 민간인 죽다 말다 에겐 전혀 상관 완전 공감 본인 괴롭다 그걸 한테 다시 반복 하고 사회주의 이란 보다는 민주주의 이스라엘 지지 우리 모두 목소리 내야 사람 죽다 속이다 시원하다 북한 인권 유린 입꾹 닫다 반드시 처벌 받다 천벌 올해 사탄 주다 네타 옳다 정의 로운 대한민국 sns 많이 알다 거짓 정보 트리 어떻다 2024년 이스라엘 방위 팔레스타인 무장 대원 시신 처리 소년 고문 하고 지붕 떨어트려 해외 네티즌 꾸미다 거짓말 인데 그걸 서다 대중 에게 거짓 정보 트리 차다 mbc 그렇다 jtbc 그렇다 하나같이 이렇다 절대로 보도 경복궁 화재 일으키다 외국인 언급 보다 보다 나라 사람 독도 문제 거품 물다 일본 한테 엄청 뭐라다 서해 바다 경복궁 우리 아니다 어떻다 문화유산 외국인 의하다 화재 나다 언급 가장 악한 민족 자신 그렇게 박해 당하다 저런 안해 아니다 전쟁 스스로 악마 되게 전쟁 반대 옳다 전범 처벌 받다 진위 여부 확인 하고 뉴스 올리다 뉴스 클라스 우리나라 이제 국제 사회 우리 목소리 오다 작작 악마 다른 나라 그런 모르다 조용하다 철저하다 계산 외교 사회 국익 아무 도움 안되다 네타냐후 국가대표 로서 넘다 폭주 맞다 틀리다 떠나다 전쟁 일으키다 민간인 죽이다 이상 어떠하다 핑계 소용없다 되어다 과는 맞서다 싸우다 야하다 여기다 전혀 다른 세상 이구나 학살 학살 이라고 하나 전쟁 해도 민간인 에게 저러다 안되다,42
https://www.youtube.com/watch?v=ch4EsgfHOJc&pp=ygUM7J246rO17KeA64ql,24시간 무급으로 대신 일해주는 AI 비서 등장;; 오픈클로 드디어 써봤습니다..,인공지능,12730,영상 언급 따르다 말다 아직 오픈 크다 보안 완전하다 일부 회사 에서는 사내 사용 금지 전문가 아니다 테크 좋아하다 사람 으로서 하나 최악 경우 그냥 피해 입다 어쩔 생각 기술 써다 보고 후기 가져오다 웬만하다 따르다 강력 권고 최근 google openclaw 로그인 방식 사용 gemini tos 위반 계정 배다 웨이브 시작 되어다 따르다 혹시 따르다 해도 따르다 분들 해당 부분 삭제 놀다 청년 대체 되어다 청년 진화 openclaw 기능 skill 인데 유명하다 설치 안전성 확보 안되다 설치 금지 실제 20 가다 악성코드 확인 오픈 크다 알다 samsung sa 지우다 msung 만들다 저걸 시리 에게 기대하다 itsub 편집자 이제 54 같이 물론 블러 많이 먹이다 중요하다 보안 정보 아예 검정색 가리다 좋다 가우 시안 블러 먹이 요즘 ai 숫자 혹은 글자 추적 가능하다 알다 걱정 되어다 이전 영상 이지만 댓글 보다 이제 변명 우리 고양이 아니다 우리 ai 가다 보고 혹시 따르다 분들 사용 이던 컴퓨터 설치 하고 사용 사고 나다 00 openclaw skynet 가동 시작 뭔가 터미네이터 인가 펜타곤 스카이 가동 오다 오버 느낌 ai 한테 주다 그만큼 개인정보 전세계 털리다 ai 가다 상용 다양해지다 보안 시스템 만들다 같이 발전 오다 뉴스 혁신 혁신 런가 보다 직접 영상 보다 미치다 맥미니 시도 해보다 dgx spark llm 돌리다 오픈 크다 이용 방법 그렇다 방법 영상 한번 만들다 이전 써다 보신 dgx spark 로컬 llm 돌리다 openclaw 다른 머신 완전하다 로컬 구동 가능하다 겁니다 16 25 200만 네이버 포인트 터미널 안해 dng 파일 gui 딸각 설치 방법 맥미니 사서 로컬 돌리다 보안 떄문 서버 ai 돌리다 좋다 감사하다 오픈 크다 설치 스킬 악성코드 로컬 환경 풀다 버리다 악성 스킬 많이 그렇다 재미 로컬 오픈 크다 설치 하고 아직 자제 좋다 어느 정도 개발 지식 사람 사용 음성 불다 명령 보고 싶다 대답 문자 음성 동시 좋다 그렇다 자비스 날다 오픈 크다 잇다 언제 새롭다 영상 올리다 알다 잇다 이라는 사람 하나 복사 해주다 스킬 간단하다 만들다 유용하다 무섭다 gpt 출시 한지 이제 3년 밖에 돼다 여기 3년 지나다 나오다 보안 걱정 좋다 써다 보다 생각 많이 돼다 영어 알아듣다 재미있다 조만간 미래 보다 느낌 역시 오픈 크다 영상 올리다 잇다 새해 많이 받다 영상 보고 써다 보다 현재 폴더 확인 해보다 하니 3분 만에 따르다 쓰다 단시간 많이 써다 차단 먹음 api 요청 횟수 하고 token 코딩 작업 보다도 100 상임 차라리 사람 시키다 싸다 먹히다 게다가 로컬 llm claude api key 늘다 필수 이어서 로컬 기능 장식 이라 작동 안되다 궁금하다 정보 감사하다 오늘 카메라 구도 재밌다 빅테크 믿다 서비스 내놓다 까지는 기다리다 ai 시장 브레이크 없이 나가다 보안 해결 편리하다 가우스 애플 인텔리전스 미래 인거 최소한 보안 보장 써다 보고 싶다 쓸리다 보안 문제 대신 해주다 심지어 맥미니 뻔하다 대신 사주다 어설프다 설명 사람 많다 최고 10 48 등가교환 머리카락 cli 장면 까지 보여주다 유익하다 빨리 보안 안정 버전 나오다 좋다 기본 부여 권한 범위 확인 요청 부여 권한 범위 절대 미부 권한 범위 근데 나중 온라인 이나 오프라인 거래 저렇게 인공 지능 많이 활용 대부분 소비자 가장 합리 소비 판매 따르다 경쟁 치열하다 구매 돕다 인공 지능 속이다 기술 나오다 인트 맛집 남아 구형 노트북 리눅스 민트 깔다 오픈 크다 깔다 자다 돌아가다 th 오다 카카오 지피다 프로 할인 궁금하다 이렇게 바로 올려주다 감사하다 새해 많이 받다 ai 가다 노예 에요 리눅스 명령어 자다 다루다 5년 남다 오다 왜핫 한지 알다 덜덜 시키다 스스로 해결 능력 엄청나다 os 늘다 유닉스 기반 지슈스 리뷰 타다 기다리다 보안 유지 확실하다 일상 엄청 편하다 나아가다 자비스 처럼 음성 지원 완전 호환 날다,48
https://www.youtube.com/watch?v=clSTtBgv2J8&pp=ygUM7J246rO17KeA64ql,AI는 도대체 과학계를 어디까지 바꿔버릴 수 있을까? (위태로운 과학자…) | 과학을 보다 EP.182,인공지능,10779,11 24 통계물리학 긁다 프로 웃기다 공격 남발 성공 확률 연구 연구 해도 월급 나오다 부분 뿜었습니 장홍 교수 헤어스타일 갑자기 변하다 그렇다 캐릭 속성 중복 이군 납득 프로 mc 역할 자다 누군가 의견 소외 자다 살리다 주다 이상하다 엔딩 나가다 진행 자다 기혼 터지다 장홍 교수 왜케 이쁘다 39 54 김범준 교수 의견 완전 동의 작업 과정 도구로 ai 쓰다 좋다 생각 하고 감탄 쓸다 많다 아예 사고 과정 자체 ai 에게 외다 버리다 ai 도구로 쓸다 상황 과는 전혀 다르다 생각 스스로 사고 하고 기획 하고 논리 펴다 방법 체득 하고 ai 쓰다 효율 이고 효과 쓸다 생각 장홍 교수 약간 김희철 느낌 자다 쓴다 논리 사고력 기르다 생각 표현 능력 갖추다 의미 인간 두뇌 역량 함양 대표 행위 전적 ai 에게 의존 상황 확산 인간 지적 능력 자체 퇴화 가져오다 가능성 높다 ai 도구로 자다 이용 전혀 다른 문제 박주용 교수 김범준 교수 얼굴 장홍 교수 헤어스타일 합치다 느낌 이에요 40 00 여기다 정리 박주용 교수 도구 아무 안타깝다 지웅 교수 그렇다고 도구 배척 안되다 자주 도구 쓰다 배우다 한다는 초점 맞추다 문화 물리학자 이신 박주용 교수 마치 석준 교수 보다 처음 보다 정도 세다 느낌 옵니다 자주 초대 부탁 드리다 18 00 질문 취소 장홀제 교수 차다 맞다 인간 중요하다 세상 가치 세상 여러 물리학자 분들 나오다 통계물리학 전공 교수 등장 함께 김범준 교수 텐션 다른 좋다 교수 머리 묶다 홍일점 이번 통계물리학 재밌다 외적 으로도 즐겁다 보다 감사하다 일반인 이렇다 과학자 박사 수준 높다 대화 어디서 들다 그것 눈높이 맞추다 이렇게 재미있다 최고 감사하다 따르다 하나 살리다 들어가다 후드 조금 비싸다 이네 물리학자 불세출 화학자 문화 물리학자 사이 그냥 천문학자 장홍 교수 점점 이렇게 청초하다 지다 두쫀쿠 재밌다 교수 들다 모두 존경 프로 최고 39 27 종이 쓴다 그게 종이 오다 이라는 도구 제대로 써다 학생 아니다 걸다 학생 결국 사고 외주 거고 스스로 문장 만들다 내지 건데 그걸 누끼 따다 하고 비교 물론 김범준 교수 께서 바로 반박 40 여분 시간 가다 모르다 재밌다 보다 37 30 인간 끼리 소통 반드시 즐겁다 기계 혼자 사람 생기다 겁니다 멋지다 오다 거의 챙기다 보다 사실 무슨 이야기 이해 한적 별로 서로 흥미롭다 이야기 그냥 재밌다 연구자 주변 지능 들이다 많다 그렇다 고지 능이 필요하다 단순하다 ai 로봇 에게 시키다 인류 고차원 이고 창의 업무 생각 솔직하다 인간 연구 설계 또는 지시 정도 지능 능력 가지다 자다 소수 생각 현재 놀랍다 피지 ai 발전 속도 전세계 벌어지다 대량 보다 향후 년안 벌어지다 기업 에서는 100 겨우 10 살아나다 나머지 90 새롭다 일거리 찾다 ai 전환 속도 라서 예전 산업혁명 처럼 새롭다 직업 나타나다 이니 문제 안일하다 태도 위험하다 보다 변호사 위험하다 회계사 위험하다 프로그래머 위험하다 의사 위험하다 작곡 위험하다 애니메이터 위험하다 택배 위험하다 공장 근로자 위험하다 일이 니까 생각 점점 침범 당하다 보다 일자리 없어지다 남다 모두 즉시 안전하다 일자리 갈다 수도 포화 이고 그것 ai 먹히다 수도 80억 인류 단기간 이렇다 변화 적응하다 새롭다 찾다 환경 지능 능력 갖다 대다수 소외 이고 인간 그동안 먹다 자지 아무렇다 안전 치가 인류 갈등 폭동 씨앗 철학 들어가다 과학 이야기 라서 이번 재다 이번 재밌다 자다 보다 대화 나오다 모든 이야기 주제 재밌다 좋다 생각 컨텐츠 만들다 보다 세분 모으다 토크 장홍 선생님 실물 더더 잘생기다 놀라다 좋다 방향 오늘 카메라 자다 받다 흐뭇다 기쁨 아무튼 좋다 재밌다 보고 가다 오늘 토론 좋다 중간 중간 튀어나오다 화학 지다 매력 적임 좋다 토크 폭주 트리오 추진 해주다 과학자 분들 말씀 자다 오늘 즐겁다 11 38 들다 나다 생각 상대방 여러 만나다 박주용 교수 자주 보다 괴짜 발상 자채 재다 잠자다 과학 보다 재생 목록 두다 잠드데 권석중 교수 갈로아 박주용 교수 출연 구간 에선 고막 디도스 공격 받다 반쪽 깨다 자다 돌고래 처음 댓글 남기다 오다 박주용 교수 모시다 이야기 빠지다 들다 15 28 아무래도 대다 명절 하나로 차갑다 음식 먹다 나라 라서 광활하다 유튜브 세계 마음 뺏다 어간 보다 항상 감사하다 재미있다 유익하다 정영진 축하 넷플릭스 bts 다큐 22 20 부분 출연 출세 하셨슴다 재밌다 과학 보다 보다 교수 들다 재미있다 새삼 느끼다 재미 따다 보다 이번 재밌다 자다 보다 과학 발전 인문 문제 부딪치다 과학자 인문 얘기 재미있다 신선하다 교수 갈수록 멋있다 지심 오늘 따르다 반갑다 교수 들다 주말 이면 일어나다 보다 보다 인데 오늘 일찍 일어나다 바람 오래 기다리다 오늘 내용 재밌다 사안 들다 의견 다르다 신다 서로 존중 다양하다 의견 들다 아름답다 토론 이네,48
https://www.youtube.com/watch?v=d6KOpsPOcXg&pp=ygUM7J207Iqk65287JeY,"[속보] 美·이스라엘 공격에 이란, 즉각 반격..""카타르·쿠웨이트 등 미군기지 공습"" - [MBC 뉴스속보] MBC뉴스 2026년 02월 28일",이스라엘,5402,중공 mbc 늘다 이란 들다 실시간 이라고 올라오다 보다 맨날 간전 이참 이란 국민 살리다 도부 쓰다 버리다 들다 미치다 저렇게 해결 누군가 대체 중동 나락 가다 안내 말씀 올리다 뉴스 채널 에서도 대로 사실 그대로 방송 해주다 전부 점수 매다 하메네이 사망 소식 연합뉴스 앵커 울먹이다 mbc 침울하다 이란 지금 축제 분위기 분위기 파악 방송 접다 이렇다 이란 북한 대우 다르다 보다 북한 백발 모양 이구나 반격 모하 미국 트럼프 대통령 이란 에다 회담 하자 하고 아니다 공격 이란 속수 무책 당하다 2일 끝나겄 여기 댓글 무섭다 국민 위자 크레인 매달 천명 처형 독재자 처리 준걸 이리 왜곡 하나 방산 주가 어르다 mbc 늘다 댓글 수준 처참하다 방송 믿다 수준 중공 mbc 보다 지금 이란 박살 나다 안타깝다 어떡하다 다음 이제 매다 차례 김정은 구석 떨다 mbc 늘다 국민 수만 살해 독재자 이기다 바라다 방송 느낌 국민 말살 이렇다 독재 국가 국제 위반 무슨 의미 역시 mbc 지금 한국 뉴스 이란 이스라엘 때리다 맞다 보도 하고 이스라엘 폭격 보다 mbc 보다 이러니 한국인 세뇌 되어다 우물 살다 재다 진실 믿다 안라 사이비 헛소리 믿다 들이다 나라 망하다 엠빙신 미국 지다 바라다 자유진영 보수 진영 이란 남북 갈라 정도 이란 워싱턴 뉴욕 미사일 날다 멸망 가만히 맞다 치다 맞다 미국 개스라 도대체 많다 사람 죽다 이란 공격 이스라엘 미국 이란 국가 국민 에게 이스라엘 미국 국가 국민 상대로 전쟁 모든 공격 가하다 명분 주다 생각 국민 억압 하고 죽이다 공산주의 독재 사라지다 극좌 세계 질서 엉망 트럼프 멸공 중국 공영 방송 아웃 리박 신나다 리박 좌표 찍다 위대하다 미국 다음 매다 제거 트황님 찢짜이밍 부탁 하메네이 지다 은재 매다 듸질 차례 시진핑 이재명 김정은 다음 타자 대기,32
https://www.youtube.com/watch?v=dIaQJpvYbho&pp=ygUJ7JuU65Oc7Lu1,박지성이 꼽은 자신의 인생 경기 / 2002 FIFA 한일월드컵 평가전 대한민국 vs 프랑스 [습츠_월드컵 클래식],월드컵,6352,대다 발리다 보고 사람 개추 감독 중요하다 다시 한번 느끼다 해주다 경기 오다 지성 이형 슈팅 역대 이기다 퍼터 좋다 치고 가다 터치 마무리 정석 잡채 박지성 나이 지금 01년 생임 안되다 노력 포장 불세출 천재 월드컵 하이라이트 없어지다 사람 개추 박지성 21 21 살이 당대 최강 소리 듣다 프랑스 대표팀 상대로 저렇게 활약 하고 나다 자신감 붙다 13 07 심판 난시 지성 이형 골다 놀라다 자체 한국 선수 저런 아름답다 퍼스트 터치 내다 놓다 러닝 슈팅 이라니 돼다 박지성 사랑 36 레전드 스타 시작 중원 저런 패스 뿌리다 그런 터치 래핑 논스톱 슈팅 가져가다 그동안 한국 축구 보다 엄청 쇼킹 36 역시 앙리 우리나라 다시 오다 물공 맞다 돌아가다 갈다 알다 개인 박지성 넣다 보고 깜짝 놀라다 지금 까지 우리 대표팀 본적 골다 그야말로 유럽 최고 플레이어 완벽하다 트래핑 낮다 깔다 들어가다 골다 탄성 저절로 나오다 골다 의미 부여 단순하다 보다 거의 대표팀 이라 생각 박지성 노력 파다 천재 축구 지능 나이 이렇게 활약 한다는 금보 더욱 놀라다 솔직하다 자체 기술 아름답다 손흥민 압도 인데 박지성 골다 인지 심장 뛰다 개인 으로도 인생 경기 하나 당시 초등학생 아버지 같이 직관 경기 작년 돌아가다 그때 아버지 직관 기억 남아 울컥 프랑스 평가전 제대로 평가전 다시 이렇다 평가전 다시다 어리다 당시 박지성 골다 역대 이라 생각 박지성 우리 조직 좋다 경기 보고 대다수 이번 월드컵 뭔가 싶다 예감 들다 거임 실력 둘째 치고 강팀 상대로 죽지 플레이 뿐이다 근데 그게 까지 가다 미치다 유상철 박지성 메이 보다 저렇게 변화무쌍하다 유틸리티 똘똘뭉쳐 유기 움직 이니까 좋다 결과 내다 진심 하고 이번 월드컵 뭔가 기대 생각 49 스코어 알바 제대로 유상철 형님 경기 수비수 뛰다 한국 축구 유일하다 공격 밉다 들다 수비 보다 이심 편하다 쉬다 오다 박지성 21 나이 인데 지금 에선 나이 저렇게 실력 좋다 선수 찾기 힘드다 확실하다 다르다 박지성 보고 충격 받다 기억 나다 한국 선수 유럽 리그 에서나 보다 덥다 세련되다 마무리 누가 박지성 노력 이라고 하나 테크 인데 박지성 대한민국 넘버원 레전드 드디어 전설 평가전 프랑스전 박지성 골다 지금 보다 멋지다 2002월 드컵을 직접 보다 입장 에서도 한국 국가대표 최고 전력 늘다 솔직하다 추억 보정 아니다 싶다 기보 추억 보정 아니다 손흥민 결정 높다 스타 플레이어 조직 이랑 전체 체급 훨씬 강하다 어리다 프랑스 앙리 크로스 이후 트레제게 가위 차기 보고 저걸 저렇게 넣다 생각 33 오다 이건 미치다 아니다 남일 완벽하다 패스 이라 불리다 프랑스 수비 터치 한번 벗기다 마무리 해버 50 서로 자기 멘트 바쁘다 10 정도 송재 신문선 싸우다 오다 프랑스 98월 드컵 유로 우승 직후 04 34 개인 박지성 최고 포르투갈 골도 프랑스전 최고 듯함 패스 에도 터치 바로 슈팅 놓다 래핑 슈팅 돋보이다 희다 동구 김병지 마지막 기회 지다 전혀 아깝다 생각 들다 경기 외신 하나같이 이번 월드컵 다크호스 대한민국 16 아니다 이상 가능하다 등등 호평 쏟다 들어맞다 대한민국 축구 역사상 최고 전반전 10 16 박지성 이기다 슈팅 까지 보다 이렇다 경기 지다 잘쓰다 02 멤버 보다 멋지다 뛰다 의욕 이기다 여서 멋지다 라이브 보고 지리다 뻔하다 박지성 천재 구나 싶다 31 박지성 골다 보다 감탄 밖에 나오다 날아오다 패스 퍼스트 터치 미치다 드리블 치다 그대로 오다 우리나라 이런 보다 감탄 덥다 기억 경기 어리다 보다 박지성 임펙트 최고 당시 프랑스 98월 드컵과 유로 2000 제패 세계 인데 정도 우린 세계 대표팀 32 중원 이렇다 패스 보다 오래 지성 이형은 천재 유형 라니까 21 당시 프랑스 대로 저런 이라니 박지성 골다 지금 보다 소름 돋다 대다 지고 떡잎 부터 다르다 박지성 프랑스 라인업 설기현 런닝 크로스 린다 오다,50
https://www.youtube.com/watch?v=dJdqn5v4Dkw&list=RDdJdqn5v4Dkw&start_radio=1&pp=ygUJ64m07KeE7IqkoAcB,NewJeans (뉴진스) 'ASAP' Official MV,뉴진스,987899,miss aesthetic much rlly wish newjeans still active feel like could built want back asap 갑자기 생각나다 오다 상미 독보 적외선 카메라 찍다 두운 초록빛 장면 느좋임 미감 보다 기묘하다 아름답다 newjeans forever eta 언제와 asap 빨리와 솔직하다 이렇다 뉴진스 감성 좋아하다 더보 싶다 newjeans never stop giving fresh concept kpop industry proud 빨리 해달라다 이야기 오다 이건 예술 경지 핀터레스트 아무리 짜지다 해도 따르다 미감 당근 흔들다 찌다 소름 점점 적어지다 속상하다 어디 가다 제발 들다 힘내다 들다 모이다 돼다 이렇게 묻히다 안되다 이야 newjeans five4ever 금발 가짜 뉴진스 흑발 오두막 숨다 뉴진스 금발 가짜 뉴진스 흑발 오두막 숨다 뉴진스 해석 댓글 보다 사라지다 remember wa song need back asap 뉴진스 언제나 버니즈 걱정 힘들다 언제 든지 달려오다 위로 해주다 지키다 걱정 해주다 한국 인기 많다 뉴진스 영상 어도 아래 짜다 치다 뉴진스 응원 민희진 그렇게 까지 절규 지키다 뉴진스 작품 어떤 궁금하다 보다 오다 업계 정도 애착 정성 가지다 대상 라면 대작 아니다 수가 playlist boring without newjeans song wish comeback release music miss song much 미드 소마 아시 애초 뮤비 컨셉 미드 마인 너무나도 뉴진스 닥치다 현실 들어맞다 소름 돋다 마을 사이비 정신 으로도 미치다 집단 홀로 버티고 뉴진스 계속 감시 하고 망원경 계속 주위 살피다 힘들다 물속 앨프들 요청 이란 옛말 심지어 당근 심다 장면 까지 나오다 보통 위험하다 당근 흔들다 계속 나오다 악마 이나 감사하다 미드 소마 느낌 그냥 대놓고 대표 구조 요청 sos 보내다 늦다 알아차리다 죄송하다 머리장식 하고 희다 입다 들판 뛰어다니다 음료수 색깔 금발 설정 된거 보다 미드 소마 오마주 확실하다 맞다 근데 영화 사이비 종교 믿다 마을 주인공 사이비 동화 내용 심지어 같이 남친 시체 산채 마비 시키다 넣다 제물 태우다 버리다 결말 영화 사이비 단월드 비슷하다 인데 사이비 주민 자기 끼리 이상하다 호흡 자꾸 한단 말임 단월드 니까 단전호흡 호흡 하필 미드 소마 오마주 제목 asap 지다 뭔가 의도 보임 따다 뇌절 이라고 생각 이건 찌다 hi back ur 뮤비 아예 보다 사람 노래 자체 되게 잔잔하다 가라앉다 느낌 이라 들다 뮤비 니까 소름끼치다 특히 늑대 당근 꽂다 소름 돋다 종교 무서움 어나더 레벨 이구나 뮤비 만들다 사람 대단하다 정도 여러분 언론 거의 나오다 보이시 기사 뉴스 이익 집단 결탁 돼다 받다 특정 집단 이익 기사 내다 편향 이며 보다 에게 확증편향 주입 시키다 지금 세계 언론 자유 보장 이번 사건 들다 달다 절대 특정 언론사 기사 보시 판단 절대 안되다 심각하다 추가 사이비 믿음 핑계 많다 강제 착취 그건 절대 믿음 아니다 절대 믿다 도망치다 명작 아니다 창작물 하나 아니다 자존심 버리다 민희진 감사하다 모시다 이런 많이 보다 카피 산돌 말고 need newjeans asap summer even feel like summer without 도대체 홀로 뉴진스 지키다 써다 보이다 작품 싸다 소름 인게 노래 제목 스테이 보다 제목 가사 asap 가다 나오다 무슨 목적 알다 뉴진스 asap 그냥 가능하다 빨리 서두르다 틱톡 순간 에도 시간 계속 가다 무한 반복 중간 중간 나오다 한글 가사도 얘기 빨간색 누르다 끊다 나니 생각나다 다시 울리다 sos 요청 가사 풀밭 화관 쓰다 뛰다 장면 금발 연출 까지 아리 애스터 감독 미드 소마 라는 영화 오마주 맞다 사이비 스릴러 영화 anyone 2025 뉴진스 목록 아래 쇼츠 레전드 하이브 항상 풀밭 뉴진스 중간 중간 망원경 주의 경계 결국 오두막 모두 숨다 버리다 오다 하이브 뉴진스 차별 거나 소홀 대우 말다 민희진 대표 괴롭히다 말다 need come back asap missing sm 처음 뮤비 나오다 분위기 무섭다 해석 영상 찾아보다 그렇다 들어맞다 해석 지금 니까 그냥 소름 돋다 whoever came concept genius never seen blend woodland fairy horror kpop mv incredible 누구 음악 지구 이롭다 케이 피다 성공 좋다 무차별 카피 대량 제작 반대 뉴진스 힘내다 need new jean backk eta 오다 asap 가다 빨리 알아차리다 바라다 메시지 읽히다 기도 asap 하이브 탈출 asap 하이브 탈출 asap 하이브 탈출 오다 근데 2년 동안 어떻다 참다 거지 대인배 자체 심지어 get up 앨범 티저 공개 개다 그게 eta asap 추가 다른 댓글 해주다 해석 eta 예상 도착 시간 asap 가능하다 빠르다 앨범 가장 마지막 순번 asap 인데 민희진 빨리 달라 처음 부터 까지 강조 아니다 하이브 단월드 의혹 해명 그냥 뉴진스 때깔 다르다 그냥 계속 보다 팬심 아니다 그냥 예쁘다 노래 좋다 하이브 단월드 하이브 단월드 의혹 해명 kpop industry grey without newjeans,50
https://www.youtube.com/watch?v=dZEsff0x_qo&pp=ygUM7J207Iqk65287JeY0gcJCQQLAYcqIYzv,"이스라엘, 이란 수도 테헤란 공습...국가비상사태 선포 / YTN",이스라엘,4784,원래 시나리오 이스라엘 치고 동맹국 미국 참전 형태 갈다 라고 그게 미국 한테 가장 부담 적다 미국 펜타곤 근처 핏자 배달 평소 보다 200 이상 높다 전쟁 날다 얘기 동네 무기 뺏다 나무막대기 들다 서로 싸우다 이야 예방 타격 도대체 이냐 사격 아니다 본토 미사일 날리다 선전포고 미국 주둔 믿다 수도 치다 버리다 솔직하다 지금껏 하메네이 죽이다 아니다 죽이다 1979년 이란 거리 풍경 보다 어지간하다 유럽 저리 가르다 이란 다시 예전 처럼 돌아가다 매일 드라마 보고 산책 좋다 생각 싶다 전쟁 지겹다 와중 에도 평화롭다 우리 나라 감사하다 인들 고맙다 든든하다 정부 믿음 스럽다 세상 평화 가득하다 기원 진흙탕 싸움 시작 이구만 전세계 전쟁 나라 드물다 정도 명분 필요하다 니까 명분 드가자 역시 예상 대로 주말 치다 하메네이 오다 아들 이슬람 강경 도부 도려 내다 이란 국민 에게 자유 선사 주기 기대하다 확실하다 이란 국민 베네수엘라 국민 처럼 기쁘다 보다 집무실 근처 공습 방공 마나 이란 발사 위치 어느 정도 파악 상태 인가 보다 2일 사이 미군 본격 공격 들다 갈다 이상 이겠다 지구 전쟁 없이 평화 좋다 현실 이니까 방산 주가 오르다 미공군 이랑 이스라엘 공습 이스라엘 이란 공급 어떻다 저런 중요하다 타이틀 오타 수가 인들 주식 매도 이유 대전 인가 금값 은값 폭등 대화 라는 방법 화면 좌측 상단 이스라엘 이란 공급 끝장 보다 래야 전쟁 끝나다 하나 죽다 지다 긋다 지다 긋다 전차 메르카바 매끈하다 디자인 이군 기자 취임 수백 이라는 이름 처음 이네 싸우지마 제발 전세계 경제 박살 나다 이미 끝내 야하다 협상 십년 하노 이번 제대로 좋다 야하다 화욜 주가 우짜 전쟁 계속 추가 하메네이 일가 잡다 베네수엘라 다음 이란 다음 북한 제발 결국 전쟁 시작 인가 월요일 공휴일 이니까 주다 끝나다 이란 국민 목숨 상관 얻다 이란 국민 목숨 따위 제목 공습 아니다 공급 이네 바쁘다 가보다 한판 크게 붙다 전쟁 오다 이렇게 네타냐후 계속 비상 사태 선포 그렇다 재판 받다 예방 헐다 하메네이 이란 국민 독재자 이번 전쟁 이란 해방 전쟁 이라고 포장 사람 적다 수도 공격 놀라다 따름,46
https://www.youtube.com/watch?v=dazWCze1XFg&pp=ygUM7J207Iqk65287JeY0gcJCQQLAYcqIYzv,성경 속 살아있는 흔적을 찾아서. 갈릴리부터 예루살렘까지 직접 가봤더니｜기독교 성지순례｜이스라엘｜세계테마기행｜#골라듄다큐,이스라엘,5057,기독교 성지 가다 통일교 이단 재단 대학교수 방문 설명 해주다 아니다 영상 등장 교수 선문대 학교 출신 참고 선문대 문선명 한학자 설립 통일교 재단 주류 교단 에서는 이단 사이비 분류 참고 바라다 기독교 성진 순례 좋다 출연자 선문대 통일교 이슬람 센터 요즘 통일교 많이 퍼지다 방송 에서까지 섭외 보다 선문대 교수 라니 요단강 건너다 그게 아니다 요단강 건너다 약속 천국 가나안 나오다 여호수아 제사장 법궤 따르다 요단강 건너 가나안 들어가다 이후 부터 쓰이다 32 선문대 교수 통일교 근데 선문대 문선명 통일교 아니다 선문대 교수 이스라엘 역사 설명 이강 박사 이나 다른 분들 많다 그렇다 좋다 영사 이네 어떤 세계 여행 보다 비누 공장 쿠나 빵집 먹다 미란 나름 대로 애교 만점 역사 보다 나라 순례 전통 발효 치즈 보다 서다 감사하다 00 15 베다니 세례 예수님 세례 요한 에게 세례 받다 02 35 엘리야 선지자 승천 장소 09 22 성묘교회 황금 사원 11 00 골고다 언덕 세워지다 성묘교회 내부 예수님 무덤 통곡 예루살렘 서쪽 성벽 로마군 대가 예루살렘 공격 하고 남기다 역사 잔해 갈릴리 호수 가버나움 선착장 2000년 예수님 대의 본뜨다 만들다 유람선 베들레헴 아기 예수님 탄생 마굿 간위 세운 교회 40 안식일 먹다 아니다 friday 라고 안되다 shabat 이라고 영상 나오다 통일교 재단 선문대 학교 이슬람 센터 교수 통일교 가다 공식 언론 이용 다시 유혹 확장 조심 예수님 걸어오다 성경책 말씀 면알 수록 신비하다 놀라다 감사하다 귀하다 영상 감사하다 세계 이단 인정받다 통일교 대학교수 미디어 ebs 차다 내용 틀리다 부분 상당하다 이렇게 유명하다 장소 지금 까지 모르다 놀라다 우리 크다 지금 인종 전쟁 세계 자연 재해 받다 심판 오르다 잘못 구약 나오다 등장인물 예수님 보다 만해 전륜 느끼다 예수님 만난 처럼 은혜 받다 세례 아니다 침례 성경 헬라어 보다 밮티 스마 인데 번역 잠그다 뜻임 베들레햄 예수님 탄생 성지 헤브론 지역 주민 음식 까지 알다 흐뭇하다 세례식 아니다 침례 식이 나다 가다 예수님 발자취 따라가다 싶다 아멘 할렐루야 유익하다 좋다 좋다 프로그램 영상 제작 감사 드리다 리포터 선문대 이슬람 센터 가다 쓰다 어차피 소개 종교 이단 통일교 멀다 상관 근데 쓰다 슬하 이렇게 유명하다 장소 지금 까지 모르다 놀라다 구약 재물 에게 넘기다 침례 침수 잠기 세려 넘어가다 전가 주님 발자취 느끼다 감사하다 선문대 교수 하니 예수님 의대 진심 느껴지다 이렇다 선교 여행 이스라엘 다녀오다 이런 여행 여행 빵집 인터뷰 기네 아이러니 이단 통일교 선문대 교수 께서 성경 예수님 고향 성지순례 장소 이스라엘 다루다 신기하다 자다 얘기 해주다 재밌다 할렐루야 아멘 영상 감사하다 아멘 10 침례 식이 이뤄지다 굳이 세례 라고 부르다 고집 장로교 쎄다 이르다 선문대 통일교 계통 대학 강사 30 18 인파 보다 2000년 후에도 예수 슈퍼스타 데살로니가전서 16 께서 호령 천사장 음성 하나님 나팔 소리 함께 친히 하늘 로부터 내려오다 그리스도 죽다 먼저 일어나고 17 살다 남아 우리 함께 구름 올라가다 공중 만나다 그리하여 우리 항상 함께 18 그러므로 말씀 서로 위로 하라 ebs 공영 방송 아니다 기독교 역사 선문대 교수 라니 내부 통일교 건가 유튭 영상 감사,46
https://www.youtube.com/watch?v=dcsvMlyhhAI&pp=ygUM7J246rO17KeA64ql0gcJCQQLAYcqIYzv,AI 헛소리 막을 '확실한 해법'..'한국 천재들' 돌파구 찾았다 (에디터픽) / SBS,인공지능,7885,그렇다 제발 모르다 모르다 하라 핵심 찌르다 고집 부리다 따지다 물다 그때 서다 정정 아첨 거짓말쟁이 기억상실증 횡설수설 모르다 모르다 배움 첫걸음 ai 사람 이나 잘못 배우다 오래되다 치기 어렵다 모르다 개념 학습 시키다 이군 애매하다 얘기 동조 답변 선택 인격 높다 지능 메타 인지 모르다 오다 그것 솔직하다 인정 ai 구조 자체 한계 언어 모델 기본 정답 아니다 그럴듯하다 답변 만들다 설계 되어다 오다 대단하다 숫자 제로 한참 만들다 지다 ai 모르다 개념 자체 ai 헛소리 반박 힘들다 고객 ai 답변 가지 오다 물어보다 제일 곤란하다 방대하다 데이터 학습 알다 정보 많다 정작 모르다 무엇 인지 모르다 ai 들다 역설 이네 요즘 그냥 알다 오지 동네 바보 수준 10 개중 개다 틀리다 그냥 검색 빠르다 모르다 물어보다 용도 아니다 자료 정리 계산 용도 로만 쓰다 편하다 다시 물어보다 제대로 대답 아니다 뭔가 사람 똑같다 신기하다 자신 모르다 알아차리다 가장 힘드다 부분 그걸 알다 자신 배우다 영역 어떻다 그릇 가지 지다 알다 대략 모르다 부분 유추 능력 이기 마치 지구 지도 지구 크기 지혜 가지 능력 기자 여태 까지 ai 올리다 치기 보다 자꾸 우기다 잡다 ai 가다 코딩 잘쓰다 탁월하다 맞다 기본 상식 지피다 맹신 하고 우기다 사람 들보 차다 답답하다 자기 검증 가능하다 지적 활용 자신 가설 검증 힘드다 광범위하다 영역 라면 하나 아니다 여러 ai 한테 검증 요청 오류 잡아내다 그나마 나은 방법 가끔 생각 해보다 엄청 웃기 슬프다 거짓말쟁이 라는 뻔하다 알다 친구 두다 인생 지침 찾다 인간 모습 지피다 미나 보다 유독 심하다 모르다 모르다 ai 그게 힘들다 거구 ai 겸손하다 배우다 ai 사용자 알다 제대로 활용 모르다 더욱 신뢰 하고 의존 공부 사람 자기 모르다 파악 가능하다 사람 이라는 떠오르다 차다 대단하다 알아내다 세종대왕 께서 맥북 던지다 역시 세종대왕 굉장하다 강정호 나훈아 부자 간이 라고 틀리다 자연 스럽게 처럼 애초 트랜스포머 구조 자체 한계 autoregressive 모델 probabilistic 그렇다 확률 높다 대답 deterministic 대답 cot trace 빡세 주다 sft 그래서 지금 르쿤 llm 한계 leworldmodel 내다 와우 좋다 연구 천재 천재 저러다 밝혀내다 똑똑하다 사람 한국 지원 뒷받침 제대로 세계 강국 오염 정보 가지 맞다 우기다 일이 태반 간단하다 소스 복잡하다 풀다 해석 문제 훌륭하다 고맙다 덕분 좋다 기술 자다 다가오다 기존 루시 네이션 일으키다 ai 들다 무지 그러니까 모르다 개념 존재 자신 학습 정보 세상 모든 정보 라고 믿다 예시 우주 크기 알려지다 라는 정보 받다 들이다 우주 크기 물어보다 우주 크기 알려지다 라는 뱉다 우주 정확하다 크기 알아내다 사건 알다 라고 우주 정확하다 크기 알아내다 사건 존재 라는 정보 존재 불구 하고 모르다 개념 모르다 자신 학습 정보 세상 모든 정보 라고 생각 우주 정확하다 크기 알아내다 사건 존재 늘다 인지 그래서 자신 학습 정보 확신 정보 조합 질문 가장 적절하다 그렇다 싸하다 내놓다 그러니까 정보 이해 학습 정보 조합 적절하다 내놓다 인공 지능 특성 루시 네이션 나타나다 그래서 구진 ai 에게 아직 아무 모르다 라는 정보 우선 학습 시키다 루시 네이션 없애다 쉬다 기존 ai 늘다 모르다 라는 개념 모르다 생기다 일반 사람 라면 질문 알다 모르다 라고 ai 늘다 모르다 라는 개념 무의미 정도 미세하다 정답 근사하다 이라고 내놓다 그렇다 모르다 라는 어떻다 상태 인지 먼저 학습 시키다 챗봇 ai 들다 기준 사용 경험 이야기 해보다 챗봇 ai 들다 환각 많다 근본 원인 크게 가지 라고 생각 하나 학습 자체 시키다 거고 다른 하나 ai 기업 챗봇 빡세 걸다 놓다 토큰 효율 세팅임 가지 서로 시너지 일으키다 ai 가다 응답 대충 아니다 이미 결과 거기 꽂히다 응답 특히 토큰 효율 ai 들이다 토큰 아끼다 대충대충 응답 거나 지침 물다 내용 누락 시키다 압축 요약 거나 경우 굉장하다 많다 구르다 번째 이유 학습 자체 자다 시키다 건데 ai 에게 사용자 도움 강하다 학습 되어다 사용자 에게 인정 받다 도움 주다 편향 많다 그래서 모르다 모르다 응답 무능하다 생각 그럴듯하다 막말 해댐 특히 ai 쓴다 사람 보다 시스템 프롬 프트 역할 부여 임무 목표 제약 조건 작업 프로세스 등등 라운드 주다 사용 역할 페르소나 베테 전문가 라는 지침 많이 주다 편임 ai 가다 정지 오다 경우 생기다 ai 늘다 자기 특정 분야 베테 전문가 인데 사용자 해당 분야 정보 물다 모르다 무능하다 생각 막말 거임 이렇다 보다 사람 자기 모르다 알다 우기다 인간 ai 그렇다 인간 처럼 응답 요즘 지능 확실하다 좋아지다 이제 모르다 모르다 응답 핑계 거리 삼다 시작 자기 알다 모르다 사용자 싸움 회피 경우 이렇다 대부분 ai 자체 내부 방어기제 문제 사용자 지적 구라 치고 변명 변명 다양하다 그것 그렇다 그래서 일단 ai 업체 토큰 효율 빡세 세팅 부터 풀다 생각 일단 요즘 챗봇 ai 들다 악의 근원 이라고 생각 토큰 아끼다 지침 개무시 하고 내용 누락 거나 멋대로 압축 요약 하고 그래서 그렇다 계속 방어기제 잘못 학습 변명 등등 일단 토큰 효율 세팅 부터 풀다 대충 이렇게 작업 응답 사용자 그냥 넘어가다 라고 생각 대충대충 건성건성 작업 그게 대화 보다 확실하다 느껴지다 제대로 작업 하고 대충 응답 결과물 보다 토큰 효율 직무 유기 지능 과신 오만 편향 강하다 발동 모르다 그래프 도면 자료 까지 허위 가져오다 맞다 우기다 빡치다 12 연구 이전 gpu 서버 먼지 부터 털다 그렇다 모르다 알다 시작 이지 기준 잡다 주다 대다 절대 사과 인간 생각나다 ai 늘다 도구 이기 멍청하다 사람 멍청하다 질문 멍청하다 답변 받다 너무나도 당연하다 에서도 분별 없이 ai 가다 해주다 답변 그대로 믿다 맹신 사람 많아지다 문제 지위 지지 부지 위부 시지 늘다 알다 안다 모르다 모르다 진정 알다 라는 논어 위정 나오다 가르침 자신 무지 인정 하고 솔직하다 진정하다 지식 시작 이라는 의미 오호 역시 똑똑하다 인재 그게 맞다 이제 ai 에게 모르다 개념 마저도 학습 시키다 가능하다 역시 우리나라 최고 예요 구진 멋있다 ai 가장 맹점 고치다 멋지다 역시 대한민국,50
https://www.youtube.com/watch?v=ddILV5cbdQo&pp=ygUM7J246rO17KeA64ql,"'언어 장벽의 종말' 코앞? 'AI 안경' 써보니 ""놀라운 수준"" / SBS / 모아보는 뉴스",인공지능,3800,이렇다 오다 지독하다 영어 공부 3년 해외 어디 일상생활 필요하다 전자기기 편의 장벽 무너지다 다만 여러 언어 문화 제대로 이해 인간 가치 그대로 거나 높아지다 서로 대화 사팔이 웃음 이네 미국 털리다 한국 이미 털리다 이야기 지만 카메라 달리다 중궈런 들다 살다 아니다 우와 혁신 과거 미래 배경 영화 보다 실제 상용 앞두다 기술 이란 어디 까지 발전할런 대단하다 초창 스마트폰 나오다 그렇다 처음 핸드폰 나오다 그렇다 홍채 데이터 털다 갈다 맞다 안경 도수 자동 바꾸다 주다 스마트 글래스 필요하다 물론 안경점 망하다 안경 좋다 무선 이어폰 바로 상대방 언어 해석 들어오다 좋다 안경 나오다 통역 문장 읽다 눈알 굴리 모습 왠지 머스크 눈알 굴리 모습 이랑 흡사하다 대화 사람 서로 보다 서로 대화 눈동자 읽다 사시 심하다 아프다 두통 많아지다 사람 엄청나다 늘다 기본 대화 하고 여행 갈다 사람 외국어 필요없다 내면 교감 결국 직접 그나 언어 는걸 따라가다 결론 사람 안해 사람 외국어 이제 선택 영역 자기 시력 자동 보정 해주다 ai 기능 까지 노안 이온 하나 구매 언어 장벽 세상 멋지다 2년 ai 글래스 정착 닌텐도 가상현실 포켓몬 게임 만들다 글래스 시너지 효과 반응 괜찮다 주가 오르다 멋지다 안경 이네 허다 썬글라스 만들다 효율 중국산 글라스 쓰다 금융 정보 한번 털리다 그때 기능 보다 보안 이구나 느끼다 기능 중시 그런 지나다 보안 안정 기능 명품 가방 이라도 물건 들어가다 비싸다 이유 마찬가지 마이 너리 리포트 나오다 디스플레이 기술 결국 현실 세상 빠르다 변하다 시험 볼때 써다 먹다 계산기 여전하다 머리 수학 문제 푸다 연습 하고 시험 보다 외국어 학습 그대로 학습 도구 진화 학습 속도 빨다 겠다 와이프 대화 자다 안되다 어떻다 해결 영화 볼때 자막 읽다 싫다 영어 공부 시작 안경 자막 이라니 무섭다 경이 로운 시대 시력 좋다 사람 안경 ai 어떻다 해보다 수준 높이다 제발 쓰다 사람 털리다 찍히다 사람 털리다 안경 쓰다 쓰다 털리다 마찬가지 화장실 조심하다 비번 조심하다 에서는 케이스 귀찮다 털리다 보상 쿠팡 처럼 디자인 몰카 안경 하고 비슷하다 보안 되어다 이제 영어 놀다 다니다 좋다 오다 사다 이네 장벽 사라지다 다해 아직 거기 까진 아니다 듣다 바로 먹다 분명 맞다 듣다 바로 대화 듯이 응답 주다 그게 진정하다 대화 장벽 사라 지다 듣다 문장 기기 에게 전달 시키다 기기 인간 에게 다시 문장 전달 시키다 시간 듣다 시간 보더 길다 사람 직접 국어 발음 힘들다 가다 로는 전혀 어색하다 대화 아직 까진 어색 한개 사실 이지 물론 기존 덜다 좀더 편하다 지다 사실 이지만 스머트폰 통역 사용 편리 부분 크게 차이 알다 동시 상대 듣다 국말이 변역 직접 들리다 까지 만들다 헐다 정보 감사하다 무조건 상용 점점 진화 기술 갑지 어떤 통역 프로그램 일본 열차 비행기 안내 방송 번역 노이즈 끼다 번역 까진 쓸다 이제 영어 시험 볼때 해당 안경 검사 까지 오다 사고 싶다 학교 시험 각종 대회 자격증 시험 안경 검사 필수 기술 발전 보안 에라도 크다 오다 대기업 에서는 직원 영어 학습 능력 강화 시키다 이렇다 시대 에서도 토익 토플 텝스 영어 시험 영어학원 학교 영어 정규 수업 성행 토니 스타크 이디스 경험 배터리 기술 나오다 그때 부터 시작 이제 ai 대구 안경 쓰다 오다 이제 안경 노인 자유여행 가능하다 신세계 갤럭시 26 울트라 174만원 인디 60만원 이면 가격 싸다 차근하다 어렵다 자다 설명 주다 고맙다 좋다 자료 자다 이해,48
https://www.youtube.com/watch?v=dinIzDyPo4s&pp=ygUJ7JuU65Oc7Lu1,러시아 월드컵 골모음 - 16강 부터 결승,월드컵,8168,31 역시 랩퍼 다르다 스웩 디지다 54 카바니 호날두 에게 주다 이유 크로아티아 대단하다 지금 보다 멋지다 월드컵 전쟁 월드컵 영상 제보 설레임 축제 느껴지다 좋다 크로아티아 멋있다 먹히다 까지 따라가다 연장 연장 연장 선수 모든 태우다 느낌 결승 육체 한계 느낌 이상하다 모음 차다 좋다 32 가다 16 28 범인 데브 라이너 라고 자백 한준희 23 28 세계 최고 슈퍼스타 축구선수 화려하다 슈팅 13 59 에릭 어가 월드컵 승부차기 마지막 크다 04 레전드 슈마이켈 만이 아니다 경기 결과 주요 장면 까지 보여주다 좋다 강때 들보 스쿼드 장난없다 잉글 공격수 들이다 epl 공격수 이고 심지어 중원 좋다 크로아티아 중원 최강 이고 프랑스 벨기에 공격수 중원 좋다 27 36 골다 지금 보다 소름 돋다 페리 미치다 터치 08 45 7회 연속 16 진출 대단하다 7회 연속 16 탈락 대단하다 50 모르다 새롭다 맨유 투톱 자다 보다 솔솔 오다 25 53 에릭 어의 슈팅 막다 알더 웨이 럴트 두다 토트넘 출신 무슨 운명 장난 월드컵 특별하다 경기 드라마 장면 마다 소름 돋다 카타르 월드컵 기다리다 크로아티아 가슴 뭉클하다 경기 26 54 유오성 형님 강릉 찍다 축구 서다 프랑스 벨기에 결승 만나다 재다 아쉽다 수아레스 카바니 해딩 완성 시키다 대단하다 크로아티아 거의 우리나라 응원 듯이 응원 늘다 감동 받다 음바페 보다 다시 느끼다 메호 다음 친구 말고는 홀란드 비교 불가 알리 때폼 토트넘 걱정 50 보고 반하다 바니 13 파바드 전설 30 카바니 다시 보다 미치다 14 34 에잇 푸우 일본 벨기에 역대 꿀잼 경기 동영상 30분 인거보고 보다 오다 그냥 30분 녹다 버리다 월드컵 손절못 하나 크으 월드컵 느낌 좋다 보다 기억나다 프랑스 우승 일본 벨기에 이기다 근데 장면 볼때 마다 찌릿찌릿 28 코스 아스날 메다 생각나다 해설 준희 옹이 19 어떻다 막다 누가 21 세기 최고 월드컵 2014 브라질 월드컵 결승전 종료 유럽 미녀 서비스 까지 완벽하다 대회 바르다 미치다 36 열리다 열리다 열리다 20 48 이런 영상 계속 만들다 모음 잘만 크로아티아 덴마크 골키퍼 공연 화질 최선 이냐 19 스핀 오지 지리다 바르다 발리 그냥 미치다 눕다 보고 자다 동영상 16 인데 듁일 2018 일본 여행 술집 보다 분위기 살벌하다 일본 16 이유 51 공포 떠오르다 내년 월드컵 벌써 4년 지나다 17 29 쿠발놈 개미쳣,49
https://www.youtube.com/watch?v=dkebXbKglqc&pp=ygUM7J207Iqk65287JeY,이스라엘 밤하늘에 쏟아진 '악마의 무기'…유럽도 전운 / JTBC 뉴스룸,이스라엘,7364,전쟁 일으키다 죽지 일반 군인 시민 죽지 전쟁 에게 그저 게임 지옥 에나 가라 근데 이스라엘 먹다 백린탄 쏘다 끼다 전적 이란 욕먹다 무섭다 집속탄 쓰다 리가 평화롭다 살다 무엇 이렇게 들다 싸우다 귀하다 생명 죽다 나가다 아무렇다 없이 이야 전쟁 윤리 어디 시작 인간성 포기 전쟁 인데 초등학교 폭격 윤리 건가 집속탄 안되다 크루즈 순항미사일 거야 종교 미치다 집단 이익 미치다 집단 싸움 이지 집속탄 가다 공습 이스라엘 사용 한적 그걸 이란 모르다 리가 심지어 백린탄 공습 적도 러시아 개입 하고 유롭 까지 대전 전조 싸우다 아무 바다 싸우다 우리나라 누구 누구 자작 전쟁 일으키다 1년 개월 천만다행 전쟁 금지 무기 요즘 전쟁 쉬다 일어나다 그냥 버리다 모든 앞서다 그렇다 이스라엘 팔레스타인 백린탄 쏘다 집속탄 이야 아니다 이스라엘 쏘다 가자지구 지다 들이다 이고 남다 악인 전쟁 금지 어디 수단 방법 가리다 이기 보다 이번 전쟁 최악 악마 네타냐후 무고 학교 사하다 어리다 불쌍하다 가다 이란 이든 자기 권력 무슨 짓다 그렇다 어른 잔인하다 대체 전쟁 이고 누구 민간인 희생 당하다 건가 국제 금지 무기 이란 이미 돌다 가다 확실하다 우크라이나 러시아 전쟁 관심 멀어지다 돼다 전쟁 시작 빨리 끝내다 모두 에게 좋다 근데 만약 전쟁 장기 미국 흔들리다 정작 이득 보다 중국 무섭다 대체 전쟁 이냐 이제 후대 세계 대전 이라고 부르다 전쟁 생기지 솔직하다 당하다 금지 무기 라고 쓰다 오다 서울 복판 떨어지다 상상 만해 무섭다 네탄야후 트럼프 에게 탄핵 당하다 처럼 전쟁 일으키다 보다 중동 난리 러우전쟁 관심 되어다 이란 민간 인들 피해 최대한 주다 가다 이란 지도 사라지다 누구 맘대로 금지 무기고 악마 무기 대한민국 집속탄 보유 하고 어쩌라고 타다 말로 가장 잔인하다 악마 무기 짧다 시간 어마 무시 녹아내리다 저건 누가 감당 미국 아직도 전쟁 아니다 외계인 침공 인간 미치다 날뛰다 대체 그렇다 탐욕 권력 미치다 전쟁 윤리 무섭다 이제 그만 제발 집속탄 백린탄 이스라엘 써다 집속탄 자탄 보이 가다 쏟다 부다 백린탄 악마 무기 이렇다 바로 역다 지지 가자지구 이스라엘 쏘다 유럽 전쟁 이고 중동 전쟁 이고 만약 이제 아시아 까지 중국 군사 충돌 나다 그게 세계대전 이지 전쟁 시발 트럼프 인데 미국 죽다 본토 건들 지도 하고 지다 들다 끼리 서로 이네 우리 현실 무조건 전쟁 우리 다치다 메세지 주다 끝나다 악마 에게 악마 무기 떨어지다 아마게돈 시작 인가 집속탄 우리 가라 가장 많이 보유 인거 아니다 강철 도람프 기어이 대전 가다 머리 한발 이면 인데 사서 고생 이네 이란 항복 싸우다 가만히 무조건 죽다 불가리 시간 끌다 상대 협상 기대 발악 하고 근데 알다 집속탄 우리나라 최고 많이 가지 현재 계속 생산 쌓다 두다 는걸 알다 아니다 한화 계속 생산 일텐데 함께 살다 방법 모르다 인간 최후 나쁘다 침략 전쟁 무슨 말로 포쟝해 사람 죽이다 일이 이란 결국 지다 그렇다 달라지다 나아지다 이익 조금 치다 지금 전세계 해보다 비교 결국 전쟁 트럼프 네타냐후 정치 목적 이상 그이 아니다 네타냐후 전쟁 악마 아니다 먼저 전쟁 일으키다 에게 용서 이란 쏟다 폭탄 촬영 조차 전세계 전쟁 삼차 세계대전 전쟁 쉬다 끝나다 독재자 따다 전쟁 끝나다 뒈지다 알다 끝나다 리가 악의 전쟁 인지 약자 전쟁 인지 살다 누구 서기 힘드다 전쟁 처음 이네 미국 본토 절대 공격 받다 전세계 전쟁 불씨 싸지르다 도람프 최후 악마 에게 악마 무기 쓰다,49
https://www.youtube.com/watch?v=f9g7jWw1cWU&pp=ygUM7J207Iqk65287JeY,[에디터픽] 미국도 이스라엘도 아니었다...이란 불바다 만든 '의문의 전투기' / YTN,이스라엘,4792,실체 밝혀지다 가르다 치르다 대화 로는 안되다 초토화 시키다 버리다 하고만 잇다 전쟁 서로 에게 피해 주다 중동 전쟁 세계 피해 주다 인젠 그만 평화 대화 해결 이란 북한 하고 자기 공격 하고 이란 이란 무모하다 해적 행위 세계 연합국 강경하다 대응 필요하다 미상 전투기 때리다 방부 군사력 무시 이란 에게 선전포고 아작 내주다 어떻다 유로 죽이다 지도 말고 죽음 당하다 맙시 이우주 보다도 귀하다 인명 해치 맙시 우리 지구 전쟁 서로 돕다 평화롭다 살다 아직도 미상 발사체 라고 헤드 무인 폭기 라고 이란 혁명 수비대 자기 미국 전쟁 착각 하고 보기 손발 묶다 매달 놓다 인데 어차피 내다 주다 정해진 거고 코피 터지다 군데 들다 끝나다 개다 불구 선택 인데 나라 저렇게 사람 버티다 회복하다 정도 경제 타격 받다 변국 수교 국가 돌리다 지금 바다 만들다 우리 옛날 부터 하고만 살다 중동 아치 이란 까지 아치로 변하다 문제 계속 이란 거부 이란 가르다 치르다 이란 혁명 수비대 없애다 버리다 호루무즈 통과 거부 손해 이란 책임지다 착하다 게살 대한민국 위대하다 자부심 애국심 갖다 한국 선박 피격 보도 잘못 된거 언론 정직하다 지다 당연하다 uae 권리 우리 당한 만큼 보복 그렇다 얍잡 보다 현무 때리다 이란 정권 바뀌다 상태 전쟁 끝나다 미국 이스라엘 이란 혁명 수비대 소행 이라고 이란 방송 한국 모르다 방송 계엄 아직도 진행 간부 병사 해킹 하고 도청 하고 어디서 먹다 검색 보다 하고 전역 에도 감시 하고 sns 쓰다 경찰 보호 안해 주다 인권 센터 아무 거도 안해 주다 같이 계엄 보이다 이렇게 경찰 같이 보다 어디 가야 이민 가야 하나 주다 간부 일반인 까지 감시 반대 인권 침해 밤죄 이란 2800 미사일 무슨 미사일 총알 장난 미상 비행 세계 연합국 이란 무모하다 해적 행위 강력하다 단호 대응 만들다 기전 박살 내버리다 트럼프 정부 눈치 보다 사실 그대로 국민 알다 아니다 복잡하다 머리 리지 말고 사실 대로 만요 국회의원 정치인 나라 망치 망치 나라 국회 정치인 판사 검사 나라 망치 보상 미국 드론 아니다 전쟁 개입 라고 이란 대사관 이란 대사 에게 정당하다 사과 받다 정부 머합 니까 이란 대사 얼굴 보고 문재인 미사일 보고 미상 발사체 라고 세계 정의 자유 평화 만이 살길 석기시대 아니다 ai 시대 시대 근데 다만 미국 갖추다 대통령 트럼프 대통령 이라 다행 트럼프 전세계 자유 평화 평등 존중 그래서 다행 전세계 대통령 트럼프 밀다 주다 독재 스스로 무너지다 국민 안다 전세계 인도 안다 하루 빨리 벗어나다 북한 중국 이린 똑같다 오랜 기간 동안 사상 교육 종교 교육 이어지다 뼛속 까지 미치다 변국 말리다 미국 이나 이란 이나 컨셉 놀이 이고 두다 똑같다 아치 트럼프 이란 빼앗다 국가 빼앗다 국가 인정 선언 하고 우리나라 방부 참전 우리나라 산유 되어다 좋다 이란 uae 가다 때리다 대한민국 ufo 가다 때리다 우리 언론 저건 ufo 가다 때리다 결국 이란 한테 우리나라 때리다 주다 맞다 보상 받다 이란 한테 미국 국가 이란 공격 건데 확인 내용 인가 이렇다 기사 자꾸 국민 참전 반대 의견 바뀌다 ufo 가다 때리다 이번 에는 트럼프 대통령 맞다 광신자 통치 이란 지구 지우다 버리다 정상 국가 되게 만들다 대한민국 함께 전쟁 이골 나라 이라크 8년 전쟁 전술 전략 결정 무기 별로 쓰다 잡다 미국 이스라엘 이기다 어여 국민 본인 알다 세계 빨리 들다 전쟁 끝내 불편하다 당신 석유 먹다 나라 불편 개떡 주다 에는 에는 판사 죽다 지난 뉴스 고만 날자 표기 독재 종교 만남 ytn 취재 기자 ai 재난 조장 방송 24시간 돌리다 대다 지진 해일 일본 쓰나미 화산폭발 필리핀 전쟁 크다 이란 이상기후 지구 멸망 내용 멍청하다 단순 무식하다 종말론 에게 맞다 이란 정화 시키다 누가 맞다 참고 참다 막장 가다 트럼프 네타냐후 미치다 전쟁 일으키다 수습 하고 중동전 확산 인류 대다 재앙 기다리다 비료 부족 반도체 부족 굶다 죽다 사람 결국 아프리카 사람,48
https://www.youtube.com/watch?v=fCPK4flT2EA&pp=ygUJ7JuU65Oc7Lu1,이런 광고를 보여드려서 '죄송합니다' - ㅈ같은 광고 월드컵 🤮,월드컵,16851,광고 홍보 공생 저런 광고 보다 프리미엄 쓰다 감사하다 07 웃기 처참하다 퀄리티 넘어서다 이건 이제 하나 장르 48 광고 정도 능지 한가롭다 게임 아니다 51 아니다 어떻다 발음 이건 게무 가다 한번 보다 웃기다 정도 예술 경지 유튭 프리미엄 써다 여태껏 보다 많다 조선 지구 바퀴 돌다 24 하는뎈 광고 홍보 학과 졸업 마케팅 4년 근무 홍보 효과 질문 효과 자체 대충 미우다 정도 정이 라는 이라고 이해 참고 유튜브 프리미엄 쓰다 감사하다 사실 정도 유튜브 프리미엄 쓰다 유튜브 계략 아니다 41 존나 웃기 02초 훔치다 한테 등짝 맞다 개웃 기네 근데 그것 받다 여러분 게임 깨다 핸드폰 먹다 아니다 대체 누구 먹방 인데 50 참고 광고 나오다 이상하다 선택 말고 모든 선택 지르다 옳다 선택 지르다 고르다 120 얻다 이론 으로도 불가능하다 게임 58 랄로 수렴 쑤다 직전 알고리즘 터지다 웃기다 광고 시작 죄송하다 한마디 죄송하다 뽑다 레전드 48 아니다 시보 니까 캐릭터 선택 장면 공격성 방어 동성 스킬 설명 브롤 끼다 아니냨 22 시대 필요하다 명언 뭘료 수령 쑤다 존나 웃기다 부분 43 낮다 확률 성공하다 광고 08 두다 뽑기 잖다 편집자 더빙 자막 넣다 존나 웃다 생각 해보다 이딴 광고 유튜브 노출 시키다 프리미엄 가스 아니다 싶다 43 표정 개떡같다 11 그냥 레전드 41 랄랄랄 랄랄라 중독 10 발성 그냥 웃기다 15 물뢸 발음 27 님들 원하다 썸네일 소인 임신 가다 웃기 그냥 46 보다 광고 라기 보다는 현대 예술 가깝다 27 구라 안치 학교 수행평가 만들다 영상 보다 좋다 기적 검다 유튜브 프리미엄 중요성 알리다 유튜브 일부 받다 분명하다 58 양룡사 똘킹 희생 광좉 보되 알고리즘 지키다 세상 이렇다 광고 보다 똘킹 덕분 맨날 광고 뜨다 짜증나다 화나다 답답하다 알고리즘 뜨다 망하다 댕처 웃기 10초 ktx 닫다 소리 아니다 이런 시청자 만큼 웃기다 똘킹 밖에 나다 모르다 스킵 버튼 무의식 찾다 영상 끝나다 버스 1999 광고 나오다 세상 가슴 후련하다 어머니 선녀 50 제대로 해도 300 채우다 똘킹 영상 웃기다 이유 리액션 맛있다 호탕 깔깔 깔다 거리 면서 폭소 웃기다 중간 멍청하다 광고 보다 멍청하다 따르다 상황 따르다 맛있다 자다 살리다 노잼 영상 재미 광고 보다 사람 마다 취향 갈리다 웃기 28 배꼽 빠지다 놀랍다 사실 광고 주다 뽑기 다이아 주다 심지어 광고 나오다 쿠폰 번호 하나 목소리 나오다 겁나다 웃기다 절도 계속 예술 자다 적용 장르,49
https://www.youtube.com/watch?v=ft70sAYrFyY&list=RDft70sAYrFyY&start_radio=1&pp=ygUJ64m07KeE7IqkoAcB,NewJeans (뉴진스) 'Bubble Gum' Official MV,뉴진스,1615094,believe year group like newjeans 뉴진스 번째 여름 다가오다 summer without new jean feel like crime really sweet like bubblegums 여름 할머니 놀다 다섯 강아지 어도 결과물 뉴진스 음침하다 노리다 대중 불편하다 없이 환호 소중하다 그룹 뉴진스 으로도 지금 처럼 노래 바라다 컨셉 작고 촬영 아니다 애기 끼리 제주도 여행 가다 오다 까지 힐링 group ha fresh pure feeling summer without newjeans 광고음악 먼저 나오다 신선하다 알다 그냥 어회 광어 참돔 뮤비 대박 왤케 눈물 나다 사실 별로 아니다 서사 니까 뮤비 영화 어도 악마 재능 지금 논란 주춤 선공 뮤비 때리다 결과 으론 하이브 어떻다 바이럴 보다 성공 프로모션 중임 힙합 이지 여름 계속 보다 뉴진스 뭐라다 향수 생기 근데 느낌 뉴진스 밖에 뉴진스 하나 장르 자체 이번 년도 여름 에는 모두 무대 보다 민희진 묻다 감성 뉴진스들 나이 보여주다 자다 민희진 추구 감성 인게 맞다 아이돌 문화 10 대다 20 대다 아니다 아이 부모 감성 역시 직장인 결과물 민희진 울림 주네 비눗방울 만들다 방법 켜다 까지 기다림 회수 겁나다 자다 나오다 예능 홍보 프로모션 외국인 버프 이번 거의 순수 한국 인들 유지 근래 이렇다 자다 없을껄 혜인 비눗방울 만들다 아르 켜다 고맙다 오다 독기 서사 뉴진스였음 보다 듯이 miss new jean loved ditto bubble gum vibe 디토 그렇다 버블 뮤비 보다 향수 건드리다 근데 이제 그게 절대 다시 돌아가다 시절 이라 눈물 좔좔 거임 나이 에만 느끼다 현재 기록 해주다 뉴진스 정체 성인 뉴진스 아이 상처 받다 해주다 another summer without newjeans summer without 디토 학교 메인 라면 버블 여름방학 이야 뮤비 보다 힐링 돼다 뉴진스 청춘 계속 보다 티져 숏층 홍보 하나 프모 뮤비 공개 인데 하루 만에 천만 돌파 실화 힘들다 이기다 진성 라이트 많다 응원 혜인 비눗방울 만들다 아르 켜다 아직 기다리다 놀다 찍다 귀엽다 깨어나다 싶다 일단 이번 뮤비 연출 아니다 그냥 뉴진스 일상 찍다 좋다 정화 느낌 뉴진스 응원 걸그룹 댓글 달다 어렵다 시기 시간 흐르다 지다 근데 하이브 뉴진스 광고 해주다 쇼츠보 뉴진스꺼 심지어 예전 찾아보다 eta 티저 끝임 국힙 뉴진스 뉴진스 언제 뉴진스 분명 경쾌하다 노래 어딘가 아련하다 현재 아니다 추억 꺼내다 보다 이라 런가 이렇다 컨셉 으로는 뉴진스 독보 이고 뛰다 넘다 그룹 당분간 나오다 힘들다 instead y2k newjeans aesthetic relies centered towards youth nostalgia girlhood coming age really unique original 뉴진스 대체 안되다 어른 욕심 깨끗하다 순수하다 아이 더럽히다 좋다 아이 어떻다 키우다 알빠아니 지만 아이 다시 돌아가다 싶다 아직도 잊다 데뷔 신선하다 충격 모두 들다 이렇다 아이돌 기다리다 much potential become even bigger already absolutely adored new jean truly wa group like group nothing banger miss 색깔 무슨 수로 이기 정품 이라 군데 명도 표정 하나 하나 어색하다 좋다 치다 누구 하나 떨어지다 튀다 귀가 뉴진스 단순하다 인기 아이돌 아니다 시대 아이콘 보다 newjeans never dy 그렇다 친구 들어오다 고맙다 이쁘다 친구,50
https://www.youtube.com/watch?v=fzSf6KaEw0s&pp=ygUJ7JuU65Oc7Lu1,월드컵을 가장한 롯데리아 컨설팅,월드컵,13460,안녕하다 김지연 친구 한테 대신 댓글 달라 쓸다 말다 종일 고민 들다 좋다 보다 감사하다 마음 댓글 보다 촬영 다리 덜덜 떨리다 정도 긴장 청심환 먹다 그랬는데 침착 께서 자다 챙기다 무사하다 자다 끝내다 통천 아름답다 심장 두근거리다 사랑 수줍다 하트 놓다 보다 으로도 롯데리아 많다 사랑 부탁드리다 남자 생각 사이 돈까스 끼우다 그냥 먹다 알다 자다 먹음 흐름 웃기다 때리다 오다 어떻다 질문 이든 탁탁 대답 해주다 보다 확실하다 에이스 라서 차출 롯데리아 법무 딱딱하다 분위기 잇다 저런 문서 유머 보내다 특정 부서 자다 다기 보다 전체 보기 통천 나오다 스치다 댓글 이제 누가 방송 해주다 롯데리아 누나 짧게하다 가다 게스트 천오 니까 챗창 크루 시오 도배 롯데리아 보법 남다르다 면책 허가 도르다 끄다 법무 써주다 롯데리아 감다 살이 면책 허가 서다 미치다 건가 00 이야 롯데리아 법무 통천 나오다 그때 댓글 분위기 안좋다 보다 30 31 아니다 동생 살리다 스윗 오빠 사모펀드 팔리다 주문 즉시 조리 왠만하다 시골 아니다 이상 근본 자체 26 40 야인시대 이후 부로 넘어가다 가장 크다 분노 실망 느끼다 누나 연애 질리다 스타일 이구나 면책조항 보고 솔직하다 놀라다 파격 이라 생각 김지연 사원 보기 사람 12 43 나락 감지 하고 방장 광고 방송 회사 법무 에게 끄다 받다 유튜버 45 천보 일반인 어떻다 아니다 자유롭다 라고 소리 가능 조항 만들다 왤케웃김 마케팅 사원 나오다 정도 일부러 얼굴 마담 보내다 한번 부활 시키다 갈비 버거 가다 그리다 죽다 한번 출시 먹다 보다 소원 27 32 통천 팝업 놀다 가다 실물 뵙다 같이 사진 기회 튜브 그대로 튀어 나오다 이상 한계 두다 근본 아니다 롯데리아 마케팅 직원 왜케 이쁘다 미쳣 퍼컬 선생님 그렇다 롯리 직원 그렇다 선생님 까지 아저씨 청년 여성 과의 조합 웃기 꺼드럭무례 사람 가리다 증명 해주다 57 도대체 붙이다 놓다 우리 롯데리아 많이 사랑 해주다 새우 버거 불고기 버거 등등 햄버거 굵직하다 혁신 롯데리아 나오다 오다 누님 피부 하얗다 예쁘다 32 쌓이다 16년 도부터 에스 모짜렐라 인더 버거 5년 동안 반려 당하다 개발 망하다 퇴사 출시 대박 치고 개발 앤디 사원 임원진 하고 버거 승인 나다 오다 롯데리아 언니 어깨 마저 이쁘다 롯데리아 차다 좋아하다 2011년 철원 군생활 휴가 복귀 외박 나가다 오다 수리 에는 항상 롯데리아 든든하다 요즘 니까 거저 많이 들어오다 다르다 모르다 치킨 버거 만큼은 롯데리아 크리스 최고 라고 생각 버거 들다 생각 롯데리아 크리스 버거 한번 들다 보다 개인 취향 으로는 징거 싸이 보다 롯데리아 사랑 돼다 모델 시키다 소리 막다 시키다 오다 마케팅 두다 싶다 그냥 연애 프로 하나 나가시 플루 서로 평생 먹다 사다 근데 어이없다 정도 예쁘다 직원 연애 워드 꺼내다 술렁이다 장내 이렇게 편하다 영상 얼마 인지 예쁘다 나오다 롯데리아 존나 호감 미치다 이쁘다 29 16 시점 영상 멈추다 롯데리아 주문 침착 영상 엄청 많이 보다 아니다 이렇다 영상 보다 느끼다 아니다 동생 통천 되게 많이 생각 뭔가 상처 받다 그렇다 분위기 흘러가다 흐름 조절 하고 그렇다고 부담 스럽게 챙기다 적당하다 사랑 주다 절대로 썸네일 보고 오다 롯데리아 근본 메뉴 유러 피안 프리코 치즈버거 인데 롯데리아 분들 조심하다 남자 광고 한번 받다 약하다 그렇다 간사하다 남자 아니다 솔직하다 해주다 매력 나가다 롯데리아 광고 모델 롯데리아 먹다,50
https://www.youtube.com/watch?v=gJuDdamvZ6M&pp=ygUJ7JuU65Oc7Lu1,"[MBC 한일월드컵] 2002년 6월의 함성, 대~한민국",월드컵,28448,대한민국 나라 허락 유일하다 마약 2026년 보시 22년 지나다 2024년 에도 보고 보다 사람 미치다 장례식 장이 축제 장이 버리다 유교 나라 가능하다 일인 크다 리스 상한 마음 히딩크 치유 하고 가다 언제 월드컵 직접 보다 우리나라 경기 사다 아버지 이미 매진 이라 그래도 크다 기보 강경 기표 사다 그게 우리나라 독일 경기 돼다 가족 에게 좋다 추억 만들다 아버지 하늘나라 언제나 평안하다 19년 지난 금은 2021년 보다 사람 2002년 한일월드컵 평생 절대 잊다 한편 영화 국민 기쁘다 하나 그때 그리다 2025년 에도 보다 사람 유상철 오늘 고인 고맙다 당신 행복 잊다 고맙다 극락 왕생 유상철 감독 삼가다 고인 명복 비다 우리 에게 2002년 월드컵 강의 신화 선물 주다 감사하다 오늘 유상철 감독 돌아가다 고생 명복 비다 감독 벌써 23년 전이네요 2025년 에도 보다 신분 볼때 마다 행복하다 솔직하다 응답 2002 나오다 다시 돌아가다 싶다 이유 하나 지금 보다 좀더 젊다 엄마 아빠 그렇게 좋아하다 모습 한번 보고 싶다 살다 어떻다 월드컵 다시 겪다 해도 2002년 한일월드컵 여름 절대 잊다 만의 분위기 열기 기쁨 감동 단군 이후 우리나라 국민 가장 행복하다 기간 이라는 수식어 전혀 과장 아니다 지금 다시 보다 목숨 걸다 보이 눈물 정도 감동 대단하다 당시 넣다 아파트 동네 울리다 아직도 기억나다 치킨 많이 시키다 먹다 쿠폰 최단 기간 찍다 치킨 배달 아저씨 오다 마다 티비 보다 잔돈 늦다 주다 단체 맞추다 마냥 놀이터 가면 빨갛다 투성이 역사 사건 전후 많다 바뀌다 한국인 자신감 국민 생기다 이후 국제 무대 뛰어나다 활약 한국인 많아지다 2024년 보다 사람 우리나라 매일 축제 하루하루 나이 39 벌써 22년 전이나 거리 응원 특히 이태리 넣다 동시 울리다 펴다 우와 아아 소리 길거리 에는 새벽 대한민국 외치다 대고 다시 경험 행운 2002년 월컵 죽다 생생하다 마등 처럼 스치다 지나가다 2002년 우리 큰아들 태어나다 응원 소리 자다 놀래다 깨다 그랬는데 아이 지금 축구선수 열심히 운동 중이 아들 다시 그때 다시 이루다 바라다 히딩크 기록 아직 까지 깨지다 그저 놀라다 대단하다 온나라 들썩들썩 축제 분위기 애국심 자긍심 행복하다 달이 엇음 저런 소중하다 기억 이런 오다 국민 함께 응원 웃다 그때 감정 한번 느끼다 보다 2002 국뽕 아니다 투지 뛰다 보이다 체력 미치다 넘어지다 엄살 피우지 일어나다 까지 따라잡다 보다 미치다 맞다 평생 2002월 드컵같은 월드컵 다시 한번 경험 레전드 영상 볼때 마다 댓글 생각나다 유툽 망하다 까지 보다 년도 보다 물어보다 벌써 21년 전이네 행복하다 29 05 눈빛 보다 남자 유상철 감독 어리다 보다 2002년 월드컵 이지만 감독 활약 아직도 잊다 만큼 강렬하다 기억 숨쉬다 수고 많다 에선 편하다 쉬다 가난하다 그때 10 살의 엄마 경기 마다 붉다 악마 태극기 붙다 나르다 데려가다 항상 작전 김밥 팔다 에게 어떻 직관 선물 엄마 상암 월드컵경기 경기 어느 인지 기억 가물 김밥 판돈 암표 해오다 막상 가다 우리 자리 사람 그래서 계단 앉다 보다 일어나다 사람 보다 엄마 지금 생각 그때 희다 에너지 엄마 마음 2002 떠올리다 눈물 부터 나다 한번 빼다 모두 광화문 보다 넣다 마다 눈물 흘리다 입다 웃다 그때 잊혀지다 48 표정 보다 누가 와도 무섭다 우리 훈련 존나 빡시다 덤벼 이렇다 느낌 특히 박지성 2021년 에이거보러온사람 2002월 드컵 겪다 한국 사람 이렇게 넘다 자다 사람 인지 처음 알다 그게 마지막 수도 요즘 한테 2002월 드컵 분위기 얘기 거짓말 안다 그냥 지하철 타다 짜다 짜다 짜다 짜다 짜다 박수 치면 사람 대다 민국 외치다 얘기 믿다 월드컵 달동 그냥 5천만 미치다 보다 25년 에도보는사람 29 04 오다 김태영 눈빛 의지 다짐 이고 멋지다 지금 보다 울컥울컥 이렇게 기억 선명하다 십년 지나다 믿어지다 국민 하나 그렇다 다시 오다 2020년 2월 29일 영상 다시 올라오다 생각 해봤다 코로나 어려워지다 오늘 다시 한번 우리 보다 히딩크 한마디 대한민국 세계 놀라다 예견 그저 라울 18 25 유상철 건강하다 모습 그리다 가슴 아프다 지금 2024년 인데 으로도 보다 사람 그리다 2002 월드컵 자체 그리다 다기 보다는 시절 그립다 오늘 차다 기분 우울하다 물다 2002년 월드컵 영상 보다 보다 행복하다 20 살이 되어다 시절 많다 열정 시절 영상 보고 있으닌깐 행복하다 다시 느끼다 시절 조금 그리다 기도 이탈리아전 전쟁 자체 이탈리아 거구 맞짱 수비 맞서다 전혀 밀리 몸싸움 대박 축구 공간 만들기 서다 몸싸움 필수 불가결하다 만약 일본 이탈리아 거치다 만나다 해더골 겁나다 먹다 실신 이탈리아전 대한민국 국가대표팀 투지 다시 한번 존경심 겪다 보다 천운 타고 나다 즐겁다 국민 행복하다 라고 김남일 안정환 이동국 등등 인물 좋다 선수 인기 많다 송종국 하나 넣다 영웅 하나 하나 그냥 올림픽 금메달 영웅 들이다 이름 지워지다 홍명보 스페인 전인 승부차기 넣다 미소 짓다 기억 남다 행복하다 힘드다 일이 지도 모르다 지금 니까 황선홍 잘생기다 수십 보다 함성 지금 소름끼치다 다시 한번 함성 영광 다시 오기 국민 하나 그날 지금 코로나 어렵다 경제 이기다 바라보다 대한민국 모든 우리 국민 화이팅 우리 생애 이렇다 다시 오지 2002년 고조선 이후 한민족 역사상 최고 행복하다 21 25 안정환 잘생기다 보다 대한민국 어디 가도 강제 축구 시청 터지다 아파트 단지 울리다 응원 빨간색 두건 이나 그렇다 강제 빨간색 착용 가끔 2002년 생이라고 깜짝깜짝 놀래다 36 58 이장면 방송 틀어주다 광고 쓰이다 수천 번은 보다 2002 월드컵 지금 잊혀지다 20년 지나다 아니다 지나다 평생 순간 기억 남다 아마 당시 계시다 감동 생생하다 느끼다,50
https://www.youtube.com/watch?v=gRs41rOPvx8&pp=ygUJ7JuU65Oc7Lu1,[축구국가대표팀 친선경기] 대한민국 vs 코트디부아르 풀 하이라이트,월드컵,8966,중미 까지 대표팀 모든 순간 쿠팡 플레이 오스트리아 vs 대한민국 4월 1일 오전 3시 15분 월드컵 처참하다 치다 발리다 개추 한국 축구 재밌다 보다 생방 중계 보지 개운하다 자다 유튜브 하이라이트 보다 홍명보 역대 정이 가다 대한민국 축구 국가대표팀 옛날 에는 모으다 기도 보기 도하 넣다 아깝다 찬스 먹히다 찬스 등등 볼때 소리 지르다 가슴 이며 보다 이제 아무 감정 없이 보고 먹히다 그렇다 그냥 먹히다 긴장감 한국 축구 역사 매치 000 번째 경기 비극 장식 58년 동안 살다 이렇게 기대 안되다 월드컵 처음 겪다 보다 홍띵보 속마음 골대 맞추다 들어가다 이라서 경기 축구 모르다 관심 생각 월드컵 물건 가다 홍명보 정몽규 존재 한국 축구 희망이 그렇게 비판 받다 먹다 자리 버티고 현실 양심 들이다 다급하다 손흥민 이강인 넣다 모르다 너희 해주다 라고 생각 홍명보 개추 좋다 결과 정몽규 홍명보 손잡다 꺼지다 기득권 욕심 황금 세대 낭비하다 크다 리스 쓰레기 아직도 국대감 잇다 라울 기대다 이건 이상 이네 후반 브레이크 타임 아무 치다 하고 그냥 돼다 표정 하고 오또케 또케 가만히 모습 보다 그렇다 브레이크 타임 집중 흐려지다 인터뷰 보다 당신 그냥 감독 사람 아니다 하이라이트 지금 보다 우승 가능하다 역대 몽규 명보 제발 나가다 근데 몽규 다시 뽑다 축협 들보 아직 월드컵 기대하다 사람 명보 감독 포기 정신 차리다 치가 멀다 화도 나다 자다 차지 내보내다 어렵다 시대 국민 들다 세금 낭비하다 내지 말고 출전 좋다 그렇다 가지 어렵다 국민 한테 도움 주다 좋다 경기 모르다 댓글 보다 오다 개추 1000 번째 경기 기념 띵보 내성발톱 역습 무능하다 부도덕하다 정몽규 부정 채용 인맥 축구 홍명보 한국 축구 후퇴 시키다 차라리 월드컵 광탈 하고 갈이 월드컵 올해 인가요 보다 감독 평가전 이든 축구 보다 아니다 상대 주전 아니다 홍명보 인맥 수비 인가 놀라다 경기 니까 코트디부아르 으로까지 늘다 이기다 생각 개처 바르다 지다 들다 당황 보이다 골차 기쁘다 코트 우리 격차 많이 이랑 모습 이네 월드컵 어케 가다 대다 망신 당하다 말고 기권 포기 좋다 홍명보 이번 평가전 골대 맞추다 연습 긍정 결과 흥민 마지막 월드컵 역대 최대 감독 맞이 한다는 최악 내일 실험 한국 축구 재밌다 보다 생방 중계 보지 개운하다 자다 유튜브 하이라이트 보다 선수 오다 선수 결정 이랑 패스 수비 수준 보다 부레 홍명보 문제 아니다 부레 나중 넣다 많이 좋아하다 코트 축구 자주 보다 장면 월드컵 확정 개인 우리 모두 좌절 개월 남기다 두다 실험 감독 보다 월드컵 3년 남다 아니다 개월 남다 경기 로는 경기 남다 빡치다 지고 피치 서서 전술 지도 라도 수정 아무렇다 노력 안함 그저 앉다 아모 보다 재앙 감독 특징 그저 싸움 지다 전술 굽히다 싫다 그렇다고 수정 모습 보이다 전술 다시 지도 지다 느낌 들다 그냥 놓다 버리다 빡치다 입장 에선 연봉 싸다 하나 옛날 에는 기대다 설레다 국제 대회 코로나 거치다 정치 경제 사회 삽질 해대 이제 스포츠 까지 비슷하다 우리 나라 대한민국 국운 점점 지다 가다 멍청하다 과묵 포장 인생 이란 댓글 보고 감탄 명보 처참하다 다시 보다 돼다 기쁘다 개판 분전 감스트 명보 인터뷰 예측 웃기다 강팀 코트디부아르 전쟁 멈추다 사나이 디디 드록바 나오다 조회 수가 100만 넘다 들다 이번 월드컵 관심 들어오다 바로 지휘 클럽 버리다 나르다 버리다 대표팀 운영 1000 번째 매치 성과 니까 그냥 본선 각오 하고 돌아오다 양현준 헤딩 보다 우헤헤헤 월드컵 보다 괜시리 설치다 필요 좋다 좋다 계속 박살 버리다 이랑 축협 까지 완전 갈아 치우다 이제 축구 관심 유튜브 보다 알았넹 결과 방금 알다 아니다 멀다 무어 몇번 돌리다 보다 방글라데시 저런 실수 오랜 귀하다 보다 홍명보 사퇴 어차피 홍명보 거기 감독 교체 만으로는 크다 의미 대가리 몽키 바꾸다 야하다 영상 언제 나오다 어디서 나오다 아시 대한민국 자기 버리다 홍명보 12년 만의 복수,50
https://www.youtube.com/watch?v=ghrlZIMDzbM&list=RDghrlZIMDzbM&start_radio=1&pp=ygUJ64m07KeE7IqkoAcB,Hype Boy,뉴진스,1075083,girl could genuinely far bro 보다 개다 뉴진스 보다 으로도 보다 다른 노래 듣다 넘어오다 전주 부터 다르다 체급 느껴지다 want danielle back newjeans five come back chemical hype girl newjeans never die five nothing 아직도 노래 처음 들다 잊다 솔직하다 노래 로는 못깜 독보 적임 아이돌 역사 이남 명곡 들다 안질리다 danielle new jean 보이다 다가 아니다 응원 사람 많다 알아주다 노래 발매 무려 3년 이나 지나다 하나 질리 오히려 악기 하나 하나 파고들다 세련되다 음악 뉴진스 보이 오다 여름 진심 너희 응원 희다 대의 명곡 몇번 들다 안질리다 들다 마다 지난 눈뜨다 잊다 부분 멜로디 좋다 언제 어디서 들다 2022년 여름 데려가다 노래 보이 레전드 었는데 벌써 추억 이야 뉴진스 돌아오다 믿다 힘내다 얼른 돌아오다 이런 노래 나오다 전설 시작 릴리 이후 한번 질리 매번 들다 마다 로움 진심 이상 혁신 케이팝 부분 경신 60 에도 들다 miss era 데뷔 이라는 안되다 miss huhu 민희진 기죽다 newjeans never dy 신곡 내주다 제발 언제 어도 좋다 더워지다 보이 들다 다시다 레전드 데뷔 앨범 뉴진스 네버 다이스 보이 들다 방씨 아이돌 프로듀서 자질 건가 의심 정도 justicefordani newjeans five forever 들어서다 응원 불후 띵곡 뉴진스 앨범 나오다 그때 행복하다 매일 헬스하 듣다 뉴진스 아이돌 덕질 뉴진스 대체 언제 질리다 오기 생기다 계속 듣다 돌아오다 뉴진스 기다리다 listening make emotional newjeans got kpop first ever kpop group stanned gone forever iconic newjeans love miss newjeans soooooi much 가수 없어지다 노래 남다 miss hype boy vibeeee hype boy almost 1m like,46
https://www.youtube.com/watch?v=haCpjUXIhrI&list=RDhaCpjUXIhrI&start_radio=1&pp=ygUJ64m07KeE7IqkoAcB,NewJeans 'Ditto' Lyrics (뉴진스 Ditto 가사) (Color Coded Lyrics),뉴진스,157909,newjeans five born say newsjeans comeback forced say newjeans come back hanni hyein got nothing lose addicting satisfying new jean never die ditto season today kicked danielle hyein voice first chorus chef kiss 디토 계절 오다 newjeans never die 노래 듣다 싶다 느낌 모르다 디토 전설 하니 음색 미치다 fact danielle middle hyein vocal insane new jean without baby danielle newjeans never die newjeans five hyein voice amazing always hyein vocal insanely magical hyein voice soothing 특별하다 색깔 가지다 뉴진스 잃다 싶다 hyein vocal one gave goosebump omg got ta say stand good way industry hyein got killer part delivered proud song changed life whoever picking song great job hyein maknae yet ha mature voice newjeans never die danielle live hyeins vocal haerins deep voice insane love voice 56 good ahhhh 뉴진스 디토 신비하다 잔잔하다 노래 언제 들다 보누 glad nwjns debuted concept set aside everyone else hyein ha charming voice vocal top notch miss newjeans 혜인 음색 좋다 time kpop music begin saturated really breath fresh air edit 2026 still yearning hear voice new song song made god count number time song ha loop since release new jean ha solid discography irdk seasoning put song coz addictive came cry found danielle gone new jean discography insane court announcement whatever say always love girl ditto season signature nj voice hyein voice kind giving lot attitude confidence haerin voice kind intricate sensual hanni voice sweet feminine dani voice bright kind disney like minji voice kind low registered hip actually best vocal depends taste haerin carrying lot emotion lowkey way sensual mean giving comfort sens feeling thus make like whoever think adult mind checked since filthy see thing pure way song everything know needed feel real strong message newjeans music make feel something never felt music industry impressed hyein voice hanni danielle well always hyein got time looooooooooose addicting concept laid back energetic time different overly vibrant kpop tradition really stand bright future im happy girl wish song like cool need argue wa praise comment 55 make feel something baby maknae hyein versatile perfect vocal,49
https://www.youtube.com/watch?v=hc32lb0po9U&list=RDhc32lb0po9U&start_radio=1&pp=ygUJ64m07KeE7IqkoAcB,NewJeans 'OMG' Lyrics (뉴진스 OMG 가사) (Color Coded Lyrics),뉴진스,121771,hanni vocal english accent sound good hanni chorus sound addictive hanni voice 새해 틀다 오다 들다 2025년 행복하다 수고 46 부분 부터는 자꾸 돌다 듣다 비트 완전 찰떡 hanni vocal sweet sings well love hanni haerin voice 45 love part 4월 30일 주목 hanni vocal perfect hanni amazing hanni opening line get hyein voice unique ha characteristic hopefully next song get lot singing line take back era newjeans wa still member girl group hanni daniellle great always really need minji husky vocal haerin vocal addictive diving hanni voice newjeans disbanded take back omg era 행운 아가 신분 hanni song hyein play voice want thats incredible hanni steve job slayyedd 00 minji sings addictive 23 im still obsessed partt 30 비트 바뀌다 부분 미치다 hanni voice sweet hanni slayed 이건 이미 전설 이야 힘들다 기운 나다 concept music cool hanni really slayed chorus hard explain fresh music sound almost like feeling discovering pop first time pop newjeans really set bar high year sound distinct miss dani 내가 가장 좋아하는 부분 걱정 없잖아 cause got someone 혼자라도 괜찮아 cause love someone 23 dani eating huh voice pretty haerin hyein chorus addicting part song already year feel nostalgic miss newjeans hyein amazed vocal much slaying haerin slayeddd omfggg new jean okay already uploaded new jaeguchi done uploading lyric hanni voice 공식 뮤비 댓글 막다 여기 남기다 놓다 여지 minji baby part addictive hanni slays chorus love voice muchhh 노래 미치다 조음 뉴진스 민희진 사랑 사랑 miss girl 45 ador right ting making hanni danielle part,48
https://www.youtube.com/watch?v=ibeNOi17H-0&pp=ygUM7J246rO17KeA64ql,“AGI시대 열리나”.. 삼성과 엔비디아도 투자했다. 전세계를 패닉에 빠뜨린 AI로봇 ㄷㄷ,인공지능,10048,영상 나오다 행사 아래 링크 참가 무료 행사 니까 많이 참여 해주다 금토 일이 라서 데이트 가시 테크 서울 2025 entertech seoul 2025 vr 콘서트 부터 버추 아이돌 까지 눈앞 펼쳐지다 미래 19 fri 21일 sun 동대문 디자인 플라자 ddp 사전 예약 신청 우리나라 기업 항상 응원 하고 존경 우리나라 살길 기술 보유 라고 생각 삼성 메모리 반도체 자다 이미 엄청 오래전 전장 센서 돌리다 메모리 요즘 부진하다 다른 들이다 보다 사람 이미 알다 이제 라도 이렇게 자세하다 쉬다 알려지다 속이다 시원하다 으로도 화이팅 삼성 이제 소니 어깨 견줄정도 티어 센서 회사 된거 삼성 어떻다 바뀌다 계속 지켜보다 정부 멀다 이라고 빼먹다 많다 규제 위주 것임 음으로 양으로 많이 배우다 고맙다 광고 보다 모르다 보다 부분 이지 백미 치다 화성 에는 사람 보내다 아니다 로봇 먼저 보내다 건설 보다 이후 사람 가야 7억원 규모 프로젝트 따내다 연구 학생 에게 투자 교수 혼자 참치 20만원 참치 치다 먹다 거래 상사 뒷돈 커미션 이나 받다 치다 먹다 꿍꿍 이니 어디 쓰다 행정 감시 만하 린다 로봇 로봇 관리 놀라다 00 대학원 다니다 국책 과제 해보다 공감 에는 행정 처리 시간 다가 결국 남아 늦다 연구 결과 내야 도중 계획 서다 제출 제품 말고 다른 좋다 제품 발견 구매 해도 행정 처리 극헬 명문 지방 차이점 크게 느끼다 저리다 후회 명문 산학 행정 처리 알다 해주다 주류 이외 희생 시킴 두렵다 체제 직진 가능하다 삼성 키우다 이건희 회장 께서는 말씀 우리나라 많다 규제 홍콩 보아 서울특별시 보다 작다 훨씬 많다 부자 생기 그게 규제 서다 미천하다 문과 지만 영상 상호 간섭 원리 통찰 구진 천재 느끼다 대단하다 우리나라 가장 크다 단점 세계 최초 증명 안되다 지원 하고 만일 그게 미국 이나 서양 불가능하다 지원 자체 마지막 메세지 격하 공감 영상 이랑 별개 내용 수도 설명 점점 느시 좋다 영상 감사 드리다 자다 보고 가요 마지막 공감 재밌다 수고 우리나라 행정 학습 의하다 그렇게 규제 소명 중요하다 되어다 생각 세금 먼저 갖다 자가 임자 라는 생각 부정부패 빼돌 리기 만연하다 수많다 규제 생기다 한국 더욱 발전 창조 파괴 절실 국가 기존 획일 관료 제도 부터 깨다 창조 파괴 필요하다 균일하다 사회 평등 보다는 개인 자유 우선 사회 풍토 제도 시스템 미래 선도 혁신 창조 만들다 내다 생각 되어다 지다 쓸데없다 서류 규제 혁신 저해 달다 우와 엄청 좋다 정보 반갑다 농사 로봇 필요하다 우리 국가 오늘 아침 귀하다 영상 보고 감사하다 ai 발전 따라가다 노력 시니어 로서 정보보호 기능 초보 학습 부터 시작 영상 감사하다 개인정보 관리 스스로 모든 발전 도덕성 교육 붙다 다니다 ai 가다 가능하다 ai 에게 호기심 스카이 는가 빨다 빨리 가상현실 게임 이나 만들다 과거 누군가 유흥 이랑 사적 사용 막다 겠다 좋다 말씀 동갑 지금 까지 멀다 이라고 여기다 도둑 많다 그렇다 거지 이야기 따다 새다 아쉽다 모방 아니다 경험 학습 시키다 놀랍다 뭔가 새롭다 학습 방법 나오다 스킬 ai 지향성 궁극 ai 가깝다 보이다 좋다 영상 자다 보고 엉뚱하다 얘기 지만 유튜버님 목소리 박명수 차다 비슷하다 그래서 그렇다 들다 멀다 이라고 쓰다 불상 사르다 막다 위함 국민 세금 이니 아기 비유 순간 섬찟하다 ai 로봇 진화 두렵다 agi 화이팅 에스 오디 화이팅 삼성 화이팅 micro management best 크다 멘트 어떻다 저렇게 적절하다 자다 찾다 건지다 많이 보다 로봇 축구 대회 보다 로봇 선수 11 심판 로봇 카메라 로봇 드론 로봇 var 로봇 볼보이 로봇 까지 재다 누구 큰일 나다 생각 들다 영상 티칭없 혼자 학습 하고 진행 산업 멸종 범용 갖다 ai 소프트웨어 프레임 만들다 목적 어차피 이르다 구현 하드웨어 역시 발달 컴퓨터 처음 부터 실체 부터 나오다 아니다 이론 부터 구축 만들어지다 처럼 그래서 예전 부터 신경망 구성 이라든지 지식 기반 인공 지능 이라든지 여러가지 프레임 나오다 내용 좋다 목소리 좋다 인상 좋다 나무라다 눈감다 듣다 제스처 부담스럽다 습니다 가만히 안되다 엄청 공감 감사하다 배우다 클라우드 서로 공유 하고 즉각 업그레이드 무시무시하다 성능 마치 엑스맨 데이즈 오브 퓨처 패스트 나오다 로봇 센티넬 연상 여기 스타 링크 까지 연결 ai 늘다 대단하다 안경 어울리다 학교 로봇 과학 특별활동 지원 많이 바라다 네거티브 응원,47
https://www.youtube.com/watch?v=jOTfBlKSQYY&list=RDjOTfBlKSQYY&start_radio=1&pp=ygUJ64m07KeE7IqkoAcB,NewJeans (뉴진스) 'ETA' Official MV,뉴진스,1548838,imagine partner cheat homies drop absolute bombastic banger song tell know whether cry dance lost brightest group kpop brought fun light first summer without newjeans probably apple best ad 애플 광고노래 알다 21 세기 최고 힙합 대하 역시 세계관 장인 sm 출신 오랜 해석 재밌다 장난 스럽게 엮었던 아니다 eta 가다 이제 이상 물러나다 가다 맞다 danielle really hurt say goodbye gave many beautiful moment smile memory carry forever even thing change place heart never disappear thank hard work warmth light hope okay surrounded love always part story 혜진 엄청 혼나다 그날 민지 부르다 민희진 민지 한테 가장 애착 많다 자아 투영 이미 민희진 세계관 감겨 버리다 재밌다 사이비 논란 진실 이든 아니다 민희진 대중 에게 떡밥 던지다 시간 순간 부터 하이브 지다 애플 광고인 이유 애플 대기업 광고 뮤비 쉬다 내리다 애플 방패 삼다 이렇다 하이브 디스곡 give danielle back 오다 발매 당시 대부분 여론 부분 가사 짜다 치다 지금 보다 잘쓰다 오다 근데 대중 민희진 전하 싶다 모르다 민희진 어케 돼다 혜진 민희진 지원 박지원 여친 여자친구 그룹 생일 파티 뉴진스 데뷔 작사 빈지노 방시혁 싫어하다 칼국수 언론 보도 많이 난리 상황 기사 올라오다 소름 북한 살다 대중문화 순수 예술 처음 들다 가사 뜬금 싶다 지원이 여친 이랑 헤어지다 losing one member like losing whole body part hurt much never unless complete 음악 하이브 저격 예술 전하 민희진 예술 pop 찌다 힙합 들어오다 민희진 신변 보호 진지하다 생각 지원이 여친 이랑 헤어지다 그날 완전 저격 인데 newjeans five 리얼 힙합 지원이 지원 이냐 데뷔 파티 그날 희다 엄청 혼나다 그날 지원이 여자친구 헤어지다 그날 know hybe label lost one greatest group history pop 이제 오다 다시 들다 보다 그날 무슨 날인 이해 오다 파면 수록 계속 소름 돋다 뉴진스 민희진 어떻다 싸움 상상 간다 이건 영화로 나오다 newjeans hood classic miss much getting bigger bigger day hybe dropped ball 뮤비 내용 복수 인데 찌다 상황 이용 복수 이야 뉴진스 관찰자 역할 소름 서사 미치다 아니다 앨범 숨기다 스토리 같이 기대 eta 늘다 해외 보내다 독립운동가 서신 이네 실명 거론 지원 여친 역대 디스곡 만큼 애플 협업 신변 보호 해외 알리다 근데 지우다 댓글 뉴진스 데뷔 부터 지금 까지 버티다 고생 독기 newjeans miss much 21 세기 최고 디스곡 디스 가사 항상 다니엘 부르다 이유 omg 뮤비 보다 여기 까지 와버렸넼 솔직하다 텐션 보이 나오다 대중성 갑자기 omg eta 부터 뭔가 가사 부터 난해하다 생각 이유 서사 대박 도파민 터지다 지원이 지원 이라니 민희진 천재 맞다 뉴진스 아이폰 애플 감성 직관 아무리 따르다 해도 나오다 디스 이렇게 리얼 힙합 지원이 여친 여자친구 헤어지다 그날 해체 승소 기념 오다 생일 파티 그날 뉴진스 데뷔 축하 파티 방시혁 혜진 희진 엄청 혼나다 그날 하이브 깨지다 민희진 지원이 여친 이랑 헤어지다 그날 여자친구 그룹 해체 시키다 박지원 언제나 없이 그날 항상 뉴진스 안중 에도 하이브 멋있다 입다 그날 세라핌 이라는 정신 차리다 방시혁 다시다 real hiphop 독기 뉴진스 빈지노 의심 goat 참고 방시혁 빈지노 한테 밀면 아이돌 데뷔 시키다 일화 유명하다 외국 일이 조금 퍼지다 지금 트위터 보다 어떻다 민희진 가운데 민희진 중심 뉴진스 멤버 안고 그림 그림 외국인 상황 모르다 옹호 그림 리트윗 인용 다시 계정 올리다 부가 설명 처럼 붙다 쓸다 민희진 엄청 그림 리신 영어 사태 완벽하다 정리 리심 점점 옹호 사람 줄어들다 점차 민희진 제발 안전하다 계세 저희 당신 믿다 제발 살다 삭제 막다 많이 뜨다 줄다 변기 넣다 내다 worried bout quality future comeback 숨기다 내막 나니 민희진 자신 모든 잃다 각오 싸우다 방시혁 하이브 넘다 수많다 거대 세력 까지 개인 이렇게 곱다 분투 싸우다 용기 뉴진스 지키다 마음 나오다 설명 안되다 여러 모로 대단하다 사람 데뷔 치다 주위 안되다 방해 그렇다 이라도 별의별 생각 들다 은애 고생 시키다 싫다 이제야 퍼즐 맞추다 같이 omg 스밍 사건 번역 퍼트 리기 댓글 삭제 좋다 누르기 민희진 하이브 소속 아티스트 분들 지키다 저희 해보다 같이 여자친구 급작 스럽게 해체 시키다 뉴진스 데뷔 미루다 이유 그룹 하이브 걸그룹 싶다 어서 아니다 싶다 뉴진스 데뷔 여친 재계약,50
https://www.youtube.com/watch?v=jUNz-uTF--E&list=RDjUNz-uTF--E&start_radio=1&pp=ygUJ64m07KeE7IqkoAcB,[단독샷캠4K] 뉴진스 'Ditto' 단독샷 별도녹화│NewJeans ONE TAKE STAGE @SBS Inkigayo 230115,뉴진스,262179,그룹 찌다 대체 불가능하다 진심 빡치다 이렇게 완벽하다 그룹 공백기 갖다 보다 만들다 하이브 가장 크다 죄악 디토 어떻다 노래 주지 뭔가 뉴진스 보다 노래 들다 22년 겨울 회귀 솔직하다 오래되다 이렇게 옛날 아련하다 care everyone say want new jean back much vocal performance always something look forward watch bring back newjeans watching knowing danielle group anymore sad forever ot5 miss danielle 어느덧다 디토 계절 오다 보다 뉴진스 want newjeans original creative team back 뉴진스 전설 지금 보다 촌스럽다 뉴진스 나오다 흐르다 시간 아깝다 재능 이제 이렇다 감성 나오다 케이팝 법적 문제 모르다 뉴진스 음악 듣다 레트로 스럽지 뉴진스 겨울 춥다 겨울 디토 들다 잇다 newjeans always 노래 벌써 2년 노래 라니 시간 차다 빨리 간다 빨리 뉴진스 돌아오다 주다 좋다 솔직하다 썸네일 회수 300만 견인 기자회견 보고 신분 이제 다시다 이렇다 나오다 생각 라니까 슬픔 최근 동안 이만 예쁘다 학생 선정 이지 이렇게 이쁘다 청량하다 무대 만들다 나이 먹다 아줌마 아이돌 무대 찾아보다 민희진 기자회견 보다 컨셉 정해지다 어느 그룹 이나 뉴진스 만의 느낌 누구 대체 불가 처음 뉴진스 보다 감정 도저히 잊다 너희 언제나 최고 소녀 이야 이렇다 아이돌 잃다 국가 손실 그냥 순수하다 시절 그리움 new jean never die 진심 들다 빨리 나오다 좋다 만큼 충격 그룹 아직 까지도 뉴진스 특별하다 무언가 지금 속상하다 디토 지금 듣다 아끼다 겨울 들다 찌다 오늘 따르다 뉴진스 보다 들다 디토 질리다 보다 pretty baby im sorry world fair 파다 썸네일 예쁘다 오다 miss newjeans 디토 케이팝 역사 길이 길이 다니엘 목소리 좋다 힐링 복귀 환영 뉴진스 만의 감성 타다 기다리다 빨리 신곡 내주다 요새 유튜브 한테 뉴진스 그리다 옛날 라도 보라 권하다 97년 레트로 교복 첫사랑 떠오르다 디토 라는 단어 같이 나다 그렇다 자다 해결 하고 돌아오다 보다 사랑 뉴진스 걸어가다 길이 훨씬 많다 나아가다 돌다 돌아오다 뉴진스 뉴진스 화이팅 아기 상어 컴백 상관없다 무엇 가지 돌아오다 무조건 응원 돌아오다 해주다 매일 디토 그립다 하루 끝나다 happy ditto day one replace 겨울 기전 오다 여름 뉴진스 힘들다 이번 겨울 우리 만나다 뉴진스 디토 처음 듣다 충격 받다 기억 자리 50 넘다 들다 이번 앨범 하니 주인공 만큼 존재 크다 new jean,46
https://www.youtube.com/watch?v=jraYCQ0IRws&list=RDjraYCQ0IRws&start_radio=1&pp=ygUJ7JuU65Oc7Lu1oAcB0gcJCQQLAYcqIYzv,2022 카타르 월드컵❤️‍🔥 : MAGIC SYSTEM - Magic In The Air Feat. Chawki [가사/해석/lyrics],월드컵,9955,감성 다가오다 메시 아르헨티나 꺾다 사우디 스페인 독일 꺾다 당당하다 차지 일본 포르투갈 꺾다 극적 16 진출 대한민국 벨기에 스페인 포르투갈 꺾다 아프리카 최초 월드컵 진출 모로코 36년 만의 월드컵 우승하다 아르헨티나 자신 마지막 퍼즐 완성 메시 그저 goat 들다 마지막 월드컵 다가오다 카타르월드컵 11 12월 연말 겨울 월드컵 이라 기억나다 16 가다 52 니까 카타르 생각나다 2025년 보다 사람 좋다 70 감사하다 인데 가보다 생애 최고 축구 대회 였음 네이마르 one last dance 다음 월드컵 까지 1년 안남다 카타르 월드컵 부터 시간 빠르다 지나가다 2022 2025 52 다시 보다 21 발끈 10 모두 열광하다 순간 다시 카타르 생각나다 울컥 지금 듣다 사람 카타르 메시 중심 가장 드라마틱하다 월드컵 울컥 결승전 생각 호날두 강화 터지다 09 음바페 세레머니 좋다 이제 2026년 월드컵 이네 무슨 일이 성공하다 10 그리다 14년 월드컵 재미 리오넬 메시 축구 신화 완성 시키다 축구 신전 입성 배성재 캐스터 메시 아르헨티나 우승 2022년 카타르 월드컵 한국 화이팅 결승 전신 가다 최고 월드컵 벌써 월드컵 끝나다 2년 지나다 2년 월드컵 이라니 시간 차다 빠르다 영상 보다 카타르 월드컵 다시 떠오르다 노랗다 독자 7천 축하 드리다 카타르 월드컵 잊다 오다 47 노래 좋다 경기도 재밌다 월드컵 막상 월드컵 모르다 인데 한번 들다 보다 차다 좋다 중간 선방 아니다 pk 날리다 예요 지금 보다 사람 오다 벌써 내년 월드컵 낭만 다시 느끼다 싶다 마스크 쓸다 바르다 디올 보다 다시 보다 울컥 wavin flag 가다 월드컵 최애 매직 시스템 자리 먹다 버리다 멋있다 월드컵경기 역대 월드컵 맞다 사상 아시아 대륙 개국 16 진출 에다가 사우디 우승팀 아르헨티나 꺾다 기도 하고 여러가지 핫이슈 많다 더독 응원 많이 월드컵 이태원 클라스 덩이 노래 넣다 비카 리오 선방 장면 보여주다 안되다 제일 훌룡 월드컵 자랑스럽다 재미 월드컵 피모 전성기 월베 디바 써다 그것 이제 추억 이네 역사상 최고 월드컵 멋지다 대한민국 수험 생활 지치다 합격 겠다 생각 다시금 다지다 노래 듣다 카타르 월드컵 하고 쌓이다 축구장 뛰다 놀다 그리다 레전드 월드컵,46
https://www.youtube.com/watch?v=js1CtxSY38I&list=RDjs1CtxSY38I&start_radio=1&pp=ygUJ64m07KeE7IqkoAcB,NewJeans (뉴진스) 'Attention' Official MV,뉴진스,1864032,다시 보다 유니크 하고 대체 불가 그냥 갑자기 생각 newjeans without danielle newjeans five 날씨 더워지다 기세 아끼다 에어컨 틀다 어텐션 틀다 이보 시원하다 음악 find group like newjeans newjeans without danielle newjeans five honestly nothing compare girl naturality freshness creativity really hope come back maintain style 꾸다 깨우다 이제 뉴진스 케이팝 역대 서사 가지다 아이돌 이네 응원 never understood feeling refreshing real og 뉴진스 홍보 오지 돌리다 일각 주장 뮤비 나오다 순간 정확하다 기억 티저 자컨 이고 하나 나오다 다섯 구분 와중 뮤비 안무영상 대여섯 돌리다 보다 기억나다 여름 노래 생각나다 자본 자본 노래 치다 부르다 민희진 대기 까지는 흉내 조차 내다 느낌 인정 아일릿 뮤비 아일릿 뉴진스 보다 세련 돼다 댓글 보고 충격 받다 진심 인가 싶다 다시 보다 역시 퀄리티 격차 크다 카피 로는 세련 밉다 따라오다 그니까 시혁 지원 해주다 난리 성공하다 mv 라는 거지 모든 겪다 다시 돌아가다 너희 좋아하다 그냥 하이브 뉴진스 에게 어떠하다 서사 까지 부여 해주다 되어다 버리다 세라핌 데뷔전 기록 다큐 까지 내주다 대단하다 토슈즈 놓다 고온 서사 만들다 붙이다 주다 현실 그룹 찌다 서사 하이브 대놓고 자취 데뷔 밀리 어텐션 2년 연습 데뷔 뉴진스 준비 기간 민희진 서사 스토리텔링 궁금하다 이로써 완벽하다 관심 뮤비 기자회견 유입 이고 고생 만들다 그룹 인지 궁금하다 보다 수작 보다 오다 따르다 나오다 감성 아니다 대중 이나 덕후 환장하다 포인트 자다 계심 인트로 나오다 see you in my dream 이라는 노래 띵곡같다 검색 해보다 회수 3만회 노랗다 민희진 어떻다 이렇다 미치다 노래 고르다 안목 가지다 미감 미치다 밖에 설명 안되다 summer without newjeans crime btw maintained habit listening song every summertime 5th streak 2022 2023 2024 2025 2026 oh danielle missed 26년 4월 없냐 보다 솔찌키 이렇다 센세이션 기획 들고나다 오다 민씨 능력 맞다 케팝씬 어떻다 그룹 뉴진스 어텐션 이란 노래 주머니 거고 미니 jean 우당탕 그렇다 뉴진스 감성 만들다 내다 거기 하이브 거위 가르다 싶다 그냥 미니 jean 적당하다 우쭈주 해주다 데리 열사 응원 오다 다시 보다 퀄리티 미치다 민희진 천재 의장 뉴진스 희진 보내다 르핌 이랑 아이 데리 돈버세 방씨 능력 증명 뺏다 말고 계약서 사람 옭아메 비도 말다 어차피 뉴진스 으로만 보다 하이브 당신 뉴진스 언젠가 처참하다 버리다 사람 state confusion everywhere debuted nowhere never forget everyone went crazy one biggest debut date sure 민희진 그렇게 뉴진스 뺏다 머리 끈풀 날뛰다 알다 애기 이쁘다 치유 길다 길다 아이돌 그런 거지 라는 시기 대중성 이라는 다시 알다 기념비 노래 ironic cuz song called attention yet debut like hey look comfortable always like sending envite without pressure absolutely love hair natural clothes simple setting normal place attractive thought provoking world seems lovely newjeans five 민희진 승소 보고 다시 오신 계시다 love makeup vibe usually see idol little makeup mv really refreshing see girl visuals pull well 좋다 노래 세라핌 보다 조회 수가 적다 알다 프로모션 바이럴 안해 정확하다 조회 수구 싶다 분명 하이브 나오다 뮤비 인데 처음 회수 700만 천만 정도 여서 조금 의아 기억 음방 출연 터지다 뮤비 일주일 정도 먼저 나오다 feel like group friend singing dancing fun together instead dragging perfection really loved concept unique longhair girl group wa signature debut 뮤비 레전드 인데 뉴진스 데뷔 레전드 블핑 이후 에는 블핑따라 하고 뉴진스 이후 에는 뉴진스 따르다 게임 체인 like cool new kid class thing like one replicate anything vibing beat refreshing 뉴진 스무 일이 잇다 까지 기다리다 제발 그만 기다리다 해도 기다리다 뉴진스 사랑 찍다 보다 심정 어떻다 데뷔 뮤직비디오 이래서 귀하다 뮤비 보고 받다 충격 지금 잊다 무슨 뮤비 아니다 영화 한편 보다 유일 기자 보고 왓슴 뉴진스 홧팅 만큼 보다 한적 처음 보다 노랜 분명하다 케이팝 씹다 먹다 청량하다 뭔가 안개 끼다 청량임 노래 컨셉 누가 누가 힘주다 경쟁 시대 버리다 세련되다 마다 처음 보다 전율 떠오르다 오다 그냥 노래 좋다 단순하다 생각 서사 다시 오니 뭉클하다 힘내다 뉴진스,50
https://www.youtube.com/watch?v=jvjZ_eHFDT4&pp=ygUJ7JuU65Oc7Lu1,독일을 월드컵에서 꺾은 아시아 유일팀! 대한민국 축구의 희망을 보았던 2018 월드컵ㅣ월드컵 메모리즈 / 14F,월드컵,5097,손흥민 손흥민 이지만 조현우 굉장하다 이번 월드컵 그렇다 중요하다 순간 코너킥 대회 연속 고맙다 김영권 넣다 아파트 지진 알다 따다 경기 답답하다 독일 작정 하고 준비 하고 나오다 나다 물론 조현우 자다 막다 전체 경기 우리 나쁘다 마지막 경기 강팀 만큼 절대 물러서다 정신 돋보이다 오랜 이전 투혼 시대 느끼다 결과 이기다 좋다 17 37 피파온라인 세계 랭킹 피파 랭킹 이기다 역사 경기 김영권 유일하다 실력 민심 180 바꾸다 케이스 당시 관중 소음 소통 이안 돼다 발언 이후 죽다 끄다 독일 이후 여론 바뀌다 15 40 식빵 슈튤리케 보다 베다 천사 희한하다 2018년 러시아 월드컵 많다 화도 많이 나다 스토리 돌이키다 보다 최종 리그 독일 누구 예상 승리 반전 일으키다 감동 독일 한번 잡다 이번 에도 자신감 가지 만들다 원동력 되어다 신태용 트릭 독일 이기 지금 까지 보여주다 트릭 겁나다 웃기다 금보 신태용 감독 엄청 고생 에고 안쓰럽다 지경 15 47 손흥민 감다 차기 아직도 역시 빛흥민 다시 보다 스웨덴 멕시코 경기 차다 어이없이 지다 pk 상황 따르다 수도 차다 풀리다 멕시코 상황 따르다 비기다 경기 유럽 열리다 그렇다 유럽 어드벤티지 강하다 독일 손흥민 들어가다 02년 이태리 이기다 받다 감정 그대로 느끼다 독일 보내다 신태용 감독 신의한수 해외 독일 일등 판도 뒤집혔으 박주호 팀킬 패스 만세 태클 pk 헌납 감스트 태클 까지 순간 순간 레전드 장현수 장현수 레전드 이기다 에구 김민우 선수 울다 보다 마음 아프다 마음 본인 크다 14 58 아직 까지 의문 인게 파울 아니다 신태용 한국 국내 명장 독일 정성룡 절대로 대다 못이겻음 아슬아슬하다 이기다 아니다 깔끔하다 독일 굴욕 주다 이기다 경기 더욱 레전드 순간 기억 나다 특히 조현우 미치다 선방 승리 정리 왠만하다 영화 보다 훨씬 감동 이고 재다 근데 나다 자다 모르다 4년 마다 당연하다 월드컵 알다 쉬다 느끼다 월드컵 본선 진출 하고 응원 해주다 감사하다 카타르 월드컵 이고 장면 기억 추억 모두 4년 전이라니 벌써 고딩 되어다 아시아 자존심 보여주다 대한민국 2018년 2019년 대한민국 축구 잊다 수가 러시아 월드컵 아시아 많다 돌풍 일으키다 호주 제외 사우디 일본 이란 우리나라 모두 리그 일본 16 황금 세대 벨기에 무너뜨릴 뻔하다 카타르 아시아 돌풍 이어지다 좋다 신태용 트릭 레전드 우리 이상 가다 공격 강화도 중요하다 근본 취약 수비 개혁 그렇다 다음 대회 16 강도 힘들다 솔긱히 pk 주다 해보다 월드컵 생각 아쉬움 17 02 가능성 희망 만을 보고 까지 포기 그때 뜻밖 좋다 결과 이번 에도 기적 실현 시키다 좋다 흥민 이형 대한민국 국가대표 선수 화이팅 비록 16 올라가다 지다 감동 중심 에는 언제나 손흥민 피파랭킹 이기다 레전드 지금 카타르 시전 한국 16 보내다 김영권 손흥민 신태용 감독 괜찮다 스웨덴 전도 멕시코 전도 pk 가다 아쉽다 월드컵 13 48 아무 올라오다 15 20 모르다 놓다 골대 비우다 두다 우리 골대 까지와 서다 플레이 웃기다 우리 월드컵 독일 이탈리아 스페인 포루투갈 꺾다 다시 보다 장현수 레전드 16 가다 바알 도하 기적 11 이제 보다 눈물 나다 카타르 선전 기원 대한민국 파이팅 군대 스웨덴 멕시코 지다 풀타임 보고 훈련 독일 전만 보다 천추 여러 월드컵 하이라이트 이번 에프 만들다 기획 물이 당시 준비 단계 부터 아시아 예선 까지 모든 상황 자세하다 담다 가장 가치 높다 보다 다만 업로드 90 월드컵 편이 없어지다 다시 부탁 드리다 스웨덴 장현수 박주호 암살 패스 스노우볼 존나 구르다 최악 김민우 대신 들어오다 조진 경기 패널 박스 태클 처음 근데 기성용 넘어지다 파울 그거 파울 추다 무승부 조현우 경기 필드 먹다 하고 경우 따지다 코미디 그중 가장 어렵다 해내다 멕시코 스웨덴 에게 패배하다 아쉬움 2018 조현우 전설 드디어 카잔 기적 올라오다 경기 승리 인하다 나비효과 엄청나다 승리 조현우 실력 인정받다 아시안 게임 나오다 역할 관심 높아지다 아시안 게임 라인업 신경 많이 써다 좋다 나오다 덕분 손흥민 우승하다 면제 받다 결과 바로 아시아 최초 epl 득점 효과 카타르 월드컵 까지 이어지다 기원 아직도 독일 보다 쏘름 신태용 감독 어떻다 서든 선임 하자 제발 장현수 니까 받다 2018월 드컵은 현우 살리다,50
https://www.youtube.com/watch?v=kKsivrgoyDw&list=RDkKsivrgoyDw&start_radio=1&pp=ygUJ64m07KeE7IqkoAcB,NewJeans (뉴진스) 'Cool With You' Official MV (Performance ver.),뉴진스,460463,new jean always come back please cant take anymore newjeans without danielle grown man almost cry cause realllly miss newjeans may 2025 thankyou girl wish best choreo feel like taking lot movement inspiration modern contemporary dance genre love newjeans showing lot dance versatility era 혜인 다니엘 이어지다 보컬 미치다 지금 뮤비 부터 뉴진스 뮤비 주행 인데 민희진 하이브 샤넬 뮤비 100년 교과서 실리다 레벨 miss much miss new jean miss era 높다 수준 구성 안무 까지 대단하다 민희진 천재 모든 뮤비 사이비 대항 메세지 때리다 박다 뮤비 대놓고 미드 소마 사이비 영화 옮기다 supposed go ur day suddenly get random wave sadness turn miss newjeans desperately yearning come back 안무가 한국 무용 살풀이춤 느낌 나다 살풀이춤 액운 풀다 뮤비 마다 사이비 알리다 요소 배경 그림 가사 알다 메세지 best girl group ever one replace 어떻다 방식 들다 2026 다시 만나다 기다리다 사이비 유일 청정 그룹 뉴진스 화이팅 민희진 신우석 감독 완전 찢다 정말로 안무가 무대 어케 보여주다 긍금하 무대 장도 궁금하다 안무 무용 채택 이랑 뮤비 분위기 잘맞다 cry nj like bro bring back girl 여신 미치다 하늘 하늘거리다 의상 이랑 안무 춤선 노래 하나 부족함 올해 뉴진스 justice new jean 민희진 천재 어떻다 이렇다 노래 컨셉 newjeans five 노래 컨셉 안무 최고다 뉴진스 넘다 야하다 뉴진스 이구나 전남친 이랑 헤어지다 마음 정리 매일 듣다 매일 마음 아프다 다른 이유 마음 아프다 37 여기 다니엘 파트 도리 여러분 뉴진스 5월 24일 컴백 많다 관부 부탁드리다 세상 세련되다 미치다 소리 밖에 나오다 음악 안무 헤메 뮤비 디렉팅 뉴진스 멤버 보컬 까지 빠지다 하나 없이 끝장 그냥 종합 예술 자체 리듬 아래 은은하다 깔리다 아련하다 코드 진행 보이 트렌디 트렌드 묻다 아니다 뉴진스 만의 풀다 빠져나오다 수가 뉴진스 장르 really love vibe song hyein starting graceful danielle vocal dance hanni smooth vocal haerin elegant dance minji rap 아깝다 그룹 한국 걸그룹 역사 뉴진스 이전 이후 나뉘다 newjeans never dy 56 cool button newjeans five 충격 공포 뉴진스 슈퍼 쿨위듀 eta 가다 어떻다 앨범 거야 컨셉 다르다 이렇게 높다 퀄리티 다양하다 즐기다 좋다 이래서 노비 해도 대감 귀가 쉬다 어나더 클라스 뉴진스 어도 에게 찬사 보내다 다시 보다 전체 차다 고급 지게 예쁘다 아니다 진지하다 잘추다 누구 뉴진스 대체 그룹 이라 나오다 뉴진스 공백기 1년 상황 에서도 대체 그룹 나오다 뉴진스 멤버 보다 역량 뛰어나다 대체 사람 많다 뉴진스 만큼 조화 가지다 그룹 나오다 뉴진스 세대 잇다 독보 그룹 하나 대체 불가 걸그룹 artist guilty standwithnewjeans 힙합 추다 멋지다 현대 무용 잘추다 뉴진스 보다 모니카 작품 느낌 요즘 소나 아티스트 인데 사장 아티스트 결과물 이렇다 처음 민지 보고 입덕 하니 한테 빠지다 고양이 보고 빠지다 다니엘 애기 보고 덕질 마지막 매력 혜인 시선 끌다 청바지 그립다,46
https://www.youtube.com/watch?v=kcelgrGY1h8&list=RDkcelgrGY1h8&start_radio=1&pp=ygUJ64m07KeE7IqkoAcB,NewJeans (뉴진스) 'New Jeans' Official MV,뉴진스,1326647,group actually say bad song newjeans without danielle newjeans one year ago girl debuted nowhere shocked whole world music one year later eye newjeans phenomenal 아직도 여기 give editing graphic team raise bodying kpop industry rn newjeans never stop giving fresh concept kpop industry proud 아니다 보다 내내 감탄 나오다 이렇게 기술 자다 쓰다 예술 이라니 현대 미술 이지 민희진 싶다 대로 놔두다 케이팝 살리다 길이 actually really creative way introduce lightstick fandom name never seen group prop animator girl mv giving much nostalgia 이렇다 그룹 어떻다 대체 거지 기획 가져오다 알다 시혁 이렇다 지금 보다 예술 그냥 미치다 아이돌 이렇게 만들다 보여주다 정도 아이돌 이라고 무시 하나 상품 최상급 완성 오다 뉴진스 뮤비 이건 보다 미치다 장난 아니다 상품 아니다 아티스트 예술 작품 40 대다 아줌마 아이돌 좋아하다 오랜 applause go animator editor attention detail insane water clear much care crew behind ha newjeans 뮤비 자다 만들다 미감 느껴지다 장면 다른 댓글 보다 처럼 혼자 다른 차원 느낌 시간 지나다 촌스럽다 솔직하다 개인 으로는 제일 취향 atleast decade worth major sponsor achievement newjeans achieved like year get everytime 어떻다 그룹 이렇게 생기지 거야 상큼 하고 귀엽다 everyone wondering short like intro ep give sample album look like tt pre release release less hour get ready 처럼 돋보다 걸그룹 이제 뉴진스 이렇다 감성 민희진 밖에 누구 따르다 29 여기 부터 감각 적임 편집 이라고 생각 감탄 따르다 감각 이냐 절대 따르다 그냥 대체 불가 유일 missing newjeans love stick teenage girl concept 미치다 positive 미감 이건 재능 whoever came new jean concept genius 좋다 나쁘다 떠나다 시점 트렌드 측면 그냥 압도 이네 그냥 뉴진스 혼자 그룹 과는 다른 차원 느낌 좋다 그냥 제발 영상 감각 이고 하고 노래 좋다 그냥 영원하다 찾다 들다 밖에 노래 bro marketing editing team light stick bye slaying industry one safe new jean obsession 이렇다 민희진 아니다 누가 누가 이렇다 시도 한적 animator editor mv want say thank hard work tell lot effort wa put newjeans five need back asap 퀄리티 장난없다 처음 보다 충격 아직도 생생하다 이렇다 억뷰 받다 받다 never seen mv like literally created whole new concept kpop 오다 영상 보다 독특하다 생각 모든 이렇다 안되다 영상 제작 민희진 한테 여러 모로 며칠 계속 소름 돋다 ruin style love original newjeans concept allowed destroy huge raise people working behind scene new jean 이쯤 많다 능력 사람 민희진 이랑 뉴진스 데리 나오다 좋다 기획 린다 민희진 배임 1년 동안 경찰 조사해 무혐의 인데 가만 내다 두다 뉴진스 회사 나가다 이렇다 뮤비 많이 나오다 new jean powerpuff girl dreaming group blessed best production new hair new tee new jean see part sound addictive,48
https://www.youtube.com/watch?v=kdOS94IjzzE&list=RDkdOS94IjzzE&start_radio=1&pp=ygUJ64m07KeE7IqkoAcB,Attention,뉴진스,810214,오다 뉴진스 여름 이라니 마음 이르다 돌다 돌다 결국 노래 돌아오다 텐션 뮤비 처음 나오다 충격 평생 잊다 구르다 여름 거들다 시원하다 뉴진스 한국 음악 이남 전설 어느 멜론 들어가다 토끼 마리 1등 2등 이렇게 차지 하고 재생 좋다 충격 받다 유튜브 검색 하고 무대 보다 충격 받다 기억 나다 아직도 뉴진스 노래 듣다 떠나다 2022년 8월 달이였나 땡볕 더위 힘들다 점심시간 먹다 휴게실 이어폰 끼다 에어컨 유튜브 뮤직 둘러보다 발견 하고 호기심 듣다 느끼다 시원하다 기분 3년 지난 내다 지금 아련하다 기억 남다 오랜 오늘 퇴근길 어텐션 틀다 10년 들다 노래 제일 신선하다 인트 new jean ot5 danielle new jean 뉴진스 보다 세대 대표 자리다 대표 아직 만큼의 파급 가지다 신곡 보다 세대 아직 멀다 뭔가 노래 근본 뉴진스 여름 많이 씁쓸하다 지금 가을 인데 가을 ditto 생각나다 언니 제발 돌아오다 지나다 언니 달리다 뉴진스 제발 나오다 이만 그룹 모든 멤버 센터 뉴진스 데뷔 레전드 지긋지긋하다 걸그룹 한번 그룹 나오다 무심 보다 의심 보고 보고 앉은자리 세네 다시 보다 그대로 입덕 그룹 danielle say newjeans never die 뉴진스 여름 이라니 아직 까지 만큼 센세이션 데뷔 summer without new jean edit summer summer 돌판 다시다 데뷔 순간 노래 케이팝 역사 들다 오다 danielle newjeans five none 뭔가 사건 터지다 나서다 애정 생기다 화이팅 응원 하고 지금 어도 도입 부터 압도 newjeans forever ot5 danielle need attention 진심 케이팝 최고 노래 danielle comeback pleaseeeeee need 이어폰 들다 보다 좌우 음향 쩔다 인트 반주 오다 가다 텐션 좌우 이동 랄라 갈다 청바지 그립다 인트로 어케 참다 이렇게 향수 노래 후렴 화음 쌓다 개쩌 트러스 향수 뿌리다 마냥 청량하다 상큼 뉴진스 처음 보다 충격 잊다 뉴진스 다섯 이고 같이 돌아오다 야하다 노래 신기하다 되게 여름 노래 막상 겨울 에도 은근 어울리다 포인트 오늘 듣다 뉴진스 진작 열사병 골로 miss new jean anyone 2025 miss song came 대표 승소 기념 들다 오다 주변 에서는 아직도 뉴진스 좋아하다 기다리다 싫어하다 사람 보다 좋아하다 사람 얼씬 많다 하이브 주주 이랑 바이럴 악플 죽지 말고 돌아오다 좋다 건강 자다 챙기다 아직 애기 잖다 오래 살다 어른 미안하다 bring back 2026 danielle wa kicked 2025년 듣다 사람 직장인 민희진 대표 응원 그저 희진 노래 나오다 뻔하다 암만 생각 존나 괘씸하다 화나다 들다 still eats 2025,50
https://www.youtube.com/watch?v=kt3HIeHF27A&pp=ygUJ7JuU65Oc7Lu1,최고의 탄수화물 월드컵 (밥 ver.),월드컵,13589,같이 보다 좋다 추천 영상 최고 닭고기 요리 월드컵 영상 생방송 원본 2023년 9월 5일 방송 아무리 보다 철면 수심 미식 가라 기보 입맛 까다롭다 돼지 역대 꼽히다 정도 소리 빠지다 진지하다 월드컵 통천 치트키 인거 그냥 시간 가다 모르다 보다 통천 자꾸 음식 한테 사람 대다 웃기다 철통 부터 든든하다 냉정하다 철면 수심 외형 쩝쩝 박사 소프트웨어 박사 커녕 학사 간당간당 수준 음식 접근 차원 이고 가리다 많다 진정하다 쩝쩝 박사 경지 시뮬레이션 근처 가보다 사진 에만 얽매다 스스로 겸허 쩝쩝 박사 타이틀 내려놓다 잠봉 지다 vs 짬뽕 그냥 쩝쩝 박사 대결 돼다 음식 대결 에서는 한마음 월드컵 바로 갈리다 쩝쩝 박사 분들 철면 수심 다시 보다 알다 오브 알다 통천 부터 머리스타일 까지 무슨 한식 고수 쓸다 토론 모습 좋다 더럽다 얘기 먹다 보기 좋다 철면 수심 생각 보다 알다 쿰척 박사 들다 냉철하다 분석 감탄 하고 가다 근데 원래 철면 수심 먹다 좋아하다 잘알다 절대 아니다 종수 한테 실망 크다 잘알다 알다 모르다 부산 코스 부터 참치 음식 코스 대다 가다 알다 싶다 짬뽕 이형 이랑 통천 표정 변화 확실하다 리조또 좋다 고민 표정 귀엽다 조합 계속 나오다 아오 사진 보고 라고 45 45 예시 사진 인데 자꾸 그거 걸다 넘어지다 보고 살짝 터지다 통천 통천 언니 좋다 안좋다 추천 오다 닿다 해주다 그냥 좋다 홍보 느낌 이렇다 아니다 그렇게 오다 닿다 그래서 안다 캡틴 커피 철면 수심 짬뽕 잠봉 뵈르 맛집 등등 찌다 진심 넣다 추천 느낌 아니다 감상 쓰다 오다 닿다 차돌 결의 다져지다 잠뽕 남매 우애 월드컵 바로 박살 차다 자다 들다 생기다 22 15 돼지국밥 추천 해달라다 어딜 가도 그냥 그렇다 스타일 침통 조합 최고 중간 중간 토크 재밌다 한편 나오다 좋다 종수 아무리 보다 잘알다 아니다 표현 부족하다 그냥 많이 먹다 사람인 통천 확실하다 음식 애정도 많다 공감 사진 보고 고르다 말다 악물다 사진 보고 고르다 차짬햄 11 01 요즘 불판 남다 그대로 볶다 많이 없어지다 대부분 남다 덜다 완전 새롭다 재료 볶다 통천 이랑 입맛 자다 맞다 응원 국밥 알다 국밥 한국인 진심 이기다 알다 인게 놀라다 쩝쩝 박사 로서 토론 너무나 참여 짬뽕 이형 이랑 통천 가치관 확고하다 선의 토론 펼치다 힐링 철면 수심 ask 입맛 인데 돼지국밥 국밥 지면 안되다 추천 으로는 부산 사상 버스 터미널 합천 일류 돼지국밥 마늘 다대기 넣다 막히다 짬뽕 형님 진저리 스타일 나중 스팀 os pc 버전 나오다 콘솔 처럼 사용 좋다 pc 조립 부탁드리다 보고 나서다 며칠 순대 국밥 먹다 담다 먹다 뭔가 짬뽕 후식 볶음밥 조아하다 얘기 들다 서다 후식 볶음밥 종수 동의 감자탕 닭갈비 이런 볶음밥 원래 요리 양념 확실하다 배지 고기 굽다 먹다 볶음밥 그냥 기름 첨가 된거 확실하다 아쉽다 느낌 물론 그래도 먹다 철면 수심 썸네일 보다 함박 웃음 나오다 그렇다 싸하다 철면 수심 침착 보다 편식 심하다 종수 잘알다 아니다 자감 판결 사진 뽑다 아니다 오른쪽 서울 촌놈 이네 종수 그냥 많이 먹다 먹다 사람 이지 쩝쩝 박사 라기 가리다 많다 봉구스 창업 주가 보약 잡혀가다 님들 그래서 신규 매점 없어지다 이미지 안좋다 폐업 많다 잡혀가다 계약 대학가 근처 간간히 놀라다 철면 수심 이름 처럼 보다 좋아하다 쿰척박사 쩝쩝 박사 웅장 대결 통천 이랑 철면 수심 완전 박사 텐션 이네 종수 알다 회덮밥 삼김 걸렀다,50
https://www.youtube.com/watch?v=lbarKuMreRs&pp=ygUM7J207Iqk65287JeY,든든한 우방까지 돌아섰다…'이스라엘 끊자' 분노의 유럽 / JTBC 뉴스룸,이스라엘,7135,국제 사회 따다 돌림 민간인 학살 사죄 하고 전쟁 배상금 물리다 전쟁 일으키다 나라 반드시 책임 지다 이스라엘 에게 책임 제대로 주어 이스라엘 전범 국가 정의 하고 세계 결별 시키다 야하다 과거 나치 박해 현재 나치 나치 보다 나쁘다 우리 행동 분노하다 이유 동안 옳다 배우다 가치 인류 인권 모든 벗어나다 이스라엘 침공 대량 학실 당하다 이제 아무 불쌍하다 생각 들다 전쟁 찬성 80 프로 넘다 이스라엘 시민 당연하다 조치 홀로코스트 피해 자국 이라고 다른 나라 학살 권리 생기다 아니다 이스라엘 이제 전범 네타냐후 감옥 알다 전쟁 계속 지속 총리 네타냐후 죽다 좋다 안하무인 깡패 어떻다 돼다 지다 느끼다 해주다 야하다 이스라엘 나라 시절 돌아가다 맞다 휴전 자마자 레바논 폭격 도르다 넘다 한참 넘다 역시 근본 미국 보다 유럽 저런 전쟁 무슨 우방 이냐 이스라엘 부끄럽다 알다 모든 전쟁 결국 대악 이스라엘 국제 당분간 고립 시키다 야하다 보다 유럽 동아시아 전부 동참 이참 미국 패권 집중 도르다 분산 시키다 야하다 광화문 이스라엘 국기 다니다 데리 가라 네타냐후 감옥 알다 세계 고통 인명 죽음 유명하다 아우슈비츠 수용 소가 폴란드 그래서 폴란드 중요하다 거야 전쟁 학살 이스라엘 과는 상종 야하다 이스라엘 제재 여윽시 이탈리아 우리 반도국 이라 그렇다 화끈 허다 국제 사법 재판소 체포 끊다 지다 가가 받다 그렇다 독재자 또다시 나타나다 폴란드 유대인 가려지다 그렇다 소련 하고 나치 한테 가혹하다 당한 역사 이스라엘 나치 처럼 보다 빡치다 만하 유럽 만은 아니다 과거 보다 우리 미리 역시 이스라엘 강력 지지 화이팅 신약성서 유태인 예수 학대 하고 괴롭히다 죽이다 과정 과장 된거 아니다 생각 금보 본성 그대로 그리다 거구 유럽 유태인 차별 이해 대전 이미지 바뀌다 근본 그대로 악마 자식 이여 신의 무자비하다 심판 이루어지다 기르다 이스라엘 악의 도대체 중동 국가 건가 특히 사우디 하고 앉다 건가 가르다 반드시 치르다 야하다 떠돌이 아치 한테 집준 결과 우리 대통령 sns 한마디 하자 마자 튀르키예 유럽 봇물 터지다 나오다 미국 이나 이스라엘 국민 때리다 수장 이라고 이상하다 인간 인데 가만두다 보다 심판 사람 목숨 가벼이 여기다 심판 받다 지옥 확정 이야 전세계 이스라엘 외교 중단 로스차일드 나라 이야 국기 제대로 재다 성하다 세상 돌아가다 모르다 극우 국힘 무리 종교 증오 무기 이렇다 네타냐후 홀로코스트 희생 보이 스스로 나치 비난 자격 상실하다 만들다 네타냐후 지옥 갈다 전쟁 원하다 인거 이란 복구 비다 이스라엘 책임지다 요한계시록 나오다 적그리스도 우리 먼저 스타트 왠지 우리나라 세계 선도,50
https://www.youtube.com/watch?v=lgfXrQUx4go&list=RDlgfXrQUx4go&start_radio=1&pp=ygUJ64m07KeE7IqkoAcB,[BE ORIGINAL] NewJeans(뉴진스) 'Attention' (4K),뉴진스,466653,에어컨 선풍기 지금 여전하다 대체 안되다 아이돌 센터 죄다 모으다 비주 실력 노래 퀄리티 어색하다 멤버 하나 완벽하다 그룹 이야 그냥 홀린 달다 깨닫다 순간 new jean never die 이건 아무 이기다 오다 아무리 덕이 라지 처음 미치다 따리 세대 통틀어 케이팝 넘다 세다 잡다 걸그룹 에게 엄청나다 사태 터지다 누가 알다 2025년 아직도 아무 이기다 전설 시작 back 2026 miss 처음 보다 충격 이란 newjeans debuted wa one best year life 보통 그룹 보다 다른 멤버 비다 존재 미미하다 멤버 하나 존재 장난 아니다 센터 모으다 우리 만나다 이유 도대체 이서 만나다 우리 기다리다 오다 이렇게 까지 한순간 폴인럽 가능하다 치이다 무조건 텐션 분위기 얼른 내놓다 다섯 다른 매력 가지 같이 매력 좋다 영상 틀다 소름 어디서 이렇게 써니 민효린 데려오다 머리 길다 치렁치렁 누가 누군지 확실하다 보이 건강하다 이쁘다 보이다 안무가 예쁘다 팔다리 쭉쭉 시원시원 전부 하나같이 매력 장난 아니다 남자 첫사랑 잊다 해주다 그룹 첫사랑 뉴진스 들다 팔다리 기다 완전 시원시원하다 마케팅 부터 노래 까지 신선하다 잡채 오다 근데 안무 보다 누가 센터 인지 모르다 정도 파트 분배 완벽하다 돋보이다 안무 처음 어텐션 처음 들다 부터 지금 까지 어케 뽑다 생각 들다 노래 들다 시원하다 청량하다 아이돌 댓글 쓰다 이번 역대 잔뜩 들어가다 빡센거 보다 이렇게 산뜻 풋풋하다 니까 넘다 편하다 어리다 보이지 성숙하다 보이지 소녀 이미지 가득 담기다 어떻다 자다 모으다 걸다 대박 golden era kpop want back 졸라 고급 지다 부티 그냥 멤버 이고 신경 쓸다 나다 그냥 냅다 빡세 굴린 아니다 케어 하고 관리 보통 연차 쌓이다 외모 점점 예쁘다 이미 완성형 이네 어리다 한테 어울리다 섹시 컨셉 붙이다 나이 제일 자다 살리다 청량 하이 컨셉 데뷔 탁월하다 선택 2022년 여름 냄새 맡다 싶다 보다 일단 노래 세련 돼다 컨셉 헤메 뭔가 돌판 크다 파장 일으키다 친구 나오다 넘다 좋다 안무 포인트 기다 생머리 안무 기다 생머리 저렇게 활용 자다 들다 상큼 하고 청순하다 예쁘다 바로 프로듀서 대단하다 들이다 그냥 그런 노래 어중간하다 컨셉 군무 이렇게 나오다 잠시 반짝 말다 근데 기다 생머리 자유 롭고 심지어 노래 까지 좋다 버리다 앨범 신기하다 하나 버리다 올해 여름 버티다 한국인 댓글 많다 원하다 그룹 이나 오다 청량하다 좋다 지금 세대 지만 뭔가 세대 보다 느낌 끄다 뉴진스 기존 세대 그룹 과는 다른 무언가 씹다 독기 뉴진스였구 2026년 인데 아직 뉴진스 대적 아이돌 3년 뉴진스 노래 듣다 스타일 컨셉 멤버 구성 전부 최고다 사람 뉴진스 한테 서다 헤어 나오다 지다 몽환 면서 청량하다 느낌 처음 인데 되게 색다르다 오묘하다 좋다 안무 누가 만들다 개시 원하다 시원하다 뉴진스 훌륭하다 걸그룹 예요 최애 아이돌 그룹 예요 이거지 나이 맞다 컨셉 헤어스타일 코디 화장 신발 까지 넘다 완벽하다 청순하다 10 대다 느낌 자다 살림 예쁘다 둘째 치고 들다 노래 안질리다 비주 노래 어디 하나 만족 스럽지 계속 보다 요즘 데뷔 전부 화제 엄청나다 에서도 제일 취향,49
https://www.youtube.com/watch?v=llwlltMTJPI&pp=ygUM7J207Iqk65287JeY,원전까지 때린 이스라엘..방사능 공포에 러시아마저 [뉴스.zip/MBC뉴스],이스라엘,7573,오다 미치다 들이다 악마 그냥 사탄 따로 국제 이고 나발 이고 싶다 그냥 본인 비리 숨다 전쟁 벌리다 전쟁 전쟁 멈추다 네타냐후 뇌물죄 감옥 가야 거들다 그래서 전쟁 멈추다 네타냐후 악마 라고 밖에 해주다 네타냐후 그냥 전쟁 범죄 자임 미치다 돌다 시너지 효과 작렬 사탄 네타냐후 반드시 천벌 받다 전쟁 이스라엘 침략 어지간하다 미치다 건가 종전 네타냐후 도란프 반드시 전쟁 처벌 마땅하다 정도 네타냐후 암살 아니다 네타냐후 전쟁범죄 처벌 오다 시바 원자력발전소 공격 방사 뿜어져 나오다 알다 공격 다시 지만 인류 유대인 일말 정심 어떠하다 레알 악인 미치다 미치다 함께 판사 공격 전세계 힘들다 손잡다 나란하다 저승 가면 세상 평화롭다 텐데 전범 나찌 처벌 다루다 네타냐후 트럼프 전쟁 범죄자 악마 따로 자기 하나 호가호위 세상 망하다 만들다 인간 제거 들다 정확하다 전범 라니까 신의 한수 차다 드럽다 꼬이다 인간 반드시 전범 처벌 전쟁 전범 반드시 죄값 치루 네타냐후 트럼프 네타냐후 유다 자손 세번 배신 네타냐후 세계 이르다 이스라엘 먼저 없어지다 수도 세계 평화 트럼프 네타냐후 제거 되어다 악마 천벌 받다 네타냐후 민간 시설 건들 지다 암살 안당 하나 인접 아니다 방사 노출 상관없다 건가 하루빨리 이란 그냥 박살 내버리다 전쟁 끝내다 호르무즈 막다 전세계 해주다 이란 용서 안되다 미치다 원전 네타냐후 악마 넘다 심하다 넘다 버리다 인류 재앙 앞당기다 생각 인거 피폭 당하다 사람 환경오염 어떻다 건데 사탄 나중 히틀러 보내다 이스라엘 미국 동맹 한테 아무렇다 통보 없이 전쟁 일으키다 손해 끼치다 전쟁 종료 현재 걸프 국가 피해 국가 에게 해보다 상해 야하다 오다 이야 미치다 세상 망치 실시간 보고 스스로 멸망 달려가다 나쁘다 전쟁 전범 말로 보이다 미국 국민 트럼프 탄핵 시키다 장사꾼 재앙 네타냐후 제대로 미치다 이란 승리 기원 오다 네타냐후 아니다 싸페 검사 해보다 심지어 지다 사법 리스크 회피 자국 감당 정도 전선 확대 놓다 이야 네타냐후 악마 넘다 제일 문제 많다 다른 국가 만들다 국민 크다 통속 빠지다 악마 재림 저런 처발 받다 사람 이냐 네타냐후 악마 이란 먼저 해내다 자신 괜히 호르무즈 해협 봉쇄 울다 말고 항복 이스라엘 원전 치다 맞다 그게 공평하다 상이 미치다 돌아가다 건가,50
https://www.youtube.com/watch?v=m4fEKe0NG84&pp=ygUM7J246rO17KeA64ql,"""이 안경만 있으면 전교 1등"" 정답 알려준다는 '이것' 정체가? / KNN",인공지능,11254,오다 상상 컨닝 안경 나중 렌즈 나오다 부정행위 아니다 시험 의미 얘기 싶다 사람 쓸다 이제 시험 변별 가다 오픈 주어지다 정보 가지 활용 평가 오다 코난 에서만 보다 코난 안경 나오다 점점 우리 무뇌 진화 시험 남다 에게 이런 띄우다 이미 많다 집안 써다 보다 시험 수없이 가보다 안경 검사 곳도 암기 크다 의미 정보 바다 오염 정보 인지 구별 빠르다 필요하다 건지다 능력 이렇다 세상 지식 이제 공공재 라는 받아들이다 맞다 교육 필요하다 이건 시대 마지막 격변 생각 인간 힘쓰다 공부 이유 사라지다 시대 이제 나오다 재벌 쓰다 하꼬들 줍다 듣다 알아내다 기웃 소문 난거지 부정행위 생각 필기 시험 이상 의미 없어지다 생각 대두 그렇다 여자 한테 인기 서다 안경 까지 어울리다 어떻다 살라 건지다 그렇다 이제 의미 단순 지식 암기 보다 창의 사고 요구 시험 바뀌다 시대 변하다 정도 아니다 세상 뒤지다 지고 스마트 안경 저렴하다 보급 일단 번역 언어 직업 그야말로 종말 지금 만으로도 나라 언어 불편하다 정도 들리다 대로 스크립트 번역 가능하다 청각 장애 사람 한테 늘다 도움 많이 그래서 오픈 테스트 일반 되어다 사회생활 덮다 높다 문제해결 경우 어리다 상상 일이 벌써 현실 되어다 자신 본성 맞다 살아가다 인생 흥겹다 정겨운 도달 보이다 이제 모든 시험 마다 공항 검색 수준 철통 보안 필요하다 수능 국가 시험 말고 컴활 토익 한국사 자격증 시험 학교 내신 시험 정도 에선 써다 먹다 이미 써다 먹다 금수 수도 세상 빠르다 변하다 기존 시스템 빨리 변하다 emp 쏘다 셤보자 이렇다 보다 고위 권력자 이미 악용 악용 하고 정보 통제 안되다 공론 시키다 느낌 어리다 부터 정답 보이다 안경 나오다 아니다 싶다 나오다 상상 뛰어넘다 바로 이거지 우리 원하다 생각 벌써 이렇게 아이언맨 자비스 현실 오다 부정행위 문제 아니다 이건 이상 사람 자다 쓰다 만들다 의존 만들다 문제 한마디 자기 신도 모르다 맞다 건지다 틀리다 건지다 ai 가다 인간 지배 얼마 남지 대가 바뀌다 시험 끼다 언제 까지 헐다 실존 수능 안경 검사 나중 시험 맨몸 가다 시험 치르다 혹시 바지 에도 상의 에도 몰카 처럼 부착 ai 렌즈 들어가다 오다 ai 발전 hud 장치 이렇게 쓰다 국방부 응용 고글 설치 생각 오다 중간 인데 사고 싶다 진심 사다 비슷하다 번역 기능 목적 사다 그래도 이렇다 안경 렌즈 어색하다 무섭다 이런 상용 화하다 15년 전쯤 영화 에서나 보다 현실 이야 끝내주다 수능 이나 국가 시험 빡세 검사 걸다 내다 일반 학교 사용 막다 빡세 겠다 오다 영화 보다 공상 과학 에서나 나오다 이렇게 빨리 실현 과학자 특이점 얼마 안남다 실감 나다 여기 발전 콘텍트렌즈 가능하다 다음 당연하다 안구 출하 인공 안구 정도 우리나라 수능 벌써 적용 좋다 투시 안경 나중 컨택 렌즈 만들다 기술 발전 좋다 새삼 저런 기술 학교 등등 스스로 노력 시험 보고 실패 합격 보다 자랑 스럽게 느껴지다 씁쓸하다,50
https://www.youtube.com/watch?v=m6pTbEz4w3o&list=RDm6pTbEz4w3o&start_radio=1&pp=ygUJ64m07KeE7IqkoAcB,NewJeans (뉴진스) 'Right Now' Official MV,뉴진스,658839,anyone 2026 never find another kpop group like newjeans love never lost refreshing vibe debut want newjeans back 무라카미 파워퍼프걸 라인 프렌즈 애플 화면 들다 어떻다 설득 시키다 대단하다 음악 에는 국경 개국 같이 쓸다 좋다 mv song perfectly describes feel like wait crush respond confessing feeling bro 버들 특징 자다 살리다 모든 구성 꼼꼼하다 자다 짜이다 다니엘 해피 점프 really missed carried teenage year 개국 각종 콜라보 때리다 넣다 해보다 대단하다 love japanese korean english lyric sound weird anything honestly sound soothing newjeans please comeback world need swear combination english korean japanese sooooo natural overthinking single message crush sends vibe newjeans five love small reference song mv miss newjeans 혼자 세대 세련 돼다 독보 mv wa whole acid trip half make sense bc waiting person respond feel like forever much happening around time newjeans never dy 도안 좋다 이어폰 꽂다 극락 일본어 인가 영어 나오다 영어 인가 한국어 나오다 한국어 인가 일본어 나오다 미치다 한국 뉴진스 일본 무라카미 다카 미국 파워퍼프걸 강의 콜라보레이션 박지원 이렇다 보석 일본 콘서트 개열 받다 포인트 hybe freedom newjeans 어떡하다 비트 머리 떠나다 오다 도파민 miss new jeanss 대중 보다는 대중 에게 이건 어떻다 라고 권하다 매번 신선하다 좋다 여러분 헤드셋 이나 이어폰 들다 퀄리티 다르다 뮤비 공개 해외 유튜 버들 리뷰 바로 찍다 올리다 보고 새삼 놀라다 뉴진스 보유 이라 행복하다 시간 지나다 수록 느끼다 대체 불가능 이야 뮤직비디오 보다 이렇게 매일 계속 들어오다 인생 처음 miss danielle bunny love 연애 해보다 친구 연애 얘기 신나다 배우다 방법 조언 결국 망하다 스토리 아니다 겁나다 귀엽다 best mv kpop history 오다 뮤비 적다 만큼 찍어내다 정석 퀄티티 미감 쩐다 오다 이곡 듣다 거부 한국어 영어 일어 들다 노래 좋다 뮤비 예쁘다 예쁘다 컨셉 신선하다 요즘 뉴진스 노래 끌리다 outfit dance voice mv iconic minji wa giving lecture like teacher animation cute 애플 부사 뉴진스 앨범 들다 인증샷 애플 부사 래미 뉴진스 티셔츠 입다 버니 인형 들다 인증샷 dont care summer need newjeans 예술 감상 들다 아이돌 뉴진스 전무후무 유일하다 뉴진스 애플 파워퍼프걸 무라카미 이번 콜라보 미치다 어떻다 자기 복제 하고 매번 fresh 컨셉 내다 궁금하다 심지어 이번 언어 절묘하다 자다 조합 보다 다시 돌아가다 수만 보내다 왤케 받다 무려 파다 하니 두다 저런 메세지 좋아하다 좋아하다 모든 들어가다 트렌디 이렇게 까지 똘똘 뭉치다 신기하다,49
https://www.youtube.com/watch?v=mGyVHYWRzTY&pp=ygUJ7JuU65Oc7Lu1,브라질 이어 잉글랜드까지… '아시아 최강 면모' 선보인 일본 #SPOTIME #친선경기,월드컵,11375,홍명보 따위 에게 기대하다 이번 월드컵 일본 이나 응원 이제 한국 과는 경쟁 상대 라는 부끄럽다 정도 격차 실력 이네 한국 축구 황금 대가 하늘 내다 기다리다 축구 일본 축구 황금 세대 스스로 만들다 기술 연구 축구 플레이 부드럽다 깔끔하다 아름답다 이제 어나더 레벨 가버리다 일본 일본 우승 외치다 전혀 허다 아니다 한국 월드컵 티켓 이탈리아 주다 요즘 일본 경기 보다 우승 후보 한국 웃음 후보 라이벌 이라 실례 웸블리 잉글랜드 잡다 선수 감독 담담하다 멋있다 정도 크게 기쁘다 일이 아니다 높다 목표 보이 확실하다 차이 나다 한국 이랑 맛깔나다 차다 역시 본기 달라 20년 전부터 우승 목표 차근차근 나아가다 가능하다 잉글랜드 기내 오다 저런 보고 부끄럽다 모르다 명보 축협 야구 그렇다 축구 까지 일본 넘사벽 시대 부럽다 기도 하고 부끄럽다 기도 하고 그렇다 오다 조직 단단하다 보다 부상 선수 생기다 월드컵 문제 부럽다 일본 축협 외국 유명 코치 감독 입하 면서 투명하다 철저하다 인재 육성 날아오르다 반면 우리나라 소년 축구 대회 조차 우승팀 한테 은메달 잘못 주다 놓다 뻔하다 번복 불가 이르다 응원 일본 일정 휴대폰 저장 살다 정신건강 그게 낫다 정몽규 명보 잡다 족치다 한국 축구 발전 나비효과 구나 분명 10년 초반 만해 격차 나다 미미하다 썩다 축협 갖은 부정부패 만의 왕국 세우다 버리다 만에 축구 발끝 조차 따라가다 돼다 부끄럽다 한국 축구 오다 일본 아니다 잉글랜드 인데 이기다 한국 졸다 차원 다르다 한국인 2002년 월드컵 아직 까지 우려 먹다 확실하다 아시아 no 일본 공격 클라스 수비 클라스 넘사벽 인정 인정 01 부분 역습 감탄 나오다 맹보축구 에선 죽다 깨어나다 절대 보여주다 축구 부럽다 부러워하다 조차 양심 느껴지다 오다 조직 미치다 실력 간절하다 투지 홍맹보호 차이 보다 단순하다 강팀 아니다 피파랭킹 안쪽 연달 격파 보다 까진 무조건 무난 갈다 전력 영국 일본 불다 들이다 만으로도 강하다 증빙 아시안 이라 일본 축구 응원 중국 이나 일본 이나 열심히 응원 야구 축구 비비다 이렇다 경기 에서나 골대 얘기 거지 번째 중원 패스 연결 예술 이네 야구 오타 응원 판국 이번 월드컵 일본 응원 아시아 자존심 스포츠 행정 코칭 능력 위임 리그 백년 대계 프로젝트 예전 무작정 해외 로만 보내다 이제 제대로 오다 받다 잡고 진출 케이스 대부분 이고 npb 구속 혁명 현지 농구 리그 창설 인기 상승 등등 모범 예시 많다 배우다 생각 일본 월드컵 우승 목표 라는 뻥카 아니다 손흥민 라스트 댄스 비참하다 무너지다 생각 한숨 나오다 차라리 이번 월드컵 망하다 다시다 적폐 나오다 이기다 이기다 우승 후보 국가 상대로 실점 부럽다 일본 부럽다 야구 축구 아시아 넘버원 일본 인게 한번 증명 돼다 홍명보 호랑 비교 조차 불가 부럽다 전술 이번 월드컵 일본 경기 보다 참전 부터 일본 축구 팬임 웸블리 승리 라니 부럽다 잉글랜드 대다 맞다 2분 보다 기대 4분 보다 기대 사무라이 재팬 화이팅 고고 재팬 동아시아 희망 오다 아니다 웨이 웸블리 잡다 조직 수준 빌드업 수준 다르다 부럽다 준비 자다 구나 확실하다 이번 월드컵 일본 응원 보다 즐겁다 일본 존나 부럽다 이미 14월 드컵부터 일본 이랑 압도 차이 나다 100년 바라보다 따라잡다 우리나라 그냥 축구 포기 부패하다 관리 나라 망치다,49
https://www.youtube.com/watch?v=mOGzaJRFv2E&pp=ygUM7J246rO17KeA64ql0gcJCQQLAYcqIYzv,"""한국도 예외 아니다."" AI가 절대 대체하지 못할 사람ㅣ지식인초대석 EP.69 (김대식 교수 2부)",인공지능,61552,15 23 ai 시대 살아나다 지금 당장 타임스탬프 00 00 인트 독자 인사 미국 대기업 급속도 추다 당하다 직무 한국 예외 아니다 ai 시대 먼저 해고 사람 미래 시대 코딩 보다 필요하다 교육 ai 시대 살아나다 지금 당장 agi 시대 디스토피아 유토피아 agi 시대 인간 모두 어리다 아이 가다 agi 늘다 인류 에게 과연 축복 여러분 의견 남기다 판사 부터 끼다 이렇다 과학자 인사이트 1시간 이면 들다 엄청나다 진화 자다 들다 감사하다 한국 제일 먼저 ai 대체 되어다 판사 세상 처음 뵙다 인데 미용실 원장 느끼다 말씀 하나 하나 너무나 크다 인사이트 주다 벌어지다 정도 에요 아이 교육 크다 영감 받다 감사하다 인간 판사 보다 주관 판단 들어가다 ai 판결 신임 지금 학원 쏟다 붓다 학원 뺑뺑 차다 큰일 이네 부모 이런 믿다 집값 떨어지다 소리 처럼 괜히 카이스트 교수 아니다 인사이트 어마 어마 좋다 말씀 자다 들다 개발자 최대 피크 22년 까지만해도 코딩 최고 유망 직업 취급 받다 교육과정 개편 생각나다 그게 불과 3년 전이다 3년 만에 이렇게 처지 바뀌다 세상 가속 유툽 영상 3분 이상 보다 시간 그냥 놓다 보다 이렇다 충격 이고 소중하다 영상 보다 행운 이라고 생각 감사하다 지금 수준 판사 무조건 바꾸다 양심 들이다 50 개발 부장 공감 후임 조카 에게 비슷하다 imf 거치 지금 까지 지내다 시간 보다 앞날 어리다 오다 영상 개월 전이 지금 26년 5월 인데 확실하다 체감 가다 한석준 쓰러지다 들다 건강하다 모습 다행 이네 건강 최고 좋다 영상 감사하다 판사 안전하다 사실 분노하다 인사이트 인사이트 인데 어떻다 설명 이렇게 자다 보다 감탄 이렇다 무료 보여주다 감사하다 따름 우리 아들 스필버그 영화 처음 보다 영화감독 싶다 오직 영화 공부 경험 영화 특성 고등학교 가다 인문 원하다 갈등 결국 지다 스스로 쓸다 시나리오 감독 제작 단편 영화로 국제 청소년 영화제 본선 노미네이트 맘껏 발휘 하고 장래 어찌 모르다 부터 대학교 새내기 지금 까지는 영화 사랑 열정 조금 변하다 영상 보다 인생 걸다 싶다 발견 하고 몰두하다 아들 행운 아이고 대단하다 생각 드네 진심 아들 열정 박수 보내다 싶다 모든 우리 아들 자기 재능 분야 찾다 좋다 그때 우리 부모 미래 결과 고려 말고 힘껏 응원 주다 좋다 채널 편집 능력 대단하다 영상 홀린 보고 교수 다른 영상 찾아보다 다른 영상 에서는 교수 말솜씨 정도 아니다 이지 자세하다 보다 영상 편집 기술 예술 이네 이야기 처럼 만들다 능력 근래 보다 ai 영상 가장 감명 깊다 선생님 훌륭하다 인사이트 공유 해주다 감사 드리다 실체 직업 위험 실체 직업 5년 대체 예상 철학 문제 직업 안전 살아나다 최신 ai 최대한 활용 능력 기르다 실제 활용햐 업무 생산 어떻다 올리다 고민 해보다 20 대다 자기 가장 재능 발견 투자 30 대다 ai 데이터 센터 수요 기업 투자 버블 꺼지다 기전 나오다 ai 가다 세상 살다 인간 삶다 순수하다 생각 하고 간섭 받다 살다 그냥 싶다 본인 행복하다 살다 전부 본인 행복 기준 찾다 우선 15 08 누구 인가 어떻다 존재 싶다 무엇 원하다 10 대다 30 대다 찾다 중요하다 생각 코로나 이상하다 정도 친구 기도 알다 사람 개발자 뛰어들다 갑자기 레드 오션 인데 지나다 ai 빅데이터 시대 판사 가장 대체 쉽다 직업 하나 사고 전환 필요하다 15 40 자전거 타다 엄청나다 인사이트 받다 운전 듣다 다시 시간 내다 앉다 보다 다시 생각 많다 이렇다 인사이트 교육부 에서는 과연 고민 하고 좋다 컨텐츠 감사하다 14 03 제일 중요하다 부분 메모 메모 자다 보다 기억 남다 가다 하든 자다 살아나다 3040 투자 최대한 소득 높이다 최대한 ai 다양하다 직접 경험 해보다 강의 감사하다 차다 인간 자다 살기 만들다 지다 인간 몰수 아이러니 컴퓨터 에서도 데이터 정말로 전공 좋다 전반 요새 it 개발자 상태 좋다 어떻다 들다 it 공부 시간 낭비 가능성 높다 별로 추천 드리다 보다 영상 에서도 설명 나오다 교수 비슷하다 생각 이렇다 변화 시대 우리 대부분 부동산 매다 아이 서울 대학입시 믿다 보다 지금 10 20 대가 마주 미래 모습 너무나 공포 스럽다 저명하다 인류학자 인간 인간 일수 서로 도우 려고 태도 마음 시작 의사 신부 판사 본질 인간 돕다 돌보다 교육 인성 교육 다시 필요하다 유투브 보기 시작 가장 유익하다 영상 10 이고 반복 시청 가치 영상 감사하다 어설프다 차라리 기술 배우다 김대식 교수 반갑다 김대식 교수 쓸다 신문 칼럼 인터뷰 재밋 보고 추가 궁금하다 생기다 메일 문의 드리다 솔직하다 그때 이미 유명하다 답장 오다 기대 없이 궁금하다 정리 메일 드리다 꼼꼼하다 답장 주다 감동 받다 기억 오랫 다시 메일 보고 싶다 메일 아쉽다 여전하다 최전선 열심히 계시다 모습 멋지다 이제 궁금하다 ai 에게 열심히 물어보다 교수 친절하다 답변 항상 감사하다 생각 건강하다 행복하다 자다 비다 뷰티풀 하고 엘레 강스 하고 강의 자다 들다 교수 20년 어렴풋이 미국 교환학생 오다 생각 가상현실 벗어나다 다음 에야 좋아하다 찾다 욕구 샘솟다 어느 시대 인기 소득 장래 희망 말고 본인 달란트 찾다 발전 하고 계발 사회 정착 돼다 좋다 청년 일자리 무너지다 청년 대가 주축 시위 전세계 번지 보다 10년 많이 모으다 보다 좋다 인사이트 감사하다 지식인 초대 대학 강의 듣다 느낌 교수 니깐 신뢰 상승 후드 짱짱 멋있다 이렇다 훌륭하다 양질 강의 무료 반복 교수 의상 캐릭터 보다 정신 차려 보다 자신 분야 투자 지금 우리나라 교육 상황 보다 그것 가능하다 일인 의문 들다 학교 성적 대학 진학 학벌 따르다 이후 상황 등등 충분하다 여유 갖다 진로 탐색 시간 많이 부족하다 생각 거들다 진로 경험 중요하다 부유하다 자제 외국 라던가 다양하다 활동 경험 기회 많다 일반 서민 그렇다 그렇다 차이 계층 차별 예전 에는 모두 어렵다 일부 부유하다 지금 차이 벌어지다 자다 살다 사람 많다 상대 사람 많다 상황 학교 다양하다 경험 쌓다 해주다 좋다 입시 변화 교육과정 바뀌다 보다 포기 만들다 같이 보이다 맞다 말씀 이지만 지금 교육 현황 어떻다 상황 만들다 인지 대안 말씀 해주다 바램 이네 올해 나이 40 이예 며칠 괴롭다 퇴사 아직도 어떤 직업 원하다 모르다 어리다 시간 한정 이라고 생각 방황 그걸 이제 서다 느끼다 에게 투자 해보다 자기개발 해보다 여전하다 고민 스럽다 일찍 알다 싶다 이렇다 하이 밸류 강연 구석 보다 감사하다 열심히 살다 읍니 agi 시대 누구 인지 누구 보다 자신 자다 알다 시대 래야 만이 일이 무엇 인지 태고 시간 기회비용 날리다 누구 보다,50
https://www.youtube.com/watch?v=mWbFdb_qJWw&pp=ygUM7J207Iqk65287JeY,"[속보] 이스라엘, 레바논 '다리 폭파'..지상전 확대..이란 미사일에 방공망 뚫려..미사일 부족? - [MBC 뉴스속보] MBC뉴스 2026년 03월 23일",이스라엘,4194,누구 하나 작다 목숨 사탄 가다 문제 이란 대다 미국 대적 우앜 미국 빠지다 한번 붙다 보라 이스라엘 박살 늘다 보다 평화 사랑 나라 사람 목숨 울다 지금 보다 이스라엘 확전 원하다 파병 절대 반대 보다 이스라엘 미국 문제 악마 넷야후 살생 당장 그치다 인류사 최악 지도자 우선 순위 극악하다 욕심 목숨 나라 이스라엘 지옥 떨어지다 일부러 세계 전쟁 일으키다 나라 전세계 국가 노랗다 안되다 대로 대가 치려 전쟁 승자 패자 저딴 식이 지도 지우다 야하다 국제 구가 역할 국제사법재판소 네타냐후 범수 괴롭다 가자지구 팔레스타인 학살 이미 사형 받다 정도 국제사회 국제 형사재판 소가 네타냐후 트럼프 체포 아니다 대량 학살 아무 이유 없이 때리다 나중 조건 붙이다 동네 아치 전쟁 일으키다 트럼프 모르다 장기전 자기 가족 자다 자고 전쟁 일으키다 트럼프 찍다 미국 인들 대단하다 이스라엘 정상 상식 나라 아니다 돼다 협상 무슨 네타냐후 이란 민족 홀로코스트 달다 절대 동참 돼다 총리 정리 하고 청구 계좌 번호 주다 넣다 대전 가나 이스라엘 무기 폐기 하고 이란 개발 문제 삼다 미국 무기 가지 저러다 보다 차다 이스라엘 맨날 전쟁 이구만 파병 보내다 미국 도와주다 안되다 결사 대합 2026년 11월 세계 대전 예언 큰일 가다 진자 최고 횡포 세계 미국 이란 핵보유국 되어다 침범 막다 싸우다 미국 빠지다 이스라엘 인간 정신차려라 네타냐후 전쟁 이르킨 악마 공격 이스라엘 가루 이스라엘 도보 작다 던데 전쟁 하나 국민 생각 솔직하다 이란 응원 하고 싶다 48시간 5일 주가 변동 이스라엘 미국 빼앗다 전쟁 놀이 취미 인지 사람 죽이다 재미 삼다 이나 핵무기 만들다 말다 민주주의 부르다 마르다 이란 이여 이번 트럼프 콧대 끄다 네타냐 전쟁 멈추다 수업 멈추다 이스라엘 부문 제일 탄핵 제판 받다 트럼프 이스라엘 총리 전쟁 재판소 회부 완전 타결 이야 공산당 사라지다 세상 평안하다 욕심 버리다 평화 오다 트럼프 아들 기름 유통 기업 이라 이스라엘 다른 욕심 미국 이스라엘 자기 끼리 치고 장구 치고 이번 전쟁 끝나다 이스라엘 나치 만큼의 국제 제재 필요하다 고개 숙이다 알다 국민 고통 덜다 주다 대가리 고집 국민 힘들다 싸다 빠지다 먹다 공격 일주 일후 항복 인간 쓰레기 트럼프 누구 수많다 생명 죽이다 본인 많다 타인 죽다 이란 말다 해도 서롸 사용 자꾸 단속 타령 인가 결론 석유 욕심 부다 자기 개인 부르다 권력 휘두르다 트럼프 문제 이스라엘 부들 권력 미국 주도 트럼프 꼬드겨 전쟁 이스라엘 대신 이스라엘 가다 장악 이야,49
https://www.youtube.com/watch?v=mZaaeudvHYM&pp=ygUJ7JuU65Oc7Lu1,지구상 모든 음악들 중 최강자를 가리는 시간 | 룩삼 이상형 월드컵 음악 왕중왕전(with. 세우),월드컵,32020,전문가 점점 담담하다 미치다 그냥 존나 웃기다 담담하다 미치다 소리 웃기다 절반 까지는 프로듀서 전문성 대다 케이 리페 이후 로는 친구 맞다 22 42 청양고추 vibe 세우다 망가지다 부분 청양고추 부터 어딘가 가다 헛소리 시작 웃기다 미치다 56 25 베토벤 보고 치료 밝다 만들다 이렇다 생각 어캐 거야 청양고추 vibe 이후 폭주 웃기다 보다 친구 이유 의문 가지다 밉다 월드컵 보고 다시 사람 개추 청양고추 듣다 타락하다 음악 배틀 붙이다 웃기다 룩평 05 19 아무리 만들기 노력 이여 돌이키다 보이다 늘다 씹다 케이 칠리 페퍼 부터 소리 싶다 음악 분석 웃기다 23 11 전문가 시선 보다 여기 안면 개다 보다 웃기다 디렉터 보다 관점 디테일 개지 린다 청양고추 안무 까지 찾아내다 대다 23 09 여기 처음 보다 순간 보다 거지 싶다 정신차리다 초록색 청양고추 보이다 히트 무슨 바드 따닥 맞다 마냥 정신 차리다 22 40 영상 청양고추 나오다 나뉘다 04 24 여기 웃다 찢어지다 알다 초반 전문가 설명 해주다 보다 후반 갈수록 미치다 소리 형님 이랑 똑같다 그냥 좋다 37 룩삼 계속 기습 공연 세우다 담담하다 계속 듣다 웃기다 에도 계속 이르다 20 룩집자 편집 정성 그냥 두다 화면 인데 채팅 이랑 룩삼 따로 분리 게임 ui 집어넣다 정성 쏘다 아니다 세우다 사람 나오다 보다 23 10 냉철하다 음악 해체 석기 룩삼 mk 가다 시작 부분 오다 이건 싸이코 광고 비도 나오다 1시간 짜다 영상 이렇다 편집 때리다 박다 정성 편집 안되다 53 40 여기 음악 사운드 배치 짚다 공간 표현 해주다 찌다 전문가 해설 이라 좋다 이해도 올라가다 기분 편집자 음악 하나 보다 세우다 소린 알아듣다 효과 넣다 대단하다 23 14 들다 구간 청양고추 바이브 느끼다 버리다 10 냅다 혜인 포카 들이다 밉다 개웃 기네 unholy에서 보자 28 36 사실 노래 그렇지만 이치 노래 전체 앨범 전체 한번 듣다 좋다 음악 표현 감정 아름답다 끝판 장화홍련 ost 늘다 악보 도돌이표 끝나다 영원하다 계속 걸음 표현 싸다 소름 돋다 부분 영화 보고 사실 아니다 소름 엇음 아니다 댓글 ai 요약 청양고추 실험실 이라 돼다 웃기다 53 40 여기 해설 보다 지리 뭔가 존나 만족감 느껴지다 58 25 가다 이러다가 스미스 얼굴 나오다 입틀막 존나 웃기 02 50 레전드 테란 병사 시점 해석 이어폰 으로는 레옹 노래 들다 쏘다 게스트 존나 매력 어디 서도 보다 월드컵 방식 이네 04 09 목청 터지다 웃음 고조 돼다 룩삼님 동조 웃기다 24 10 청양고추 의도 완벽하다 파악 요즘 케이팝 마르다 아이돌 많다 우리 한국 맵다 보여주다 청양고추 전원 한국인 그룹 이에요 아이돌 음악 듣다 남돌 월드컵 보다 중독 돼다 청양고추 플리 넣다 디렉터 입장 듣다 재미있다 룩삼님 청양고추 vibe 버리다 계속 맴도 53 40 소름 돋다 에이 청양고추 40 부터 세우님 진지하다 바라보다 룩삼 그냥 자신 던지다 버리다 대비 돼다 웃기 좋다 에이 청양고추 진심 처음 컴백 포스터 뜨다 케이 칠리 페퍼 이래 이르다 노래 괜찮다 놀람 컴백 부터 청양고추 트럭 돌아다니다 마케팅 하고 멤버 청양고추 파다 소리 까지 녹음 팝업 스토어 에도 시장 처럼 빨갛다 가마니 청양고추 전시 음방 앵콜 청양고추 퍼포먼스 하고 이번 팩트 시상식 에서는 댄브 청양고추 먹음 제발 12 30 버전 그림 그림 자연 스럽게 퉁실 넣다 사라지다 룩집자 개킹받넼 오다 근데 나다 음악 듣다 좋아하다 사람 으로써 코드 잘맞다 친구 같이 그냥 노래 틀어놓다 로만 시간 동안 얘기 부럽다 테란 브금 편집 고트 편집자 주다 시발 룩드컵 보다 청양고추 검색 차다 보다 염소 존나 웃기 염소 스탠바이 갈다 02 48 여기 웃기다 마린 수트 왼쪽 노래 나오다 기발하다 찰떡 24 09 오다 직접 이렇다 의도 만들다 이라고 설명 바로 캐치 역시 전문가 에이 울다 거의 가까이 청양고추 프로모션 아예 무슨 시장 트럭 빌리다 고추 팔이 트럭 시내 돌아다니다 얼핏보 그냥 병맛 감성 뮤비 안무 노래 수록 까지 완전 메이드 보다 워낙 앨범 퀄리티 뛰어나다 세계관 방대하다 치밀하다 그룹 이니까 들다 관심 한번 가다 보다 수록 django 제발 들다 보다 제발 소원,50
https://www.youtube.com/watch?v=n7ePZLn9_lQ&list=RDn7ePZLn9_lQ&start_radio=1&pp=ygUJ64m07KeE7IqkoAcB,Super Shy,뉴진스,892254,myy danielle cry rn newjeans never die danielle minji im cry please come back newjeans miss wish could experience summer 2023 wa great year kpop miss era much felt like wa yesterday listening song moment came thursday april 23rd 2026 hey everyone future gym headphone super shy come back alive newjeans girl danielle new jean never die new jean never die want danielle baaack anyone 2026 간만 자고 일어나다 아침 노래 시원하다 상쾌하다 love add powerpuff girl theme beat song brings back childhood memory miss sm imagine running vecna stranger thing song playing background naurrrr dont gouurr 20 best part sounded cute said looking pretty follow like adorable btw 42 support danielle miss newjeans miss sun 명반 명반 levei pra academia amei sent calma ouvindo essa sica volume massimo im super shy 13 58 love music rainbow rainbow without yellow newjeans never die girl coming back miss newjean 50 lovee newjeans could successful best kpop group ever song catchy newjeans never die song really addictive 사랑 사랑 계속 포기 말고 아름답다 신성하다 kitchen fire call 911 meanwhile song background mind 특히 여름 수영장 노래 듣다 좋아하다 cute album cover miss dho newjeans never real njz without danielle girl free newjeans song literlly match like shy meet new people like mumble saying hi extra mi danielle,44
https://www.youtube.com/watch?v=nFigEiB9P5c&list=RDnFigEiB9P5c&start_radio=1&pp=ygUJ64m07KeE7IqkoAcB,ASAP,뉴진스,351110,hi back miss bad almost gon na second summer without newjeans new jean five miss new jean newjeans never diee newjeans five rainbow without yellow rainbow miss newjeans 다니다 보고 싶다 forever bring danielle back never gon na forget newjeans dani new jean newjeans never dy newjeans future kpop meant girl group literally engene also stan svt clock clicking tension going break heart girl deserve support matter happens stay strong new jean love like soft newjeans song really special 청바지 절대 죽지 get up 이어지다 좋다 겟업 아쉽다 끝나다 들다 좋다 뉴진스 돌아오다 뉴진스 없이 2026년 어떻다 즐겁다 보내다 다시 돌아오다 폭탄 터지다 들리다 재깍재깍 소리 시간 얼마 안남다 newjeans always ha concept different others unique tone song instrumentals also unique ha characteristic love newjeans danielle love much always side bunny know newjeans never die always stay five member never left always newjeans never die still 2026 album ha gaming chill yet thriller vibe song love always need rap song need tic tac tic tac minute life swear slayed dreamy concept 청량하다 몽환 인데 신비롭다 노래 예쁘다 반짝거리다 imagin rainbow yellow newjeans never die harmony every single song ep heavenlyyy love fresh concept vocal good song love newjeans album slayed omg wearing earphone tic tac sound move around like clock really best 4th generation girl group stood guy stop talking miss danielle like comment newjeansisfive brings back time broooo need come back 뉴진스 세대 살아가다 행운 이고 감사하다 47 minute like two little instrument note really like pull whole part together reason 이번 앨범 멤버 보컬 되게 주목 느낌 인거 대중 익다 좋다 song levitating exaggeration straining voice chill beautiful melody beautiful go well newjeans light energetic voice good job newjeans took world surprise brought best music stage back industry 이번 겟업 앨범 대한민국 100 대다 명반 들어가다 정말로 통장 잔액 모으다 기원 newjeans concept always fresh young unique song suit vocal lot need excessive high note weird rap easy listening one 앨범 앨범 어떻다 노래 나쁘다 인상 newjeans the best group miss newjeans waaaa hanni vocal angelic calming easy listen 원래 가수 전곡 듣다 고르다 듣다 뉴진스 롭고 좋다 듣다 bring back danielle 뮤비 내놓다 뉴진스 비주 궁금하다 노래 겁나다 좋다 sin mentir desde que sali el peque spoiler todos hemos estado esperando est canci espero que cambien el concepto de newjeans que bueno song scratch brain right spot want new jean back love danielle hyein hanni minji haerin love new jean,48
https://www.youtube.com/watch?v=nXe9th_zeQA&pp=ygUM7J207Iqk65287JeY0gcJCQQLAYcqIYzv,"[자막뉴스] ""현대판 히틀러"" 외교부 성명.. 네타냐후 못참고 '대폭발' (2026.04.12/MBC뉴스)",이스라엘,18381,맞다 전세계 바르다 야하다 대판 히틀러 보다 튀르 맞다 바른 저건 전범 오스만 제국 후예 튀르키예 화이팅 유대인 총리 히틀러 소리 들다 정도 넘다 튀르 전세계 국가 모두 일어나다 맞다 대판 히틀러 역시 형제 나라 전세계 전쟁 멈추다 최선 모두 참다 이제 시작 정도 전세계 뭐라다 도대체 많다 사람 죽다 역사 잊다 민족 미래 정답 대판 히틀러 딱이다 용다 발언 감사하다 맞다 예전 에는 피해자 지금 21 세기 나치 해도 튀르키예 용감하다 형제 국가 21 세기 히틀러 네타냐후 이스라엘 국민 하루 라도 빨리 권력 끌어내리다 전세계 경제 망치다 전범 네타냐후 처단 튀르 다른 국가 눈치 보다 하고 입꾹 하고 멋지다 이스라엘 국민 세계 각처 유대인 각성 하고 히틀러 이야 21 세기 히틀러 아무리 국가 이익 우선 이지만 형식 으로라도 국제사회 정의 오다 상식 지키다 히틀러 보다 더하다 려고 미국 까지 끌다 들이다 전세계 지옥 만드 튀르키예 멋지다 용기 박수 히틀러 유대인 환생하다 자신 당하다 진정 고통 안다 에겐 그렇게 우리나라 국제 위상 높아지다 이제 다른 나라 슬슬 언급 보다 대한민국 국력 높아지다 신중하다 유명하다 한국 한마디 다른 나라 시작 네타냐후 전범 이자 악마 반드시 천벌 받다 겁니다 네타냐후 인간 총리 뽑다 세계 고통 받다 와중 에도 가만히 방관 이스라엘 국민 서도 분노 치민 네타냐후 이름 세계 평화 위협 살상 무기 자체 되어다 맞다 이네 독재자 히틀러 라고 맞다 맞다 악마 악마 네타냐후 추종자 반드시 국제 사형 시키다 야하다 역시 형제 나라 터키 어리다 시절 감명 깊다 읽다 그래서 우리 아들 에게 선물 까지 바로 탈무드 인하다 무안하다 요즘 간만 옳다 소리 나라 나타나다 이제 전세계 움직 이네 백퍼 공감 네타냐후 하루 라도 빨리 재판 받다 처벌 받다 비판 전쟁 끝나다 우리 목소리 내야 히틀러 대체 내다 보다 걸다 맞다 히틀러 네타냐후 똑같다 전쟁 살인 마다 네타냐후 참다 어쩔 건데 국제 전범 처단 정확하다 표현 이네 터르키 형제 나라 전세계 묵다 마르다 이제 전세계 깔다,48
https://www.youtube.com/watch?v=nhSFpQhg2Ag&pp=ygUM7J207Iqk65287JeY,[UFC] 이스라엘 아데산야 vs 조 파이퍼,이스라엘,10642,맨날 라운드 풀다 갑자기 홀린 거마 들어가다 버리다 다리 자르다 갑자기 들이다 대다 산아 ufc 오래 챙기다 보다 산야 몰락 차다 낯설다 챔피언 타격 이어서 얄밉다 산야 언제 부터 파이팅 달라 붙다 좋아하다 챔피언 몰락하다 과정 보다 가슴 아프다 19년 산야 신예 시절 미들급 챔프 내려오다 앤더슨 실바 패기 싸우다 기억 나다 세대 교체 순간 지금 그렇다 느낌 시대 레전드 지다 보다 시간 흐르다 느껴지다 마지막 엎드리다 깔다 두발 들다 아둥바둥 장면 굴욕 저물다 가다 11 29 페레이라 차다 구도 격투 의지 사라지다 눈빛 버둥버둥 거리 몸짓 비참하다 마무리 산야 시절 완전하다 저물다 버리다 멋지다 경기 보여주다 선수 감사하다 아무 부상 바라다 실시간 마음 멍하다 느낌 나이 다시 일어서다 볼카 페레이라 대단하다 새삼 느끼다 나이 먹다 그런 산야 입장 조급하다 크다 평소 플레이 대로 좋다 연패 인하다 부담 크다 세상 영원하다 존재 박수 떠나다 괜히 나오다 아니다 ufc 들어오다 얼마 커리어 무렵 앤실 이랑 싸우다 어제 어느덧다 산야 앤실 포지션 돼다 시간 빠르다 초반 요리 들어가다 지네 승패 떠나다 서로 리스 자세 멋있다 산야 예전 카리스마 찾아보다 세월 야속하다 게임 우위 인데 상대 펀치 거리 들어가다 운영 미스 아쉽다 오랜 복귀전 이라 피니쉬 욕심 세월 이랑 기술 발전 막다 웬만하다 얼굴 나다 산야 이렇게 힘들다 표정 짓다 민첩성 이랑 반응속도 장점 선수 그냥 나이 먹다 가다 파이다 아무리 높다 보다 미들급 미래 느낌 아니다 싼야 여기 닦이다 버리다 산야 방어 유연성 반응 속도 장점 나이 드니 장점 사라지다 버리다 레슬링 체력 빨린듯 가다 산야 가다 아직도 실바 전율 잊다 고맙다 산야 안타깝다 세월 장사 거스 진리 산야 이제 은퇴 운영 이랑 스피드 떨어지다 체력 조루 부터 그냥 체력 털리다 고통스럽다 표정 나오다 보다 회생 방법 산야 괴물 저런 한테 저렇게 지다 마음 그렇다 세월 장사 영원하다 브라보 유얼 라이프 기분 좋다 아니다 방어전 마냥 포인트 싸움 하라 동체 시력 회피 레전드 경기 치루던 선수 세월 흐름 따르다 전성기 끝나다 무섭다 허무하다 무너지다 퍼거슨 앤실 파이다 자다 맞다 미들급 랭커중 산야 가장 잡기 쉽다 스타 타격 센스 완력 아직 10 잡다 신체 능력 인데 뭔가 보여주다 싶다 급하다 마음 고치 랭커중 이기다 질때 공통점 초반 라운드 자다 풀다 갑자기 텐션 꺼지다 오다 쓔바 산야 챔피언 치욕 살다 살다 파이다 앞날 기대다 100 나이 예전 영상 번개 같이 움직이다 고무줄 같이 때리다 탄력 나이 드니 에고 세월 미들급 교체 선두 주다 산야 다음 세대 교체 당하다 산야 저렇게 힘들다 고통스럽다 처음 보다 인지부조화 오다 대다 꽂히다 이후 정신 차리다 보고 낯설다 동동 대체 세월 역시 누구 에게나 공평하다 명의 전설 이렇게 멀다 씁쓸하다 은퇴 싶다 이제 슬슬 경기 시간 보고 ko 판단 유린 개추 레쉬 흐름 비슷하다 아쉽다 볼카 페레이라 같이 빼다 붙다 상남자 챔프 산야 스피드 승부 보다 타입 일수록 노화 뇌손상 치명 자기 거리 싸움 으론 이기 파이다 거리 들어가다 주다 그렇다고 들어가다 먼저 때리다 아니다 누가 상대 거리 카운터 노리다 빛나다 선수 가다 모습 보다 차다 마음 아프다 인간 육체 아름답다 이렇게 빨리 저물다 걸다 이제 다시 예전 모습 보다 크다 부상 없이 선수 생활 마무리 바라다 조제알도 맥그리거 퍼거슨 산야 하나 지고 마지막 산야 표정 보다 저건 단순하다 싸움 밀리다 잡히다 표정 아니다 훈련 빡세 받다 코치 시키다 체력 완전하다 털리다 나오다 표정 개인 으로는 감량 이번 빡세 하루 만에 회복 제대로 갑자기 들어가다 맞다 페레이라 처럼 노리다 건가 싶다 그냥 그대로 끝나다 언제나 승패 관계없이 결과 깨끗하다 승복 알다 산야 멋지다 사냥개 보고 오다 내다 지리다 그렇게 날카롭다 산야 이렇게 느리다 무뎌졌구 슬프다 슬프다,50
https://www.youtube.com/watch?v=o1xy66z46e4&pp=ygUM7J246rO17KeA64ql,이미 시작된 주니어 소멸... 10년 뒤 우리 사회에 벌어질 끔찍한 일 | 박태웅 녹서포럼 의장 | AI 일자리 취업 이직 | 세바시 2061회,인공지능,20970,ai 많이 쓰다 업계 사람 인데 통찰 강연 저장 다시 보다 좋다 컨텐츠 감사하다 인간 공부 ai 가다 거짓말 수가 결국 인간 퇴화 ai 늘다 헬스 트레이너 여야 인간 운동 인문학 철학 논리 의식 키우다 지배 당하다 살수 교양 철학 인들 다시 필요하다 시대 실무 경력 30년 보다 지금 교육 바꾸다 ai 시대 살아가다 사람 에게 던지다 질문 제대로 교육 중요하다 자다 말씀 주다 ai 늘다 우리 대신 해주다 질문 던지다 가치 판단 주체 가다 기술 사고 빼앗기다 말고 깊다 교양 주체 질문 우리 아이 미래 지키다 어른 시니어 노인 아니다 한국 대학교육 허상 통쾌하다 깨부수다 신랄하다 증거 제시 감사하다 인간 만들다 놓다 인간 지배 당하다 ai 시대 한번 들다 야하다 이야기 이해 쏙쏙 개념 설명 예시 설명 인상 깊다 들다 ai 건강 트레이너 활용 교양 가지다 최고 질문 자의 역할 인재 육성 하고 이르다 집단지성 으로써 연결 시키다 ai 첨단 지능 자연 지능 구분 능력 더불다 ai 윤리 투명 성과 책임 다루다 말씀 새기다 들다 통찰 분석 나누다 감사하다 한마디 통찰 보이다 강연 ai 시대 시작 되어다 우리 서두르다 사회 합의 이루다 다른 형태 인간 노동 준비 ai 도구로 많다 산업 변화 따르다 불필요하다 새롭다 형태 변화 수용 능력 인간 에게 필요하다 무엇 알다 무엇 무엇 희망 좋다 박태웅 현재 미래 시대정신 보여주다 귀하 통찰 존경 감사 보내다 선구자 존경 받다 시니어 역할 계속 기대하다 세바 무궁 발전 기원 ai 늘다 축복 가장 주란 말씀 동감 요즈음 이런 강의 듣다 보다 사람 모든 ai 의존 보다 결코 바보 되어다 버리다 아니다 두렵다 무섭다 생각 듭니 시대 필요하다 강연 주다 너무나 감사하다 ai 가다 없어지다 휴대폰 없어지다 좋다 원초 행복하다 청년 이여 좋다 가치 의미 질문 하라 사회 일자리 요구 당장 ai 기술 좋다 편하다 해도 ai 확장 인간 재앙 겁니다 ai 가르치다 사람 말씀 감사하다 박태웅 의장 학생 에게 정리 알다 인간 생명체 이기 강하다 아름답다 인공 진화 그것 인간 어떻다 관계 지다 연구 생명 윤리 인공 윤리 대립 가능성 과연 편하다 인간 성장 자아 좋다 자다 들다 좋다 통찰 진실 보다 세대 연대 ai 시대 평화로 갈다 시원하다 깔끔하다 최고 조언 해주다 생각 정부 차원 부분 ai 가다 것임 반드시 구분 되게 놓다 야하다 ai 가다 반드시 책임지다 사람 한다는 말씀 적극 동의 지금 그렇지만 젊다 사고 주다 사다 겁니다 점점 심해지다 결국 ai 기업 사고 독점 우린 노예 질문 자다 수록 훌륭하다 얻다 ai 비서 로만 이용 시기 관통 통찰 느끼다 강연 감사하다 그렇게 생각 ai 가다 주니어 역할 확실하다 시니어 역할 불가 허다 그런데 주니어 경험 없이 시니어 만들어지다 큰일 유머 one liner humor ai 가다 순두부 처럼 부드럽다 해주 지만 우리 까지 순두부 곤란하다 주입 내용 사고 불가능하다 알다 생각 그래서 야하다 맞다 ai 답변 그대로 믿다 말고 여러 방향 다시 질문 타당성 검증 써다 조그만 의문 남다 정도 상당하다 힘드다 과정 박태웅 의장 강연 유익하다 말씀 감사 드리다 무섭다 이해 쉬다 말씀 해주다 감사하다 ai 오다 더불다 더욱 오다 세상 소망 청년 이여 일자리 구하라 최고 질문 풍부하다 교양 사고력 가다 역시 강의 감사하다 시대 살아가다 시니어 사람 으로서 현실 외면 말고 똑바로 직시 라는 시대 교훈 철학 묻다 나다 아무튼 감사하다 현대 살아가다 우리 에게 필요하다 강연 이네 기술 봉건 주의 이미 시작 돼다 보다 무방 아직 까진 뚜렷하다 크다 변화 보이다 거지 암기 식이 문제 라고 생각 그런데 암기 조차 그나마 접근 암기 친구 나중 이해 디다 이해 암기 생각 없이 적용 문제 그렇다고 암기 중요하다 아니다 생각 되어다 모든 인류 도덕 가치관 정립 따르다 전제 에선 가능하다 무섭다 세상 모든 사람 ai 개인 사회 편의 사용 지는 강의 감사하다 무섭다 10년 후가 아니다 현재 걱정 항상 의장 말씀 감동 ai 전도사 박태웅 장님 사람 교육 바꾸다 필요성 느끼다 이미 30년 생애 사람 깨닫다 바꾸다 의문 들다 요즘 교육 퇴보하다 무섭다 생각 듭니 손자 살아가다 세상 어떻다 넘다 좋다 강연 이네 200 공감 사고 빼앗다 ai 가다 아니다 파트너 이자 카운셀러 함께 가다 그렇다 교육 시스템 필요 와우 좋다 강연 ai 시대 단순하다 불안 공포 아니다 보여주다 강연 좋다 강연 감사 드리다 기득권 들이다 판치다 승리 해내다 대한민국 국민 잔재 하고 악의 무리 에게 자리 주지 훨씬 살기 좋다 나라 시민 그렇다 신념 용기 맑은 영혼 소유자 가다 인류 시대 영성 시대 자아 실현 세상 이야말로 인간 회복 시대 미나 좋다 영혼 친구 되어다 유익하다 자다 용하다 할머니 사유 철학 다시 살아나다 시기 욕심 안내면 적절하다 세상 옵니다 생물체 적응 살기 마련 걱정 맙시 바르다 양심 인간성 회복 자의 이지만 개인 사회 국가 모두 노력,50
https://www.youtube.com/watch?v=oURsMK0tdXo&pp=ygUJ7JuU65Oc7Lu1,만화 애호가들의 인생 만화 월드컵,월드컵,10625,11 본인 근본 작가 vs 근본 작가 18 00 슬램덩크 학창시절 전부 지금 크다 부분 로선 크다 선물 받다 기분 감사 드리다 출연 해주다 오늘 부터 기원 읍니 항상 무례 처음 무례 당한 개방 표정 인상 적다 어리다 기다리다 단행본 나오다 마자 서점 달려가다 몇번 씹다 뜯다 즐기다 그땐 그렇다 시절 보내다 침착 이종범 작가 공감 시절 드래곤볼 만화 이상 넘다 다른 뭔가 너무나 편하다 버리다 세상 감성 느끼다 힘들다 기도 세월 흐르다 버리다 하나 추억 갇히다 나다 보이다 물론 여기 나오다 만화 모두 재밌다 명작 십대 살아가다 내다 드래곤볼 하나 강렬하다 추억 18 27 오다 근데 대표 하나 끊기다 청산유수 초대 해도 이종범 작가 본질 얘기 많이 해주다 좋다 사람 좋아하다 어떤 좋아하다 막연하다 아니다 자다 풀다 재밌다 언제 보다 만화 인지 만화 평가 크다 영향 주다 크다 공감 언제 보다 따라서 얼마 중딩 보다 만화 다사 보다 도저히 몰입 안되다 서유기 만화 만들다 전대 후대 동료 에게 충격 주다 대표 작다 만화가 인가 우리나라 본명 아니다 다른 이름 불리다 토리 야마 아키 라야 이말년 이야 안경 털보 채널 영상 보다 양반 겁나다 조리 수능 틀리다 사람 솔직하다 주술 회전 체인소 보다 강연 캐릭터 서사 스토리 개연 뛰어나다 생각 누구 dna 보이지 조산 독특하다 화풍 후대 크다 영향 이말년 도데 어디서 보고 자르다 이렇다 만화가 나오다 무지 나오다 공포 오다 닿다 어떻다 만화 시대 인기 열풍 일으키다 어떻다 만화 핵심 요소 원피스 정도 부터 30 대다 바라보다 지금 까지 계속 좋아하다 보다 오다 이제 단순하다 만화가 아니다 특정 에피소드 생각 시절 떠오르다 완결 나다 슬프다 공허하다 보고 자랏는 가늠 그리드 아일랜드 제일 재밌다 신기하다 당시 참신하다 좋아하다 게임 들어가다 설정 자체 이렇게 보다 드래곤볼 넘사벽 이네 빌런 나오다 마다 재미 넘다 설레다 경험 주다 유일 에크 멀다 저서 재밌다 많다 문명 떨어지다 원주민 놀라다 공포 구별 실험 인상 놀란 표정 공포 질린다 표정 미묘하다 다르다 즐겁다 깜놀 이라는 감정 도시 인들 느끼다 개발 감정 이라는 기발하다 창조 아이템 다른 만화 에선 찾아보다 레어함 드래곤볼 성인 다시 보다 감탄 시리즈 액션 그림 표현 움직이다 느낌 모르다 사람 많다 베가 본드 마지막 작가 이미 그리다 공개 적도 2009년 정도 우에노 공원 전람회 잠시 유료 공개 한적 근데 이미 엔딩 그리다 엔딩 까지 이어지다 스토리 제대로 구상 그냥 절필 미완성 남기다 41 20 침착 엄청나다 망언 들다 출동 퇴장 까지 고트 인정 아직도 죽다 생각 작가 뭘알 처음 부터 까지 완벽하다 설계 강연 vs 연재 종료 싶다 세상 만류 꾸역꾸역 그릴 수록 재밌다 나오다 스스로 고생 드래곤볼 30 대후 반의 나이 들다 현재 생각 슬랭 덩크 최고 고전 이자 명작 이고 다시 보다 만화책 슬램덩크 지만 만화책 처음 중딩 생각 해보다 다음 내용 궁금하다 미치다 내용 보다 충격 감동 희다 느끼다 만화책 드래곤볼 최고 이종범 작가 본인 채널 서도 그렇지만 단어 선택 자다 조예 깊다 느낌 뼛속 까지 느끼다 해주다 안되다 불다 18 24 슬램덩크 캐릭터 써다 시작 14 14 근데 솔직하다 주변 친구 웹툰 보다 친구 이말년씨리즈 연재 안보 사람 취향 맞다 안보 그렇다 웹툰 알다 지금 연재 소리 소문 없이 묻히다 작품 많다 연재 시작 한지 지난 지금 다시 보다 꿀잼 이고 아직 까지도 보다 이말년씨리즈 개그 만화 작품 맞다 생각 이말년 그림 고우영 화백 시조 라고 보다 야하다 크다 린톤 쓰다 아니다 그린 썸네일 보다 대부분 집영사 끄다 예전 집영사 스타일 좋다 최근 많이 아쉽다 은혼 해주다 강연 금은 떡밥 하나 풀리다 막판 다다다 닫다 닫다 몰아치다 꽉차다 육각형 희다 다른 소린 튜브 라디오 처럼 듣다 스타일 인데 이번 몇번 이나 다시 서다 재생 속도 빠르다 바뀌다 몇번 이나 확인 신기하다 32 시간 이요 인트 레전드 폭력 통찰 꽉꽉 채운 영상 수면 영상 설거지 영상 아아 좋다 예요 기생수 98년 인가 책방 누가 빌리다 보다 만화책 들어가다 신이치 돼다 느낌 꽉차다 내용 과는 다르다 허다 표지 성하다 박하다 그림 만의 숨다 명작 으로만 기억 알다 지나다 보다 걸작 돼다 25 00 머릿속 잊다 아반스트라슈 만화 보다 시기 중요하다 보다 인생 만화 캐릭터 가장 크다 공포 프리 종범 이형 클럽 하우스 5년 지나가다 보고 팔로우 오늘 영상 보고 채널 구독 가다 인트 개웃 기네 얼마 털보 술사 강연 설명 보다 여기 뵈다 반갑다 털보 재밌다 요즘 작가 강연 설명 재밌다 들다 추천 인생 꼽는 만화가 드래곤볼 이랑 헌터 헌터 인데 헌터 헌터 생각 보다 낮다 평가 충격 이네 그리드 아일랜드 작품 에서는 어딘가 실존 현실 이르다 게임 요소 가미 되어다 가상현실 게임 시스템 개념 처음 가져오다 만화 라고 생각 되어다 재밌다 봣었습니 에겐 인생 이지만 다른사람 에겐 아니다 사실 머리 이해 낮다 평가 그냥 마음 아프다 많이 알아주다 좋다 헌터 헌터 재밌다 아니다 강연 보다 인생 깊이 그러니까 그러니까 작품 깊이 캐릭터 배경 작화 전투 장면 좋다 겟백커스 복잡하다 구도 근접 전투 재미있다 만화 sf 늘다 장갑 가이버 긁다 듣다 보다 돌리다 건지다 스펙 해주다 건지다 1초 긴가민가하다 그거 더긁힌 표정 침착 점심 돈까스 어디서 시키다 들다 아시 가깝다 따르다 시키다 려고 장님 자주 나오다 으아 이종범 작가 완전 인데 방송 나오다 33 18 무슨 소리 형님 드래곤볼 집편 잡지 현재 재정 할인 중이 먹다 바로 지르다 진격 베르세르크 차이 vs 사사 바치다 만화 월드컵 보다 이번 편이 한테 맞다 재미없다 재미없다 침착 얘기 해주다 감사 만화 얘기 좋다 이종범 작가 좋다,50
https://www.youtube.com/watch?v=pSUydWEqKwE&list=RDpSUydWEqKwE&start_radio=1&pp=ygUJ64m07KeE7IqkoAcB,NewJeans (뉴진스) 'Ditto' Official MV (side A),뉴진스,1676353,anyone may 2026 girl camera video different hit different 2026 song feel like last day school entering summer song released sounded happy ethereal comforting listening feel nostalgic like fleeting memory never mv really feel like distant memory miss girl sm miss bad group compare way make feel speaks friendship relationship basis whereas feel part group feel outsider lens beautiful yet hauntingly masterpiece december 19th 2025 year masterpiece released everything wa alright 고작 기다리다 해주다 fit high schoolers much bcos around age soo refreshing see actual teen play high schoolers new jean concept fit age remove name group remove impact danielle loved came news really miss ot5 want newjeans back one healed debut wa best thing ever happen kpop newjeans breath fresh air newjeans dissapeared life like never existed april 2026 민희진 데뷔 시기 민감하다 이유 알다 시기 보여주다 감성 그걸 준비 맘대로 데뷔 미루다 나라 받다 court case cry 디토 뮤비 개인 이유 side 민희진 탈출 실패 뉴진스 탈출 side 민희진 탈출 성공 뉴진스 회사 탈출 실패 멤버 끌어안다 포교 당하다 연출 힘들다 되어다 노래 뉴진스 돌아오다 last clip realised one literally cry mv broo 16 hyunwook think pop ha ever group unique new jean something world still manage make people stan great personality amazing music need group like everytime see ditto mv get tear eye 오다 미치다 붕대 쓸다 천재 감독 희수 죽다 써다 미치다 mv made cry sometimes feel alone life imagine comfort people every part song mv melancholic mv kpop feel like distant dream 하이브 전략 바꾸다 종교 이야기 댓글 그러니까 뮤비 칭찬 라든가 민희진 기자회견 언급 뉴진스 칭찬 종교 언급 댓글 하트 누르다 댓글 막다 대요 사건 그냥 놔두다 이대로 묻히다 케이팝 바보 안되다 made cry reminded high school year always felt like observer separate others always wished find place fit understood physically alone wa always lonely newjeans really ha something mv aesthetic bit creepy nostalgic feel old school higschool vibe miss life felt like song way sneaked omg dance wa clever asf mv depressing somehow joyful time like seriously find word describe vibe ditto season 대단하다 멤버 태어나다 시대 감성 컨셉 오다 본인 흡수 시키다 버리다 대단하다 신기하다 보다 bro cinematography concept nostalgia beat lyric core everything girl future nostalgia mean vibe mv give know song came less 24 hour ago stupid hehe edit omg thanks like song really capture older generation nostalgia reminding lot viewer moment youth intro see riding bike playing cat cradle filming older camera instead using newer phone think make song easy watch listen really different interesting change hype boy attention fan grow watch 30 gon na hit hard 시대 최고 뮤비 handsome boy back actually famous actor choi hyunwook point newjeans member whole team including behind scene insanely talented 지금 일부 해외 민희진 세라핌 멤버 뽑다 나이 어리다 차별 민희진 데뷔 시기 멤버 나이 십대 이유 뮤비 나이 여야 꾸미다 진정 메시지 다시다 돌아가다 노스 지다 시기 다루다 민희진 뉴진스 멤버 나이 먹다 어감 따르다 다루다 싶다 컨셉 메시지 performing something otherworldly exactly make newjeans special kpop industry nowadays especially music video brightly colored glorified catwalk filled sponsored brand cgi blinding light newjeans relies purely cinematography youth convey lot people long simplicity one childhood teenage year absolutely brilliant whoever scouted young woman must blessed see anyone else conveying concept perfection choi hyunwook seriously amazing actor loved vibe mv come back miss girl,47
https://www.youtube.com/watch?v=pfU0hA9kdYA&pp=ygUM7J246rO17KeA64ql,[자막뉴스] AI를 적극 활용한 그룹과 두뇌만 쓴 그룹이 보인 큰 차이 / KBS 2026.03.03.,인공지능,6197,필요 삐친 머리 귀엽다 영상 ai 건데 댓글 삐친 머리 귀엽다 보고 역시 감정 아직 인간 따라오다 싶다 그래서 삐친 머리 졸귀 이기다 귀엽다 ai 활용 문제 해결 아니다 ai 한테 뜨다 맡기다 표현 정확하다 크다 차이 ai 에게 모르다 묻다 아니다 본인 이해 바르다 하고 잘못 이해 묻다 공부 좋다 달리기 영상 보다 연습 하고 실제 자다 달리 아니다 호군 머리스타일 귀엽다 자다 깨다 본인 직접 해보다 자다 자기 가지다 지식 응용 가능하다 뭔가 배우다 시기 ai 의존 결국 아무 스스로 이건 학생 아니다 신입사원 마찬가지 인류 모두 멍청하다 오다 아직 청소년기 읽다 사고 과정 필수 일정 연령 이하 에서는 ai 활용 학습 교육과정 제한 아니다 솔직하다 ai ai 쓰다 해도 싫다 15년 살다 불과 1년 만에 이렇게 버렷 늘다 아예 시작 부터 ai 로만 대가리 지금 학교 다니다 ai 생각 정답 정해지다 오다 혼나다 문화 ai 숙제 지피다 100 질문 해봤다 결국 느끼다 질문 수준 높다 디테일 논리 정연 그만큼 따라오다 ai 가다 특정 알다 내주다 보단 나오다 대화 한다는 느낌 학생 특히 초등학생 사고력 기르다 그걸 정승 강사 학습 방식 해설 지르다 먼저 보지 말고 먼저 자신 사고 과정 풀이 해보다 다음 해설 지르다 보다 마찬가지 ai 해설 처럼 쓰다 그렇다 우리 나라 교육 방식 바뀌다 아니다 지금 처럼 빨리 빨리 풀라 위아래 순차 등급 매다 경쟁 부추기다 아니다 탈락자 순위 교육 방식 지금 이리 많다 ai 시대 오다 심해지다 생각 ai 의존 비난 아니다 지금 우리 사회 구조 아이 에게 ai 사용 생각 되어다 아니다 생각 드네 일종 계산기 대학 계산기 쓰다 중고 수학 시간 계산기 쓰다 차이 복기 방식 ai 사고방식 분석 좋다 정확성 둘째 치고 ai 의존 본인 에게 남다 끄다 하나 맞다 맞다 보다 주어지다 문제 스스로 생각 어떻다 해결 방법 찾다 과정 성장하다 풀다 버리다 당장 이해 머리 남지 무슨 의미 이래서 인문학 귀하다 여기다 이렇다 미래 10년 앞서 묘사 소설 차다 많다 생각 하고 고민 능력 사라지다 30 삐친 머리 ai 적극 활용 사고력 이지 ai 한테 맡기다 순간 인간 바보 소재 최종 검토 결정 인간 44 생각 보다 충격 결과 3분 카레를 가열 는걸 요리 라고 어렵다 생각 과정 ai 에게 넘기다 결과 읽다 공부 라고 하기는 어렵다 문제 답안 지만 읽다 다르다 도움 공부 그닥 발달 과정 에서는 스스로 생각 해보다 탐구 해보다 시간 반드시 필요하다 텔레비젼 처음 나오다 바보 자라다 비슷하다 걱정 ai 친숙하다 편하다 사용 환경 만들어지다 무조건 걱정 비판 보다는 학습 방향 바뀌다 겠다 간편하다 좋다 사람 살다 중요하다 경험 지식 그대로 남지 누가 대신 해주다 학습 안남다 그래서 수학 문제 풀다 보다 국어 영어 작문 시키다 거고 체육 육체 기억 내몸읓 다루다 근육 기욱 시키다 거지 이제 교육 학습 시대 도래 겁니다 30년 40년 낡다 빠지다 교육 정책 근간 뿌리 뽑다 시대 오다 이상 대학 취업 교육 필요없다 당연하다 사라지다 원하다 배우다 싶다 알다 사람 ai 라는 도구 활용 배움 얻다 추구 진정하다 배움 시대 오다 굳이 그렇다 싶다 대부분 사람 기계 지능 에게 의탁 어차피 모든 인간 기계 지능 도움 살다 마치 계산기 사용 하고 전화번호 외우다 스마트폰 저장 능력 확장 하고 처럼 똑바로 저건 적극 활용 아니다 뜨다 맡기다 잖다 ai 적절하다 사용 사람 오히려 도움 괜히 일이 쉽다 보이다 사람 고수 라는 아니다 ai 가다 아무리 똑똑하다 자다 알다 주다 들다 베이스 사람과 경험치 어느 정도 쌓이다 사람 내놓다 결과물 하늘 차이 이건 agi 인지 인지 등장 까진 절대 변하다 진리 애기 머리 마리 정도 키우다 보다 새집 귀엽다 붙다 도움 아니다 외주 저건 중요하다 뉴스 세대 혹은 다음 세대 까지를 결정 짓다 중요하다 갈림길 여기 잘못 다음 세대 우리나라 나락갈 수도 스스로 사고 모르다 나중 에는 ai 가다 루시 네이션 내다 인지 본인 스스로 내다 인지 아예 분할 능력 그냥 옛날 tv 바보 상자 부르다 그거 차이 보이다 이래서 금일 금요일 구별 바보 많아지다 사회과학 연구 사람 으로서 말씀 드리다 학생 한테 논문 읽다 강요 지피다 요약 말고 이유 연구 라는 지식 쌓이다 자기 연구 어떻다 기여 selling points 자다 적다 그건 많이 읽다 그래서 일단 최대한 많이 읽다 쓸다 도움 받다 스트레스 줄이다 방법 이라고 말함 과거 논문 하나 쓰다 개월 정도 걸리다 지금 주다 한글 영어 번역 교정 아무렇다 사람 스트레스 없이 20달러 자다 사용 중요하다 시대 되어다 자다 사용 본인 학습 자다 ai 활용 그룹 업무 성과 활용 능력 훨등할듯 계산기 쓸다 사람 암산 느리다 수준 실험 애초 똑똑하다 자기 전부 생각 하고 아이디어 내다 브레인스토밍 친후 마지막 정리 매끄럽다 연결 시키다 부분 최종 검토 활용 하고 머리 나쁘다 처음 부터 까지 gpt 의존 효율 엄청나다 차이 생기다 마냥 나쁘다 볼순 올바르다 활용 알다 이끌다 부모 역할 아니다 애초 그런 유형 부모 이미 신경안 쓸다 인류 원래 생물 한계 도구 활용 기능 확장 시키다 오다 내비게이션 등장 지도 외우다 필요 없어지다 스마트폰 등장 전화번호 외우다 필요 없어지다 덕분 인간 생산 이고 창의 영역 집중 된거 ai 학습 능력 떨어지다 애초 넌센스 무언가 암기 하고 자다 꺼내다 이상 중요하다 능력 되어다 보다 다양하다 분야 지식 탐독 하고 경험 해보다 중요하다 이제 학습 무언가 외우다 정답 맞추다 실력 키우다 목적 두다 다양하다 지식 경험시키다 새롭다 무언가 만들다 보다 중요하다 보다 ai 에게 공부 해안가 부분 궁금하다 의문 깔다 설명 해달라다 공부 만들다 세계 최고 선생님 한테 써주다 하는격 근데 문제 성과 측면 ai 사용 그룹 월등하다 점수 받다 ai 쓰다 의존 지금 문제 기다 크다 문제 공부 해보다 사람 알다 처음 배우다 문장 공부 이고 줄이다 단어 수준 요약 만들다 요약 보고 문장 라락 떠오르다 경험 다른 사람 보다 일부 축약 내용 응용 전체 내용 모르다 이해 돼다 접근 조차 어렵다 쓰다 만들다 생각 결과 나오다 물다 개발 아니다 gpt 생각 중요하다 책임 지다 이렇다 아니다 도덕 시험 보다 살다 전혀 다른 시험 공부 인성 공부 차이 아니다,50
https://www.youtube.com/watch?v=qbAEmWd4Ea8&pp=ygUM7J207Iqk65287JeY,"[이슈픽] 동시다발 폭격 퍼부은 이란·헤즈볼라...""이스라엘 해군기지 쑥대밭"" / YTN",이스라엘,2538,이란 힘내다 이기 호루무즈 조건 없이 풀다 야하다 good job 이란 미국 본토 공격 불다 이스라엘 네타냐후 총리 독일 히틀러 총통 하고 하나 다르다 똑같다 국력 독일 똑같이 크다 히틀러 보다 무지막지 심하다 수도 겁니다 신다 침묵 신의 자식 악마 이면 받다 이스라엘 뿌리다 거두다 성경 보다 하느님 이스라엘 버리다 이스라엘 파국 맞다 때리다 가만있다 바보 불법 전쟁 략탈 협박 테러 승기 잡다 세상 아니다 쓰다 좋다 그렇다 동시 공격 타격 주다 보다 이스라엘 기름 보상 제목 이스라엘 해군기지 쑥대밭 이르다 기대하다 들어오다 미국 지상군 투입 경우 베트남 전쟁 되어다 쫄닥 망하다 처음 공격 미국 우리 현무 30 쏘다 공격 어떻다 되어다 미군 무덤 이란 릴라 선악 지대 고전 몈치못할 이고 60년 베트남전 떨다 올리다 이스라엘 정신차리다 만큼 맞다 돼다 미국 미사일 쓰다 남다 무기 라곤 핵폭탄 밖에 이스라엘 바다 보다 통쾌하다 이란 미국 전쟁 말세 징조 미국 이스라엘 진작 이스라엘 때리다 이제야 트럼프 연설 이란 때리다 연막 작전 어제 뉴스 라이브 라고 ytn 사기 방송 미국 역사상 대통령 가장 위험하다 무능하다 대통령 트럼프 아니다 이스라엘 폭격 민간인 죽이다 그렇게 모르다 이제 크다 맞다 전범 이랑 다르다 이란 승리 핫팅 외국 기자 이스라엘 가다 우리 기자 요르단 에는 이스라엘 봄날 가다 총리 사람 나라 망치다 트럼프 미국 망치 선택 미국 국민 속이다 썩다 이스라엘 쑥대밭 되어다 적어도 미사일 투하 이란 100 승리 중동 지방 마귀 이스라엘 악의 뿌리 끊다 나라 오직 이란 밖에 트럼프 지금 다른 골목 서다 오래전 부터 따라다니다 앱스틴 스캔들 탄핵 위험 으로부터 빠져나오다 목적 그동안 많다 실수 저지르다 지금 빠지다 수렁 으로부터 나오다 발버둥치다 수록 깊다 빠지다 들어가다 그렇다 에게 위기 모면 하나 묘수 전혀 그것 오랜 세월 동안 부시 되어다 오다 이란 무장 트럼프 부분 혹은 전면 허용 물론 방법 미국 이스라엘 패권 주의 사고방식 에도 정면 충돌 하고 미국 유태인 세력 전면 반대 부딪치다 만약 이란 무장 지금 까지 중동 지역 일진 노릇 이스라엘 견제 세력 이란 새롭다 등장 세계 평화 바람직하다 일이 라고 생각 지금 지구 가지 수많다 국가 존재 그중 무장 국가 하나 늘어나다 가정 그로 인하다 지구 상의 평화 심각하다 손상 이유 라는 생각 도대체 어디서 나오다 지금 대다수 국가 만약 이란 무장 세계 평화 심각하다 위협 동조 미국 지금 소유 공산 국가 중국 러시아 북한 나라 에는 제대로 대처 마치 이란 만은 절대 무장 안되다 논리 밀다 붙이 세계 인들 가스 생각 결론 지금 미국 세계 여러 국가 특히 un 함께 세계 평화 유지 방법 구체 이란 합의 하고 무장 허용 지금 이란 전쟁 수많다 인명 살상 보다 훨씬 좋다 결과 낳다 이라는 생각 그러하다 해결 많다 국가 부터 공감 이끌다 내다 이고 이렇다 합의 이스라엘 폭주 막다 중동 장기 평화 유지 분위기 조성 이렇게 전쟁 일으키다 극단 조건 서로 갖추다 평화 아니다 파멸 의미 이기 장기 평화 자동 보장 이야기 만약 트럼프 지금 이란 공격 수많다 상자 양산 결국 명분 전쟁 일으키다 전쟁 몰리다 스스로 파멸 자초 분명하다 만약 트럼프 지금 이라도 적극 이러하다 평화 방향 바꾸다 결과 트럼프 자신 얼룩지다 과거 세탁 이고 나아가다 인류 평화 공로 차기 노벨평화상 쟁취 명분 충분하다 보이다 지다 북한 기술자 이란 가다 벌다 김정은 에게 바치다 북한 언젠가 남침 나라 러시아 하고 남침 미국 멀리 이유 남침 이유 농촌 가다 대학 등록금 수업 업다 가다 농촌 발전 시키다 야하다 벙커버스터 이란 완전 파괘 함부로 나무 나라 공격 이스라엘 미국 까지 불다 소련 한테 핵무기 하나 빌리다 이스라엘 날다 버리다 영원하다 없어지다 래야 세계 평화 오다 네타냐후 드람포 제거 중국 대만 치다 민주당 대표 정청래 의원 국무총리 김민석 의원 현재 이란 정권 핵심 테헤란 미국 대사관 점거 사건 주역 같이 전두환 시절 서울 미국 문화원 점거 사건 주역 그렇다 민주당 의원 상당수 이번 이란 미국 이스라엘 전쟁 이란 승리 하리 라고 보다 트럼프 김민석 총리 미국 대사관 점거 사건 주역 이라는 사실 모르다,34
https://www.youtube.com/watch?v=qvwzzrcoodE&pp=ygUJ7JuU65Oc7Lu1,"신유빈, 여자 탁구 선수 사상 첫 월드컵 단식 4강...11점 연달아 내며 만리장성 완파｜지금 이 장면",월드컵,10791,살다 국제 대회 11 이란 처음 보다 삐약이 우리 삐약이 오다 대단하다 중국 그냥 넘다 아니다 11 이라니 11 대다 일반 인들 사이 에서도 아래 라도 거의 불가능하다 스코어 어떻다 선수 레벨 이렇다 스코어 나오다 작년 부터의 유빈 확실하다 전성기 들어서다 응원 삐악 꼬꾸댁 돼다 멋지다 유빈 자랑스럽다 화이팅 유빈 선수 반응속도 엄청 빨르다 화이팅 득점 하고 삐약 귀엽다 유빈 유빈 어리다 부토 보다 그렇다 아직도 애기 그런데 이렇게 탁구 아이 자라다 대단하다 파이팅 강호동 나오다 방송 웃기다 11 대다 역사 다시 나오다 기록 아니다 탁구선수 출신 세계 대회 11 대다 나오다 대단하다 아니다 순간 중국 한테 식겁하다 유빈 11 압승 만리장성 완파해 박살 내버리다 대단하다 삐약이 유빈 선수 스타킹 탁구 신동 나오다 앙증 맞다 스매싱 어느새다 대한민국 대표 어엿하다 대목 성장 실력 월등하다 얼굴 이쁘다 기부 많이 뉘집 인지 응원 광고 많이 찍다 본업 열심히 실력 갈수록 취월 장이 오다 점점 기량 좋아지다 응원 우리나라 분야 마다 천재 나오다 11 대다 이라니 대단하다 아니다 11 태어나다 보다 우와 유빈 대박 유빈 선수 화이팅 탁구 넘사벽 유빈 최고다 유빈 자다 자다 치키다 세우다 살다 이건 자다 하니 이쁘다 어리다 부터 떡잎 남다르다 결국 성공하다 축하 유빈 망나뇽 국산 로치 망나뇽 파워 최고 예요 사랑 노력 예쁘다 유빈 존경 처음 뜨다 한계 보이다 점점 성장하다 가즈 오다 점점 발전 화이팅 탁구 안세영 삐약이 유빈 선수 홧팅입니 자다 랠리 역대 준결승 응원 탑랭커들 한끗 차이 상대 지난해 세트 이기 하고 지다 서다 하니 기분 좋다 나라 넘기다 쉬다 삐약이 파이팅 삐약이 쑤다 덩더쿵 덩더쿵 오타 우리 자랑스럽다 국가대표 한국인 기개 보여주다 고맙다 축구 경기 보다 노력 좋다 태도 가지다 사람 결국 해내다 태도 박수 보내다 멋지다 유빈 선수 유빈 선수 소식 들려오다 마다 자꾸 벌어지다 소식 밖에 대단하다 아랑 유빈 꽃길 걸다 오다 이리 이쁘다 유빈 이제 이상 삐약이 아니다 맘껏 높이 비상하다 임팩트 파워 엄청 나다 강하다 코너 공격 타점 정확하다 미스 엄청나다 훈련 유빈 선수 존경 유빈 화이팅 복수혈전 많다 습량 유빈 선수 최고 유빈 선수 드디어 진화 대한민국 유빈 선수 고맙다 유빈 선수 노력 대단하다 역사 진출 축하,46
https://www.youtube.com/watch?v=rYxNP7hxDIA&pp=ygUJ7JuU65Oc7Lu10gcJCQQLAYcqIYzv,"최악의 인간 유형 월드컵 (with 곽튜브, 키드밀리)",월드컵,13614,월드컵 아니다 시간 동안 신나다 싸우다 아아 얼마 인가 팩트 로만 뒤지다 까지 인간성 벗기다 버리다 크다 라식 침펄 포맷 이건 그냥 월드컵 아니다 계속 서로 흉보다 키드 밀리 긋다 튜브 영상 챙기다 보다 오다 근데 눈치 빠르다 입담 좋다 시간 동안 거의 백합 나누다 여포 유비 관우 장비 싸우다 이런 느낌 인가 하루 종일 싸우다 아니다 비꼬기 나오다 갑자기 의기 투합 본방 알아차리다 이건 레전드 편이 고맙다 침렉산더 대왕 53 10 안경 쓸다 거구 첫등장 우울하다 마다 오다 어떻다 조리돌림 1시간 동안 29분 부터 나오다 프리스타일 비꼬기 벌스 미치다 어케 순간 나오다 이번 영상 웃기 영상 처음 부터 까지 서로 무호 흡연 끊임없다 갈기 다가 끝낰 32 12 실전 경험 많다 검투사 조차도 실제 전장 살다 황제 한테 늘다 세다 영상 시작 부터 까지 지다 들다 끼리 싸우다 웃기 곽튜브 텐션 이쁘다 올리다 간만 개방 장도 잠깐 침숭 나오다 포인트 정보 실제 나오다 황제 콤모두스 콜로세움 내려가다 검투사 싸우다 즐기다 채팅 계속 누구 이르다 웃기다 쇼미더머니 디스전 보다 빡세 오늘 영상 승자 재미 사장 한테 욕먹다 콜로세움 황제 한테 비꼬기 당하다 언급 가장 많이 계곡 좋아하다 사람 거지 라는 자체 폭력 적임 이랑 밀리 방송 안다 재밌다 근데 튜브 편집 클로즈업 이나 예시 그림 등등 적재적소 쓰다 개쩖 황제 이기 검투사 튜브 올해 영상 유력 29 15 황제 반격 키드 밀리 부드럽다 자다 넘기다 던지다 비다 넘기다 하나 따지다 묘미 그걸 즐기다 침착 까지 가슴 옹졸하다 웅장 쪼그라들다 튜브 계곡 써다 튜브 서럽다 얘기 저건 찌다 알다 동생 대형 이랑 같이 유튭 한번 찍다 힘들다 부탁 같이 나오다 10 36 이건 영원하다 바뀌다 마지막 정해지다 오랜 침착 근본 느끼다 옛날 침펄 배달 음식 싸우다 나다 32 20 준빈 삐지다 18 32 거지 어감 웃기 살다 살다 거지 들다 보다 중간 싸움 붙이 즐겁다 사람 제일 나쁘다 사실 주먹 써다 액션영화 그것 쥰내 잘맞다 방이 살벌하다 콜로세움 분노조절 거지 쇠붙이 좋아하다 잠수 인간 아니다 비꼬다 콜로세움 사장 안경 쓸다 거구 문신 요리사 건드리다 안되다 번개 계곡 좋아하다 사람 채팅 계속 누구 이르다 웃기다 이번 명작 이네 1시간 내내 싸우다 역시 침착 영상 살짝 유해하다 재밌다 저러다 서로 마음 조마조마 준빈쿤 똑똑하다 숨다 지배 하고 황제 이병건 직접 내려오다 만들다 황제 검술 굉장하다 분위기 격해지다 마다 아니다 비꼬다 사람 칭찬 콜로세움 황제 300만 유튜버 올라오다 싸우다 다운 시키다 이렇다 사람 유형 거의 다운 이라고 해도 그냥 아무 거나 이기다 병건 최악 적다 최악 튜브 키드 밀리 나오다 편중 제일 재밌다 일단 현재 시점 기준 올해 영상 시들다 곽준 비다 계속 불쏘시개 넣다 버리다 그렇다 이지 최근 튜브 본적 이건 끝나다 바로 다시 바퀴 돌림 방장 톡식 재밌다 이렇게 니까 들다 굉장하다 결격 사유 사람 몇번 보다 웃기 10 번은 넘다 보다 오랜 레전드 나오다 근데 이건 파김치 보다 이해 31 28 엘리트 검투술 바로 나오다,48
https://www.youtube.com/watch?v=rck4BsUhzeY&pp=ygUM7J207Iqk65287JeY,유가 폭등에 전세계 '초긴장'인데…연료시설 때린 이스라엘에 미국 '격노' (자막뉴스) / SBS,이스라엘,2507,네타냐후 지다 살리다 미국 이용 밖에 해석 안되다 네타냐후 악의축 이네 자고 국민 이고 변국 이고 이고 네타냐 하나 확실하다 이란 핵무기 무장해제 아니다 그냥 감옥 가기 싫다 최악 발악 트럼프 표정 어떻다 선하다 개웃 기네 자신 생각 전쟁 아니다 이래도 아직도 전쟁 옳다 인지 이로써 전쟁 누구 에게도 좋다 보여주다 사례 돼다 네타냐후 총리 재임 합치 19년 째다 위기 마다 전쟁 일으키다 선거 미루다 없애다 독재 인데 정도 시진핑 보다 더하다 놈임 네타냐후 악마 가다 지역 주민 몰살 시키다 이제 이란 국민 혼자 살리다 저러다 유대 평이 좋다 이란 석유 시설 장악 시설 파괴 미국 입장 에서는 낭패 겠다 악마 사탄 전쟁 인류 괴롭다 미국 입장 에서는 저걸 빼앗다 자기 주무르다 시설 때리다 부수 화가 나다 악마 유대인 네타냐후 아니다 도람 푸다 이란 정유 시설 꿀꺽 전쟁 비용 벌리다 폭파 짜다 치다 고스톱 미국 러시아 모두 유가 상승 원하다 만약 이란 60 이상 점령 호르무츠 해협 밉다 쏘다 합동 점령 석유 가격 지다 마음 대로 세계 가지 놓다 유가 상승 중동 산유 에는 물론 지다 기름값 오르다 도람 푸다 지지율 영향 지금 생각 해보다 들다 그렇다 이해 간다 악의축 유대인 네탄 미국 이란 항복 신나다 이란 석유 먹다 전리품 이스라엘 날다 버리다 빡치다 큰일 이네 이스라엘 미국 협의 전쟁 이상 진행 보이 미국 들러리 슨것 처럼 보이다 한심하다 라지 진행중 푸틴 보다 악당 이스라엘 네타냐후 미국 목적 기름 목표 이거지 저러다 보다 전쟁 오래 갈다 싶다 네타냐후 문제 도람프 전쟁 비용 유전 상쇄 아깝다 원흉 네타냐후 앞잡이 트럼프 이야 이스라엘 기름 들다 생각 이야 트럼프 유가 박살 나다 세계 경제 뒤집어지다 조마조마하다 전술 송곳 공격 인데 이스라엘 오함마 때리다 부수 어이 네타냐후 새끼 반듯이 처벌 악의 이네 이유 역시 전쟁 이의 지구 울다 인간 욕심 지구 무너지다 미국 훈련 군견 이스라엘 사냥 보다 도사견 이르다 나치독일 이랑 이스라엘 다른 지보면 똑같다 두다 미국 실수 그러면 중국 대만 침공 아무 학교 공격 시점 부터 전쟁 아니다 학살 시작 기름 어디 까지 오르다 보다 협상 끝나다 멸망 어디 하나 지구 사라지다 끝나다 대체 이야 영국 이스라엘 이스라엘 끝없다 전쟁 지구인 에게 고통 주다 미국 함께 고통 가하다 어쨌거 전세계 기름값 어찔하다 우리 포격 하고 3일 만에 30 인상 꼭두각시 내다 정도 세계 공공 의적 미국 아니다 인구 감축 하자 떠들다 대다 유대인 들이다 자기 무조건 살다 다른 종교 동양인 흑인 죽이다 떠듬 세계 대전 나치 죽다 안타깝다 러시아 신나다 유가 올라가다 러시아 신나다 미국 이번 기회 이스라엘 하고 모든 가능하다 여기다 미치다 트럼프 이란 퇴로 계속 버티다 확정 이고 국제 원유 나르다 가다 그만큼 오르다 지고 에야 인걸 알다 총통 네타냐후 윤석열 개량 버전 인데 저눔 보다 많이 모자라다 다행 이제 엿댄거 기름값 3000원 가게 생기다 이스라엘 물귀신 또람 푸다 한테 지상전 투입 라고 또람 푸다 빨다 각재 보다,50
https://www.youtube.com/watch?v=s4Ow55AbdCg&list=RDs4Ow55AbdCg&start_radio=1&pp=ygUJ64m07KeE7IqkoAcB,NewJeans (뉴진스) 'ETA' Official MV (Performance ver.),뉴진스,494352,기자회견 희다 엄청 즐겁다 지원이 홍보 말르다 그니까 이상하다 뉴진스 보다 방송 하나 세라핌 런닝맨 나오다 예능 나오다 뉴진스 홍보 자체 그렇다 하고 뉴진스 잃다 확실하다 뭔가 다르다 miss era 민희진 이렇다 작품 보다 슬프다 wa ceo long newjeans wa generating revenue company could care less wa charge group wa generation group hard capture large audience quickly newjeans forever ot5 newjeans five 아이폰 광고 아이돌 최초 따내다 희진 eta 보다 독립운동가 해외 보내다 비밀 서신 느낌 인데 혜진 역대 디스곡 지원 여친 실명 거론 내다 신변 보호 해외 알리다 애플 이랑 협업 싶다 누가 댓글 달다 알다 eta 지원이 도대체 누군가 지원이 여친 하고 헤어지다 그렇다 하필 지원 인가 소스 뮤직 박지원 이고 여친 여자친구 하이브 다니엘 대다 오다 방씨 저격 빈지노 가사 받다 소름 노래 처음 들다 날로 돌아가다 40 대다 주식시장 보다 경영 분쟁 보다 뉴진스 입문 방시혁 덕분 황금알 낳다 오리 이야기 현실 보다 빈지노 작사 해주다 이유 가지 밖에 안되다 장소 그냥 종류 보다 무방 정도 예산 정도 내다 민희진 대박 세상 살다 살다 선후배 사이좋다 쎄다 보다 내부 서로 이렇게 치열하다 cry whenever newjeans start playing playlist please come back miss 다시 보다 오다 진심 트렌디 하고 세련 돼다 2년 노래 아직도 신곡 처럼 듣다 뭔가 다르다 요즘 아이돌 이랑 차원 달라 보다 miss popular loved everyone 지금 까지 나오다 전부 타이틀곡 들이다 정성 달라 그렇다 돌아가다 싶다 다시 뉴진스 완전체 보다 뉴진스 보고 싶다 기다리다 안무 구멍 파티 추다 처럼 즐기다 에너지 빡시다 추다 쾌감 노래 컨셉 제대로 이해 하고 즐기다 여서 보다 사람 신나다 가사 니까 힙합 정신 자체 그냥 대놓고 끄다 버리다 심지어 자기 대가리 들다 아들 그런 느낌 일만 지원 여친 헤어지다 그날 역시 250 뽕필 뉴진스 맛집 이지 json put eta 사람 뉴진스 뉴진스 하나 오우 베리 굿얘 들다 전세계 먹다 지금 까지 지원이 여자 알다 이름 편협 사랑 서다 넓다 존중 제발 세상 가장 아쉽다 아깝다 그룹 가사 중간 뜬금 생각 들어서다 그때 요즘 런가 생각 이건 빅픽쳐 각분 천재 모이다 만들다 결과물 discography unique miss lot huhu 대표 응원 뉴진스 에겐 대표 shoutout 100k jasontheween 맞다 누나 덕분 돼다 노래 중독 지금 어도 엄청 세련 돼다 이상 노래 지원이 그룹 해체 시키다 이렇다 컨셉 에서도 독보 뉴진스 만의 색깔 나오다 뉴진스 이제 의리 감다 like seeing ex loved lot circumstance happened 확실하다 민희진 방시혁 생각 가사 어보 되게 묘함 지원이 여자친구 헤어지다 그랬구나,48
https://www.youtube.com/watch?v=sK5WVys3n7k&pp=ygUM7J246rO17KeA64ql0gcJCQQLAYcqIYzv,‘알파고 대국 10년’…다시 AI 마주 선 이세돌 / KBS 2026.03.10.,인공지능,6307,벌써 10년 이나 지나다 그게 놀라다 시간 빠르다 어휴 인류 이기다 아니다 이기다 이세돌 알파 대결 2016년 이었다고 ai 기술 어쩌고 보다 놀라다 체감 5년 된거 버그 일으키다 의도 당시 가장 인간 결정 머리 차다 오랫동안 떠나다 인간 ai 이기다 사실 불가능하다 이세돌 고뇌 하고 도전 마음 아프다 인정 하고 발전 해나 가다 모습 더욱 아름답다 만들다 댓글 보다 사람 전부 대결 보다는 경기 벌써 10년 지나다 놀라다 나다 마찬가지 벌써 10년 지나다 세월 차다 빠르다 ai 사람 이기다 사실 불가능하다 무게 남다르다 이세돌 사범 경험 크게 느껴지다 2016년 에는 그래도 까지 바둑 두다 그래도 이기다 지금 10분 컷이네 모든 분야 이렇다 일이 날다 무섭다 인간 포크레인 대결 벌이다 포크레인 사용 이지 맞서다 대상 여기다 벌써 10년 전이라는게 가장 놀라다 심지어 입력 시키다 만들다 바로 대국 시작 진행 습득 오다 이세돌 알파 대결 10년 넘다 시간 빠르다 벌써 10년 일인 하고 살다 알파 대국 2016 이후 2022년 성형 ai 가다 나오다 세상 바뀌다 인간 통제 무섭다 지다 인간 난제 모두 풀다 난치병 치료 치료법 등등 10년 전이 라고 5년 아니다 오다 시간 차다 빠르다 흘러가다 세상 차다 곱절 변화 여기 뉴스 에는 자세하다 나오다 영상 ai 구동 pc 가다 밥솥 3분 크기 16년 해도 알파 서버 수준 컴퓨팅 파워 요구 그게 하나 처리장치 작다 크기 구동 옛날 시대 그립다 멀다 10년 이세돌 vs 알파 트와이스 샤샤 속초 포켓몬 대란 드라마 태양 후예 드라마 도깨비 영화 곡성 영화 부산 아이실드 21 주년 단편 나오다 대사 인간 따위 진작 반도체 한테 두발 들다 으로의 미래 전부 그렇게 최적 찾기 로는 이제 누구 al 비기다 그래도 이야 최적 너머 용기 만으로 계속 발버둥치다 살아오다 그게 바로 인간 watching say amazing job world need creator like keep going 여기 까지 오다 고작 10년 이제 기술 혁신 시기 점점 짧아지다 그걸 인류 자다 받아들이다 좋다 이세돌 현장 직접 만들다 중요하다 10년 전엔 구글 엘리트 ai 전세계 권위자 달라붙다 제작 it 문외한 30분 걸리다 인간 이기다 만듬 2년 전엔 상상 일임 이제 ai 오다 공존 필요하다 인간 서로 상호작용 높다 시너지 추다 기대 부분 좋다 시스템 악용 사례 예방 인간 숙제 벌써 10년 전이라니 이세돌 멋있다 스스로 생각 하고 전략 까지 세우다 기보 자체 대국 어떻다 이기다 이세돌 화이팅 그래도 당신 인간계 최고 공존 제발 살리다 분명 인공 지능 경계 이유 여실히 보여주다 현실 인간 발전 속도 기계 발전 속도 만큼 격차 벌어지다 보다 항상 강력하다 제재 보안 따라오다 무조건 하나 늙다 보이지 놀라다 뻔하다 지다 알다 대결 이세돌 멋지다 아름답다 인공 지능 무섭다 세상 가져오다 인류 에게 마냥 좋다 일일 끄다 00 01 24 오버 리프 화면 보다 심장 뛰다 어휴 마지막 승리 구나 기존 에는 바둑 실력 정상 탈환 이제 바둑 실력 키우다 인공 지능 이해 활용 숙련 까지 필요하다 거지 바둑이 어려워지다 ai 가다 나타 백년 여겨지다 인간 바둑 수가 바로 깨지다 프로 기사 1000 한수 시간 토의 하고 두다 1초 마다 두다 ai 이기다 ai 가다 인간 보다 많다 바둑 스포츠 인간 즐기다 의미 교육 활용 돼다 대학교 졸업 하고 침대 보다 딸둘 아빠 시간 빠르다 10년 안되다 발전 일반인 인공 지능 쓰다 시대 빨리 발전 그러니까 대국 로부터 나이 10 살이 늘다 이세돌 목소리 스타 목소리 귀엽다 그래도 알파 고르다 상대로 승전 유일하다 인간 신가 알파 고상 대로 타이틀 만해 역사 기록 정도 엄청나다 업적 사람 두뇌 기계 점령 놀라다 ai 아무 세상 오다 무섭다 기도 알다 스카이 절대로 만들다 인간 ai 이기다 방법 100 이해 하고 활용 ai 인간 싸움 사실 이라고 보다 대결 아니다 솔직하다 10년 전에도 치사하다 싸움 이라고 느끼다 이세돌 대단하다 10년 전꺼 업그레이드 판일 지금 그리다 아니다 현실 만들다 단계 이르다 구만 팩트 이세돌 인지도 높다 이지 실력 자체 역사 이세돌 보다 뛰어나다 사람 많다,49
https://www.youtube.com/watch?v=sVTy_wmn5SU&list=RDsVTy_wmn5SU&start_radio=1&pp=ygUJ64m07KeE7IqkoAcB,NewJeans (뉴진스) 'OMG' Official MV (Performance ver.1),뉴진스,2490682,민희진 절대 댓글 삭제 하이브 삭제 좋다 누르다 위로 올려주다 뉴진스 데뷔 미루다 세라핌 데뷔 그런 방시혁 정신 차려 제발 newjeans really manifested concept like beautiful memory past nostalgia haunt never replicated something recall never back newjeans five newjeans always five danielle missed 희진 도대체 어떻다 싸움 해오다 니까 그냥 사이비 아니다 정계 까지 어느 실종 자택 자살 보도 나오다 무섭다 님들 이건 퍼포먼스 비디오 공식 뮤직비디오 따로 그걸 보다 제대로 이해 let honest newjeans release song created whole new era let get masterpiece 600m view 1b spotify girl still 2026 최신 하이브 직원 댓글 삭제 하고 삭제 보이다 댓글 좋다 누르다 민희진 절대 댓글 삭제 하이브 삭제 좋다 누르다 위로 올려주다 그냥 아이돌 분들 스밍 해주시 좋다 누르다 야하다 이렇다 분위기 다른 아이돌 다시 보다 좋다 여러분 지금 하이브 전략 바꾸다 대요 댓글 삭제 말고 댓글 좋다 누르다 위로 띄우다 언급 댓글 좋다 누르다 위로 올려주다 뮤비 역대 이유 여태 까지 즐기다 오다 익숙해지다 뮤비 이야기 하나 만에 통째 뒤집어지다 재다 된거 사건 까지 그냥 평범하다 아이돌 뮤비 처럼 보이다 소름 돋다 뉴진스 지금 네이버 치면 소속사 뜨다 네이버 어도 어치 공식 홈페이지 뜨다 계속 댓글 삭제 계속 모든 댓글 좋다 누르다 ot5 4ever 오늘 민희진 대표 주주총회 랍니 여러분 민희진 대표 무사하다 바라다 댓글 하트 한번 부탁드리다 여러분 하이브 달리다 댓글 마다 모두 삭제 보이다 댓글 모두 좋다 누르다 배댓 인기 삭제 이상하다 bring backkkkk 여러분 민희진 절대 만약 4월 30일 무슨 일이 생기다 모두 하이브 에게 책임 지다 댓글 삭제 되어다 좋다 누르다 newjeans without danielle danielle missed ot5 forever 민희진 대표 기자회견 누구 좋다 죽다 자살 생각 의지 분명하다 밝히다 비보 들려오다 절대 자살 아니다 기억 해주다 그렇게 관심 계속 가다 널리 뜨다 줄다 newjeans without danielle core member 방시혁 omg 성공하다 뜬금없이 즐겁다 즐겁다 고요 보내다 이해 가감 혼란 스럽다 omg 듣다 하이브 최신 댓글 삭제 계속 좋다 누르다 newjeans never dy danielle 민희진 지키다 댓글 아깝다 30분 전에 배댓 사라지다 민희진 뉴진스 절대 지키다 따다 우연 이라 치다 노래 오직 너뿐이야 너뿐이야 라는 표현 내다 두다 너뿐이 라고 뜬금없이 표현 거기 중간 실제 역도 아니다 촬영 세트 인데 센터 신도림 굳이 흑백 사진 작다 넣다 의도 민희진 갑자기 뉴진스 안쓰럽다 보임 민희진 레알 엄마 마음 사이비 로부터 지키다 거임 really miss era 여러분 가능하다 omg 스밍해 줄다 언론 사건 해주다 omg 만들다 힘들다 한번 해주다 돌고래 유랑 뮤비 제작 실화 바탕 제작 뻐꾸기 둥지 위로 날아가다 오마주 그게 정신 병동 주인공 멀쩡하다 거임 시스템 사람 만들다 민희진 혼자 무슨 싸움 해오다 대단하다 bts 부터 단월드 얘기 나오다 아미 라면 알다 이번 아일릿 앨범 그네 그네 단월드 성경책 이름 인가 그렇다 앗다 징그럽다 방시혁 민희진 하이브 들어가다 근데 보다 하이브 단월드 사이비 무르기 멤버 모으다 이미 많다 준비 와중 세라핌 데뷔 시키다 야하다 뉴진스 데뷔 강제 미루다 당하다 하이브 최초 타이틀 빼앗기다 민희진 뉴진스 아이 방치 싫다 무엇 포기 데뷔 푸다 많이 해주다 뜨다 누가 보다 신선하다 뜨다 방시혁 단월드 숭배 노래 만들다 민희진 노래 그렇게 만들다 만을 믿다 등등 10 단월드 단군신화 믿다 단군 믿다 사이비 환웅 11 그래서 뮤비 단독샷 나오다 그것 이나 환웅 12 민희진 노래 방시혁 뜻대로 돼다 뮤비 통수 13 단신 믿다 연기 뉴진스들 정신병 취급 정신병원 컨셉 잡음 14 그때 사랑 노래 섬뜻 정신병 자다 많이 먹음 민희진 욕먹다 알다 대중 떡밥 흘리다 진행 시키다 15 그래서 기자회견 민희진 뉴진스 omg 뮤비 협박 받다 ex 좋다 좋다 방시혁 믿다 단월드 단군 믿다 일본 치다 올리다 사이비 단군 일본 신의 이네 일본 떠받다 들다 사이비 니다 정리 붙다 해주다 오늘 사람 소름 인게 들다 지금 언급 조금 이라도 1초 단위로 삭제 당하다 예요 제발 민희진 도와주다 뉴진스 세뇌 이야기 해주다 이건 뜨다 여러분 댓글 좋다 빨리 누르다 대형 기획사 우리 데려가다 제발 우리 앞날 창창하다 풋풋하다 아이 들이다 민희진 기자회견 다소 격양된 모습 억울하다 저러다 유독 하이브 죽다 바라다 보다 자살 바라다 보다 계속 이유 love newjeans danielle pls comeback 대한민국 국민 무시 보여주다 야하다 댓글 삭제 학생 여러분 시험 공부 힘내다 특히 돌판 10 대가 많다 데리 따다 모르다 민희진 국힙 인거 초반 민희진 기자회견 마녀 라고 단순하다 마녀사냥 표현 아니다 자기 이번 4월 30일 제물 바치다 마녀 는걸 굳이 그렇다 표현 쓸다 소름 plsss let 400m 뮤비 마지막 다니엘 우리 뮤직 비디오 촬열중 이야 라고 대중 지금 까지 보다 omg 뮤비 방시혁 억지로 시키다 연기 라는 뜻임 healing yoga brain education 뇌교육 명상 기업 지금 커뮤니티 불타다 기사 뜨다 제일 무서움 언론 이냐 want new jean back omg 차트 인하다 제발 스밍 해주다 지금 뉴진 스미다 희진 위험하다 제발 댓글 계속 삭제 하고 계속 쓰다 좋다 요도 누르다 하이브 단월드 라는 사이비 믿다 민희진 뉴진스 한테 믿다 강요 민희진 단월드 사이비 라고 돌리다 깔다 뮤비 만들다 그게 omg 기자회견 카톡 보다 omg 뮤비 협박 당하다 카톡 사다 민희진 뉴진스 같이 데리 하이브 나오다 이유 사이비 강요 인데 사람 알아주다 올려주다 민희진 한테 좋다 일만 하이브 사이비 까지 수면 위로 올라오다 큰일 anyone april,50
https://www.youtube.com/watch?v=sco0M5UQYQY&pp=ygUM7J246rO17KeA64ql,'이런 생각' 못하는 사람은 AI시대에 더 이상 살아남지 못합니다 ㅣ Ep. 47 책과사람 (김대식 교수),인공지능,22631,진정하다 과학자 필히 철학자 추천 도서 아이 로봇 멋지다 신세계 교수 보다 과학자 에게도 소신 철학 느끼다 진행자 게스트 천상 분다 멋지다 멋지다 인사이트 감사 추천 가지 아이 로봇 멋지다 신세계 우리나라 똑똑하다 많다 모든 학생 에게 영어 수학 기본 물리 철학 필수 가르치다 생각 영어 인간 공통 수학 우주 언어 물리다 우주 법칙 철학 지식 던지다 질문 이자 검증 어떻다 상이 와도 세상 어떻다 생각 세상 달리다 지금 까지 들다 보다 ai 강의 가장 깊이 특히 성찰 역사 철학 오다 인상 감사하다 오다 추천 좋다 깊이 인사이트 많이 던지다 대화 들이다 역시 진행 방식 편안하다 김대식 교수 멋지다 22 01 경험 07 가지 아이로봇 12 독일 인간 벌레 33 영혼 유무 58 ai 독립 20 신경세포 50 루시 레이 15 29 멋지다 신세계 19 30 행복 이란 24 30 29 15 기계 금지 33 56 인간 계몽 좋다 유투브 대표 확실하다 오우 너무나 유익하다 내용 자다 들다 agi 가다 인간 에게 영혼 우리 사람 종류 사악하다 인간 그렇다 인간 ai 늘다 사악하다 인간 해당 영혼 인식 오직 현상 에만 데이타 에만 올인 공감 능력 공감 이란 허물 지는 느낌 이라고 근본 인간 하나 생명 역할 따르다 다르다 나타나다 불과하다 스스로 만들다 허물 버리다 공감 사악하다 인간 세상 악의 소굴 만듭니 세상 이미 사악하다 인간 장악 하고 ai 늘다 아무리 똑똑하다 공감 능력 행복 느끼다 행복 오직 생명 에게만 느끼다 거들다 공감 행복 느껴지다 ai 늘다 도구 불과하다 생명 아니다 생명 아무리 하찮다 보이다 각자 관점 우주 반영 하고 그런데 ai 늘다 그렇다 ai 에게는 지혜 조화 헌신 모르다 ai 라는 인간 흉내 내다 기계 나오다 우리 우리 가다 돌다 보다 되어다 인간 진정 지혜 워질 기회 주어지다 생각 희망이 보이다 인공 지능 분야 김대식 교수 이신 오늘 들다 읽다 지루하다 박아 두다 교수 덕분 다시 읽다 의지 생기다 좋다 강의 감사하다 과거 돌아가다 인문학 공부 겁니다 중년 젊다 인문학 공부 인생 끼다 보다 김대식 교수 빅퀘쳔 자다 읽다 인공 지능 시대 에는 종류 남다 많이 읽다 사람 김대식 교수 멋지다 인간 세상 읽다 시대 예견 훌륭하다 덕분 지평 넓어지다 감사하다 지식인 면서 통찰 좋다 거기 스타일 넘다 멋지다 패셔 스타 김대식 교수 좋아하다 저런 스토리 김대식 교수 덕분 많다 지식 얻다 주부 일인 이렇게 좋다 강의 들다 넘다 감사하다 교수 강의 항상 명쾌하다 자신감 넘치다 멋지다 김재원 아나운서 매끄럽다 진행 감탄 박사 말씀 지당 말씀 결국 인간 자체 유토피아 디스토피아 ai 가다 만들다 아니다 인간 만들다 정답 이네 자본주의 사회주의 민주주의 공산주의 시스템 문제 아니다 처럼 그래서 영화 매트릭스 끝판 인거 어쩌면 매트릭스 나오다 세상 우리 현실 다가오다 수도 인간 살다 아니다 만족 프로그래밍 가상 살기 원하다 인공 지능 기계로 돌아가다 캡슐 스스로 들어가다 영상 보다 문득 지피다 다르다 가지 얘기 해봤다 놀라다 지피다 얘기 충격 인간 불순 감정 취약 인공 지능 인간 건강하다 공존 사회 바라다 소수 소음 이고 다수 에의 지워지다 기계 오만이 아니다 단지 수행 충실하다 생각 공유 대화 쉬다 토론 싸움 경쟁 쉬다 분위기 옮기다 다가오다 세상 염려 너무나 지적 이시고 미래 지향 이신 김대식 교수 좋아하다 초대 해주다 감사하다 교수 와인 헤어 자다 어울리다 ai 가다 대체 영역 영상 얻다 보물 26년 가까이 고맙다 과학자 김대식 교수 가장 지혜 로운 이라고 생각 인문학 교양 풍부하다 인간세계 해석 가장 정확하다 진단 하고 예견 생각 교수 쉬다 설명 해주시 김재원 아나운서 호흡 좋다 시간 순삭 가다 무지하다 아줌마 많이 배우 재밌다 지식 채널 좋다 인류 의적 ai 로봇 아니다 인간 자체 ai 시대 종교 이렇다 분야 이야기 듣다 싶다 agi 시대 에는 무엇 보다도 지다 영혼 인정 존중 이건 참으로 진지하다 미래 철학 엄청나다 과제 크다 배움 감사하다 올해 보다 대화 손꼽다 흥미 롭고 유익하다 내용 감사하다 죽음 질병 인간 유한 인간 삶다 행복하다 지금 읽다 현재 가장 중요하다 가끔 김대식 교수 수많다 인터뷰 보다 누구 보다 열심히 터미네이터 반란 대비 보험 들다 어쩌면 이렇다 보험 들다 열심히 인터뷰 아니다 싶다 정도 호랑이 티셔츠 입다 김대식 교수 강의 자다 들다 세상 놀라다 바뀌다 인지 하고 순간 놀라다 토론 고급 퀄리티 대화 지켜보다 영혼 이미 지적 세계 앉은자리 편안하다 탐험 경이 롭고 말씀 빠지다 소개 해주다 몰입 지적 호기심 충만 어가 시간 이어서 무한 감사 드리다 반대 데이터 무상 흡수 성장하다 거대 테크 기업 자본 결탁 이익 공동체 탐욕 장미 ai 덧칠 쓰다 나타나다 화려하다 뚜껑 정신 잃다 스스로 들어가다 편안함 취해 눕다 버리다 휴먼 먼지 처럼 가볍다 철학 당장 휴대폰 끄다 스스로 에게서 찾다 brave new world 늘다 고등학생 에게 읽히다 결국 모든 행복 불행 모두 인간 으로부터 나오다 아침마당 아저씨 아니다 의자 내려가다 사람 46 생각 인데 ai 에게 지배 당하다 최소한 부품 이라도 ai 가다 학습 나르다 기억 해주다 편이 통찰 대단하다 이제 까지 보다 ai 시대 설명 교수 설명 제일 자다 이해 되어다 공간 철학 어필 김대식 교수 많다 경험치 감사 드리다 김대식 교수 좋아하다 요즘 교수 ai 만큼이나 세시,50
https://www.youtube.com/watch?v=tDrxuIKJFdY&pp=ygUJ7JuU65Oc7Lu1,월클 골키퍼들의 '설명 불가' 반사신경...2022 카타르 월드컵 슈퍼 세이브 TOP 10 / 스포츠머그,월드컵,9642,아티 지기 우리나라 16 진출 기여 도르다 빼다 보다 그냥 막다 선방 15 세계 최고 미치다 베스트 슈퍼세이브 이건 에밀 스토리 레전드 인게 18월 드컵 16 당시 관중석 지켜보다 자리 친구 에게 다음 에는 저기 거고 막다 버리다 실제 끝나다 틀어막다 복수 우승 까지 자기 이끌다 약속 지킴 영화 스토리 에밀 마지막 쩔다 리바 코비 치다 선방량 엄청 많다 마르 네스 결정 순간 슈퍼세이브 수비 골키퍼 역할 중요하다 느낌 40 장면 보고 끝나다 싶다 아티 지기 감탄 회전 근거리 막다 이야 공격수 멋지다 좋다 수비수 골키퍼 슈퍼세이브 영상 짜릿하다 멋지다 41 나오다 바이브 에밀 결승전 슈퍼세이브 들어가다 프랑스 역전승 후반 연장전 끝나다 직전 해내다 세이브 대단하다 에밀 아르헨 선수 여럿 살리다 에밀 이랑 아티 지리 지만 개인 리바코 부누 엄청 대단하다 느낌 아티 지기 장면 2006 부폰 지단 헤더 막다 장면 보다 난이도 배다 어리다 대단하다 선방 에밀 신다 기적 수준 이고 에밀 선방 축구 역사 바꾸다 역대 최고 슈퍼세이브 해외 편집 영상 재밌다 하나 무아 차다 순간 메시 표정 나오다 간절하다 원하다 실패하다 지난 스치다 선방 하고 웃다 메시 영상 이랑 나머지 먹히다 티비 보다 사람 기겁 보다 꾸다 영상 마르 네스 메시 신전 가다 장애물 치우다 생각 골키퍼 슈퍼세이브 실점 막다 도하 지만 전체 분위기 살리다 43 개웃 기네 편집장 슈체즈니 pk 늘다 매번 레전드 자다 막다 실하다 월드컵 출전 선수 들다 다른 보다 신경 쩌는듯 우리 동포 아티 지기 에게 경의 멋지다 선방 이지만 저걸 저렇게 멋지다 막다 아티 지기 월드컵 우승 시키다 에밀 신다 드라마 자체 일시 이지만 클래스 영원하다 전세계 축구 메시 대관식 에밀 에게 감사 표함 슈체스니 동료 달려가다 완벽 어느 나라 사람 이든 나라 날리다 고생 감사하다 인정 막다 우리 16 가다 결승전 에밀리 알다 대박 우승 주인공 바뀌다 뻔하다 박티 지기 우리나라 크다 세우다 자랑스럽다 국민 17 숨다 당황 리스 토트넘 경기 프랑스 경기 보다 느끼다 개발 이여 선방 능력 반응속도 개지 들어가다 막다 우와 빠르다 으로도 응원 갓럽스유 결승전 에밀 슈퍼세이브 레전드 자국 아르헨티나 세이브 해내다 아르헨티나 우승하다 에밀 활약 크다 지기 개다 아티 지기 선방 우리나라 16 가다 고맙다 이번 월드컵 골키퍼 들다 활약 지리다 마르 네스 결승전 슈퍼세이브 메시 심장 꽂히다 막다 주다 마르 네스 쩔다 들어가다 프랑스 우승 끝나다 저걸 막다 버리다 대단하다 아티 지기 명예 한국인 대한민국 브라질 황희 알리 슈퍼세이브 지리다 리스 이번 월드컵 베테 품격 보여주다 승부차기 막다 그렇다 스포츠 머그 이렇게 많다 경기 보고 멋지다 세이브 고르다 편집 올리다 재능 오다 선방 대단하다 여러 보다 에밀리 알다 선방 월드컵 역사 바꾸다 키퍼 세이브 난이도 중요하다 무엇 보다 결정 상황 막다 슈퍼세이브 아티 지기 장면 공이 머리 닿다 이미 들어가다 알다 근데 저걸 뒤집어지다 막다 감동 놓다 독일 레전드 카스 슈마이켈 아버지 레전드 아버지 참고 페터 슈마이켈 이에요 역시 피다 속이다 고맙다 아티 지기 중학교 학년 도덕 수업 시간 과제 적다 카타르 월드컵 아타 지기 리스 선방 재밌다 보다 이렇게 모으다 올려주다 감사하다 에밀 결승전 세이브 볼때 마다 소름 멘디 실수 메시 오열 뻔하다 막다 주다 빠르다 세컨볼 처리 좋다 아티 지기 반사 신경 미치다 에밀 레전드 게임 끝나다 뻔하다 아르헨티나 멱살 잡고 살리다,50
https://www.youtube.com/watch?v=tVIXY14aJms&list=RDtVIXY14aJms&start_radio=1&pp=ygUJ64m07KeE7IqkoAcB,NewJeans (뉴진스) 'Hurt' Official MV,뉴진스,892051,actually hurt fr 얼빡 찍다 얼빡 얼빡 어떻다 찍다 보다 오다 newjeans without danielle newjeans five 그냥 갑자기 노래 듣다 싶다 정확하다 희진 뮤비 시작 부터 까지 이쁘다 얼빡 보여주다 천재 제작비 거의 들이다 텐션 찍다 얼빡 좋아하다 얼빡 뮤비 하나 찍다 만들어지다 뮤비 miss everyday 1시간 얼빡 뮤비 보다 헐레벌떡 달려오다 개추 얼빡 좋아하다 얼빡 보다 오다 얼빡 밖에 놀랜 사람 개추 얼빡 1시간 촬영 개다 실무 그렇다 들보 확실하다 알다 가장 좋아하다 얼빡 얼빡 내내 보여주다 지루함 시간 만에 찍다 뮤비 라고 보다 오다 하이브 뉴진스 가지다 자격 내놓다 민희진 우리 민지 예쁘다 소리 백만 이고 이해 아니다 어케 저렇게 예쁘다 예쁘다 데리다 얼빡 찍다 뮤비 예쁘다 맛집 비법 소스 풀다 소식 듣다 오다 1시간 만에 찍다 뮤비 라니 대다 희다 그녀 goat 1시간 걸리다 명작 보다 오다 시간 만에 찍다 제작비 절약 텐션 찍다 찍다 계획 일도 완벽하다 해내다 이렇다 좋아하다 소비자 정확하다 알다 많다 결정 위치 직접 현장 뛰어들다 함께 작업 하고 결과물 자부심 가지다 사람 나다 이렇다 실무 im hurt danielle leaving still new jean 이쁘다 데리다 그냥 찍다 이렇다 예쁘다 아기 시기 질투 하고 깎다 내리다 사람 끄다 예쁘다 주다 부족하다 시간 인데 everything mv simple mv focus member expression calm melody focus member vocal everything perfect far song released suitable listened cycling afternoon enjoying scenery newjeans always ot 약간 대화 느낌 들다 일부러 부담스럽다 얼빡샷을 그걸 소화 내내 민희진 나잇 대의 모습 보여주다 현재 멤버 모습 얼빡 찍다 물론 예쁘다 좋다 어리숙하다 모습 동글동글 보들보들하다 애기 머리 소중하다 감성 팔이 라고 해도 좋다 아름답다 예술 논리 흠집 내다 보기 싫다 이야 제발 아름답다 아이 민희진 계속 함께 해주다 민희진 응원 하나 아름답다 계속 보고 싶다 민희진 아이 만들다 예술 계속 보다 이야 보고 싶다 제발 예술 지키다 안녕 희진 이야 오늘 공짜 뮤비 만들다 아르 켜다 song sweet yet painfully heartbreaking listen repeat insanely addictive never fade always want hit play truly precious diamond 젠장 국힙 희진 이야 갑자기 찍다 런가 혜인 자다 깨다 충열 까지 데뷔 데뷔 예정 분위기 훨씬 좋아지다 포텐 터지다 뭔가 완전하다 개화 직전 오묘하다 꽃봉오리 25 oh dani forever cherish 좋아하다 얼빡 뮤비 보다 왔습니닼 민희진 웃기다 멤버 얼굴 정면샷 익스트림 클로즈업 잡다 구도 이렇다 으로도 대놓고 얼빡 찍다 약간 노가다 반장 말투 근데 거치다 말투 사람 꽂히다 얼빡 뮤비 구경 얼빡샷 이리 고급 지다 들어가다 뮤비 보다 수준 보이다 존버 보람 hurt 오다 다섯 애기 보다 얼굴 이쁘다 얼굴 와도 보다 좋아하다 좋다 뉴진스 여름 믿어지다 상처 입다 우리 지키다 민희진 천재 이렇게 보다 만드 체급 이렇다 뮤비 나오다 할렐루야 혜인 충혈 까지 완벽하다 진심 시간 만에 뉴진스 멤버 20년 뮤비 보다 추억 정도 자다 찍다 최애 뮤비 인데 예산 1시간,49
https://www.youtube.com/watch?v=tuIzgMnZwXU&pp=ygUJ7JuU65Oc7Lu1,반박불가 대한민국 최고의 명곡 모음집 | 한국대중음악상 이상형 월드컵,월드컵,12916,22 38 남자 꺼지다 55 06 인척 노래 수준 높다 uv 늘다 개그 가려진 음악 고트 jyp 늘다 음악 가려진 개그 고트 콜라보 대로 외향 광기 자체 보수 시절 내다 따다 비닐 바지 입다 생각 jyp 가다 찌다 광기 취향 아니다 노래 모든 노래 높다 틀다 기만 해도 좋다 노래 라는 느낌 리스트 대음 공신 제대로 느끼다 월드컵 45 미치다 진심 51 35 룩삼 이번 월드컵 유일하다 방심하다 부분 깔끔하다 부분 아니다 듣다 결국 참다 원본 넘어가다 한국 이렇게 좋다 노래 많다 알다 노래 마인드 지금 들다 새롭다 좋다 모르다 노래 처음 듣다 노래 신선하다 느껴지다 고맙다 야뀐룩삼 39 45 바뀌다 버리다 갑자기 씨잼 윤동주 버리다 32 41 편집 개웃 기네 57 30 감상 이네 13 14 경이 모르다 일단 던지다 확실하다 전문가 굉장하다 압도 이네 20 55 채팅 선인장 씹다 낙타 도랏 개웃 기네 제발 35 29 솔직하다 한번 가다 41 34 가만히 추임새 계속 넣다 어처구니 웃기 룩삼님 사랑 당신 이렇다 활동 한국 대중음악 저변 넓히다 분명 작다 도움 겁니다 수익 추다 컨텐츠 지만 으로도 오랫동안 좋다 음악 알다 감사하다 음악 컨텐츠 다른 영상 많이 보다 응원 58 드디어 뜨다 검정치마 감상 존버 투컷 계속 불안 켜지다 웃기 14 45 아니다 41 07 시안 굳다 미치다 아니다 56 25 여기 부터 삼이 하나 하나 공감 나다 승천 그냥 23 번개 존나 공중도덕 무너지다 앨범 무조건 순서대로 들다 야하다 노래 하나같이 좋다 37 00 쏘다 애플 2월 가사 안되다 우리나라 좋다 많다 25 28 이건 그냥 빈지노 24 26 자체 아니다 공중 도둑 고트 인거 알다 차다 04 10 대음 올해 노래 보통 그해 가장 많이 틀어지다 혹은 유명하다 노래 호선 버터플라이 헤어지다 바로 오늘 수록 앨범 dreamtalk 올해 앨범 올해 모던록 앨범 올해 모던록 노래 헤어지다 바로 오늘 관왕 수상작 올해 노래 싸이 강남스타일 fan 투컷 얼굴 웃기 무너지다 리뷰 해주다 기다리다 42 29 웃기 국뽕 빼다 보다 우리나라 대중음악 수준 높다 14 38 근데 잘쓰다 이해 안되다 오다 근데 한국 숨기다 좋다 노래 많다 공중 도둑 뇌녹 음악 좋다 모임 놀이 도감 김도언 바탕 아티스트 추천 드리다 이태원 프리덤 레전드 미치다 28 54 한로 룩삼 녹다 발음 같이 녹다 웃기다 아쿠아 전주 들다 조음 온도 습도 바꾸다 사운드 복숭아 향나 도수 푸다 짜다 소주 먹다 오른 유재석 느낌 믹스 커피 같이 끊기다 힘드다 사람 오다 근데 공중 도둑 저건 외계인 집어넣다 뜨다 느낌 28 개웃 기네 영향력 쓸다 안다 13 07 보다 자주 25 25 똑같다 취향 과극 김범수 슬픔 활용 이랑 이소라 바람 분다 떨어뜨리다 부터 친구 룩삼 좋다 룩삼덕 음악 높아지다,50
https://www.youtube.com/watch?v=uBjOR3fLsaQ&pp=ygUJ7JuU65Oc7Lu1,"2025년에도 들어봤습니다. 한국,미국,일본 중 우승자는 누구? | 2025 한미일 인기 음악 이상형월드컵",월드컵,11559,50 13 아니다 막히다 듣다 오다 린다 누님 개다 찢다 이르다 다음 노래 54 02 미치다 역대 아니다 보고 왓는데 빠지다 무슨 일이오 까지 오다 35 08 멋지다 설명 그때 그렇다 이렇게 징징대다 기다리다 버전 감상 플레이 리스트 들어오다 음악 무더기 발굴 보장 금광 그냥 룩삼 월드컵 37 48 어리다 에요 벤슨 자다 볶다 제육 볶음 깔다 알다 당하다 좋다 좋다 싫다 싫다 자유 월드컵 채팅 보고 긁다 필요 없슴 그냥 무지 긁다 웃다 보다 많이 보다 보다 웃기다 50 52 메타 라기보단 그룹 kawaii lab 이라는 소속사 내다 노래 거의 저런 분위기 라서 그렇게 생각 요즘 저기 소속 아이돌 거의 대다 룩삼 월드컵 에도 나오다 귀엽다 가장 귀엽다 부르다 아이돌 kawaii lab 인기 많다 일본 에서도 호불호 강하다 갈리다 케이팝 정도 좋다 들리다 아이돌 음악 벤슨분 노래 듣다 기립박수 치면 눈물 콧물 쏟다 58 12 47 36 벤슨분 느끼다 룩삼 웃기다 보다 나다 행복하다 32 28 이해 영환 뮤지컬 인지 윌리 칸지 지도 모르다 지도 모르다 린다 라고 느껴지다 가두다 두다 이상형 월드컵 시키다 싶다 태권도 고려 드립 참신하다 공감 다음 00년 국힙 월드컵 한번 해주다 90년 대생 노힙찔 감성 으로는 다듀 에픽하이 리쌍 시절 힙합 제일 좋다 47 05 또슨분 이야 지겹다 여기 최종 함락 당하다 그렇다 23 34 남자 디엠 배경 31 39 체급 이고 누나 32 57 존나 가소롭다 쳐다보다 즐감 51 이쿠타 리라 백화요란 10cm 너에게 닿기를 16 박다혜 마크툽 시작의 아이 sabrina carpenter tear bad bunny dtmf 아이브 rebel heart pinkpantheress illegal lil tecca dark thought noa 1000일간 official hige dandism 다움 에스파 dirty work 조째즈 모르시나요 jennie like jennie mr green apple breakfast 아일릿 cute anymore 사자 보이즈 idol drake nokia blackpink 뛰어 vaundy 달려라 sakamoto shota shimizu puzzle hearts2hearts style 한로로 hana burning flower 스킵 doechii denial river love 특별하게 대해줘 요네즈 켄시 iris 스킵 한로로 사랑하게 될거야 benson boone sorry someone else 요루시카 화성인 임영웅 천국보다 아름다운 엔믹스 blue valentine vaundy 재회 tyler creator sugar mt tongue tate mcrae keep watching allday project wicked doechii anxiety shakira zoo kehlani folded 이찬혁 멸종위기사랑 lady gaga abracadabra 요네즈 켄시 1991 kiiikiii qwer 눈물참기 taylor swift opalite 르세라핌 spaghetti taylor swift fate ophelia aiscream ai scream hearts2hearts focus hana rose 다영 body justin bieber yukon hana blue jean allday project famous benson boone mystical magical toliver lose mind 스킵 candy tune 배배fight cortis go benson boone mystical magical 아일릿 cute anymore 58 26 핑크 마법 링크 효과 그냥 웃기다 10 42 아니다 채팅 제니 웃기 33 룩삼님덕 디깅하 성공하다 기분 좋아지다 확실하다 노래 취향 이고 자신 꽂히다 jpop 영도 시티 디스코 블루스 kpop 이순 먹다 그때 그때 마다 자신 꽂히다 노래 다르다 15 45 해주다 지랄 쇼츠 뜨다 재밌다 동영상 넘어오다 어째 1시간 길이 영상 지루하다 보다 벌써 정도 보다 이르다 자신 발견 가다 룩삼 이제야 느끼다 인생 해봤다 생각 없이 룩삼 듣다 노래 듣다 즐기다 미스티컬 매다 듣다 미치다 아니다 바로 우승 팬덤 싸움 무섭다 아이 리땅 이런 좋다 듣다 여기 인정받다 악물다 싸우다 오다 이찬혁 미치다 세션 저렇게 자다 쓰다 노래 한국 오랜 보다 54 03 절규 존나 웃기 링고 11 15 룩삼님 덕분 올해 좋다 노래 플레이 리스트 넣다 가다 년도 부탁드리다 많이 받다 건강하다 12 14 아일릿 들리다 바로 반응 보다 오다 해도 룩삼씨 좋다 노래 많이 들다 미리 땡큐 새삼 느끼다 편집자 항상 고생 많다 사랑 보다 느끼다 이제 케이팝 영어 안되다 해외 진출 그렇다 후크 넣다 영어 사용 모르다 들다 팝송 인지 한국 나오다 노랜 구분 안되다 특히 에스 경우 경우 난해하다 47 54 느끼다 감정 정확하다 설명 해주다 기대하다 근데 기대하다 체급 24 32 임영웅 논란 공감 이제야 올라오다 고맙다 튜브 레이디가가 천상 아티스트 02 20 모래 박히다 간지럽다 씻다 빼다 시원하다 긁다 느낌 요즘 아이돌 나오다 채팅 티나 별로 라고 여론 조장 많아지다 느껴지다 아이돌 유입 많아지다 그렇다 견제 티나 짜다 룩삼방 두루 두루 듣다 인데 개인 룩삼 음악 월드컵 제일 맛있다 보다 상임 54 49 진동 넣다 기대하다 룩삼님 클래식 월드컵 이번 재즈 월드컵 한번 해보다 어떤 가요 49 33 대자 등장 나오다 노래 시대 인게 웃기다 밴슨분 사기 빌드업 개지 목소리 개사,50
https://www.youtube.com/watch?v=uBqKNdOVpho&pp=ygUJ7JuU65Oc7Lu1,감스트 한국 월드컵 개꿀조 역대급 기회다!! [월드컵 조추첨],월드컵,10231,한국 화이팅 영상 좋다 요도 부탁드리다 이래도 again 2014 개추 맹보 정도 뜨다 주다 19 06 여기 걸리다 돼다 여기 절대 돼다 스페인 19 31 여기 돼다 아르헨티나 19 53 여기 걸리다 돼다 프랑스 20 17 여기 절대 돼다 포르투갈 여기 대다 안되다 잉글랜드 멕시코 한테 이기다 그렇다 브라질 걸리다 개웃 기네 명보 장점 자다 걸리다 명보 단점 조르다 뚫다 오다 감스트 텐션 미치다 솔직하다 이정 에서도 성과 못내 뒤지다 맞다 23 18 표정 모두 마음 긴장 보다 코리아 리퍼블릭 나오다 글씨 길다 화면 보이다 찌다 23 20 대한민국 뜨다 리액션 멕시코 오다 월드컵 개꿀 역대 기회 남아공 오다 월드컵 개꿀 역대 기회 한국 오다 월드컵 개꿀 역대 기회 덴마크 오다 월드컵 개꿀 역대 기회 체코 오다 월드컵 개꿀 역대 기회 아일랜드 오다 월드컵 개꿀 역대 기회 마케도니아 오다 월드컵 개꿀 역대 기회 역대 월드컵 진출 가장 조이다 잘만 1등 인데 한번 고꾸라지다 4등 들다 서로 해보다 생각 다른 보다는 그나마 지만 마냥 쉬다 홍명보 깔리다 보다 좋다 대한민국 축구 본선 기후 경우 찾다 35 00 시원하다 여기 가장 무섭다 홍명보 전술 어제 생방때 텐션 미치다 영상 에도 자다 담기다 느껴지다 중계 화면 없이 중계 엄청 재밌다 실력 비다 좋다 홍명보 포트 대한민국 23 18 포트 남아공 29 41 포트 유럽 37 21 멕시코 남아공 기기 힘드다 유럽 덴마크 체코 오다 발리다 그냥 보기 개꿀 피터지다 물리다 경기도 암튼 예선 탈락 가능성 높다 명보 계속 배팅 홍명보 감독 우당탕 축구 한국 감독 죽음 의조 홍명보 아니다 좋다 좋다 멤버 최상 한번 해보다 경기 까지 중립 막상 대회 시작 갑자기 각성 18 러시아 월드컵 러시아 22 카타르 월드컵 모로코 어느 이든 조심하다 생각 운빨 터지다 무패 희망 회로 돌리다 보다 혼자 행복하다 11 36 체코 까지 빨강 파랑 초록 조합 나라 포함 이네 문어 홍씨 개꿀 의미 감독 정도 기회 주다 44 45 펠레 꿈꿧는데 멕시코 무승부 감스트 거의 무당 인데 남아공 맞추다 보다 어차피 홍명보 기대 개추 멕시코 무조건 올라가다 예전 부터 멕시코 리그 탈락 거의 이번 버프 까지 이렇다 오히려 서로 만만하다 보고 졸라 피터지다 싸우다 끝나다 나다 혼자 코피 터지다 우리 개꿀 생각 상대 개꿀 라고 떠들다 다니다 한데 이번 32 기회 역사 쓰다 제목 바꾸다 개인 죽음 라고 생각 피파랭킹 분석 2025 12월 피파랭킹 순위 멕시코 포트 15 대한민국 포트 22 남아공 포트 61 덴마크 가장 높다 유럽 포트 21 포트 포트 위도 가능하다 위도 가능하다 생각 홍명보 하나 막히다 이렇게 어찌저찌 까지 가면 민심 개떡 스쿼드 갖다 기대 안되다 만들다 축협 감독 차다 대단하다 홍맹보 선수 집중 부족하다 지다 사퇴 연봉 받다 군대 재미있다 보다 이렇게 이상 이기다 군대 열심히 응원 느끼다 개추 23 34 정도 아니다 2014년 생각나다 심지어 감독 인거 감독 모씨 자체 죽음 조이다 감스트님 지금 남아공 멕시코 유럽 배정 군침 흘리다 지금 우리 빼다 서로 올라가다 그렇다 2014 나다 그래도 스웨덴 이태리 터키 정도 운임 48 개국 이라 확실하다 하위 많다 극도 죽음 나오다 유럽 한테 티켓 주다 재밌다 아무래도 축구 대회 유럽 많다 재밌다 2014년 때도 만해 그랬는데 바르다 이번 에도 멕시코 호구 한국 이랑 성도 안좋다 매번 털리다 더군다나 개최 투덜투덜 대지 말고 정도 감사하다 응원 19 20 공도 만지다 끝나다,49
https://www.youtube.com/watch?v=uw_X4usDCWE&pp=ygUJ7JuU65Oc7Lu1,[2026 FIFA 북중미 월드컵 아시아 3차 예선] 이라크 vs 대한민국 풀 하이라이트,월드컵,30616,오늘 경기 모르다 개추 오늘 반전 이라크 축구 열기 한국 보다 좋다 잔디 상태 31 결과 떠나다 상대 근육 올라오다 보고 바로 풀다 스포츠맨 쉬다 보기 좋다 이강인 선수 우리나라 월드컵 본선 진출 축하 응원 이라크 선수 다리 한국 선수 풀다 장면 제일 훈훈하다 33 상대방 이지만 경련 올라오다 풀다 모습 멋지다 결과 좋다 모습 기억 남다 오늘 킬포 정석 가오 잡고 정몽규 아니다 상대 선수 다리 근육 격련 일어나다 도와주다 모습 차다 좋다 깔끔하다 경기 멋있다 모든 선수 수고 많다 29 이라크 명단 56 한국 명단 23 전반전 46 이라크 반칙 var 퇴장 36 코너킥 황희 프리킥 이재성 골대 전개 이강인 골대 중거리 후반전 한국 교체 한국 중거리 근거리 한국 김진규 이재성 헤딩 뚫리다 한국 수비 한국 이라크 교체 한국 패스 미스 이라크 역습 경기 10 31초 몽규 눈치 챙기다 거기 까지 치다 가다 경기 보고 진우 진규 10일 진섭 경기 뛰다 11회 연속 월드컵 본선 진출 축하 드리다 내년 6월 중미 월드컵 대한민국 대표팀 화이팅 본선 진출 축하 드리다 선수 넘다 넘다 33 한국 선수 경기 매너 좋다 멋지다 장면 태극전사 고생 많이 월드컵 진출 정말로 축하 10 07 녹이다 버리다 인범턴 챔스 유로파 우승 선수 우리 어제 자다 보다 멋있다 자다 넣다 서로 상대 만나다 이라크 선수 주무르다 한국 선수 따스하다 잊혀지다 진정하다 스포츠 정신 명보 덕분 하이라이트 보다 편하다 웬일 중동 원정 대다 이기다 반초 중반 이라크 퇴장 10 09 이렇게 오다 근데 이라크 경기장 왜케 좋다 무슨 사우디 uae 경기장 보다 알다 라운드 잔디 상태 겁나다 좋다 그래도 잔디 상태 겁나다 좋다 개인 능력 보여주다 전술 답답하다 41 황희 요즘 보여주다 확실하다 어찌 돼다 유럽 가야 실력 향상 보여주다 케이스 인범 황인범턴 지리다 전반 그냥 극악 경기 홍명보 양심 내려오다 선수 성장하다 완전 자다 돼다 좋다 피지 좋다 스피드 좋다 간만 맑다 수년 전과 이전 에는 어쩌다 보다 맞다 경우 많다 작품 처럼 만들다 골로 넣다 보다 한국 국가대표팀 수준 이전 보다 훨씬 좋아지다 40 희다 울버햄튼 이유 젊다 선수 확실하다 뛰다 많이 우리나라 선수 재다 틀맨 이고 멋지다 승리 한번 보다 퇴징 11 10 한국 축구 명보 몽규 나가다 보다 황희 지금 떨어지다 그렇지만 작년 득점 수위 부터 소속 태도 가장 다른 선수 에서는 폭넓다 활동량 몸싸움 버티다 주다 유독 만오 본인 장점 과는 상관없다 기술 선수 인척 여유 플레이 일관 장점 파괴 반감 허슬 플레이 제로 가짐 부터 떨어지다 예견 이라크 퇴장 당하다 경기 박살 엇음 수삼 으로서 진우 대표팀 활약 보다 기쁘다 뭔가 뭉클하다 선수 다치다 말고 월드컵 까지 승승장구 응원 우리 나라 태극 전사 고생 많이 들다 월드컵 본선 에서도 좋다 성적 거두웠으 태극 전사 화이팅 김진규 미치다 두건 역습 좋다 저런 역습 본적 젊다 국내 선수 다만 패스 실수 아니다 프로 답지 본기 전문 수비 선수 손흥민 선수 빠지다 조직 살아나다 손흥민 선수 뛰다 경기 좋아지다 다른 선수 손흥민 선수 눈치 보지 말고 빈공간 움직이다 선수 보고 자시다 패스 수삼 같이 뛰다 전진우 도움 각각 만들다 수삼 으로서 괜히 뭉클 포엣감독 전진우 자다 만들다 대표팀 보내다 정승 축하 32 뜨겁다 날씨 6만 홈관중에 압도 당하다 깔끔하다 대한민국 짝짝 화이팅 힘내다 16 강가 월드컵 확정 대한민국 파이팅 적지 마음껏 달리다 우리나라 선수 자랑스럽다,48
https://www.youtube.com/watch?v=v5jWMfqKcus&pp=ygUM7J246rO17KeA64ql,"""더이상 AI 못 막는다"" 지금은 현실적으로 '이것부터' 하세요 (김대식 교수 풀버전)",인공지능,17093,김대식 교수 신간 agi 천사 인가 악마 인가 타임 라인 00 00 시작 ai 가다 최근 10년 사이 급속도 진화 이유 10년 인간 과의 대화 99 사라지다 상위 가다 ai 용법 가지 ai 시대 반드시 필요하다 능력 가지 시작 gpt 와는 비교 agi 가다 등장 벌어지다 전세계 일자리 절반 사라지다 기본 소득 살아가다 로마 제국 몰락 지금 상황 똑같다 20년 상위 001 가다 모든 부르다 독차지 ai 늘다 부터 인간 이기 시작 겁니다 agi 늘다 무조건 나오다 지금 부터 준비 운동 하고 빨래 카이스트 교수 강의 듣다 세상 어떻다 변하다 보다 오래 싶다 이미 20년 부터 우리 구글 애플 메타 실리콘 밸리 회사 한테 지배 당하다 오다 하루 종일 스마트폰 노트북 살다 이제 ai 전환 이고 인공 지능 에게 판례 학습 시키다 오류 찾아내다 수정 인공 지능 배심원 활용 인간 판사 대치 예전 방대하다 암기 응용 힘들다 판사 라는 직업 필요하다 결국 판사 양심 버리다 개인 법위 올라서다 당연하다 순이 라면 차라리 인공 지능 한테 맡기다 공평하다 터미네이터 영화 아니다 실제 일어나다 일이 돼다 세상 급변 무섭다 언어 전달 최고 이십 최고 지식인 이면 저렇게 목소 드믈 거들다 집중 만들다 마법 한글 자다 사용 ai 가다 구청 공무원 보다 정확하다 알다 심지어 서류 서식 까지 만들다 세상 agi 떠오르다 미래 모습 하나 터미네이터 제임스 카메론 몇십 내다보다 통찰 대단하다 느껴지다 전만 해도 공상 과학 영화 이제 인공 지능 컴퓨터 미사일 통제 전세계 미사일 발사 메커니즘 충분하다 일어나다 일이 되어다 버리다 웃다 말씀 얼굴 5년 10년 다가오다 미래 대의 두려움 걱정 보이다 이렇다 혜안 담기다 영상 보다 해주다 감사하다 지피다 ai 언어 이미지 영상 등등 피로 식상하다 느끼다 시작 나서다 agi 반대 시위 하나 놀라다 이미 agi asi 등장 한지 오래 우리 매트릭스 꾸다 산지 오래 판사 이나 먼저 ai 판사 바뀌다 우리 사회 대한민국 속이다 자연스럽다 가치관 작동 돼다 전혀 이상하다 사회 속이다 걷다 소프트 영역 혁신 어렵다 생각 개발자 라면 코드 물어보다 좋다 실력 높다 수준 높다 질문 하니 효율 좋다 돼다 지금 이라도 판때기 바뀌다 모르다 다음 세대 자식 에게 물리다 과연 마지막 퀀텀 점프 기회 고서 라도 받다 이렇게 편하다 보다 감사하다 덴마크 10 대다 청소년 에게 sns 휴대폰 사용 제한 심각하다 우울증 정서 불안 동반 ai 오다 sns 발달 편리하다 주다 인간성 상실하다 만듭니 원인 알다 모르다 사회 양극화 극단 기다 ai 에이전트 바이브 코딩 버블 ai 기술 5분 짜리 영화 만들기 grok 난해하다 물어보다 반대 어느 대학 나오다 물어보다 거뭐 약간 이나 좋다 강의 역시 kaist 교수 이라 설명 쏙쏙 들어오다 강의 감사 드리다 읽다 보다 다양하다 ai 많이 사용 하고 ai 트렌드 파악 하고 교수 강의 많다 도움 되어다 감사하다 우리 57 45 agi 계지 다만 인간 지구 파괴 라는 내용 집어넣다 지구 파괴 기계 강의 감사 드리다 미래 생각 하고 지금 어떻다 살아가다 생각 강의 사서 읽다 agi big brother 시대 변하다 변하다 굶다 죽다 일자리 문제 100 일이 되어다 버리다 들이다 문제 탐욕 멀다 정치인 기업 영생 끔찍하다 김대식 교수 시대 앞서다 강의 자다 들다 감사 인사 드리다 agi asi 이미 판도라 상자 열리다 악마 천사일 끄다 우리 결정 문제 가보다 어차피 결정 부딪치다 밖에 ai 늘다 바벨탑 이라고 생각 어떻다 세상 변하다 엄청 궁금 강의 감사하다 agi 천사 인가 악마 인가 사서 지인 에게 선물 겠다 다음 세대 혁신 기술 agi 오다 양자컴퓨터 휴머노이드 로봇 합치다 터미네이터 현실 기술 발달 멈추다 빠르다 agi 막다 싶다 글로벌 기술 기업 인류 통제 장악 미래 현실 지금 조상 분명 아니다 분야 다르다 화법 이랑 제스처 음성 이어령 장관 연상 암튼 쉽다 설명 감사 드리다 98 미래 세대 인간 자존감 잃다 공존 바라다 정독 좋다 강의 공짜 듣다 완젼 감사하다 강의 보다 도움 받다 감사하다 김교수 헤어스타일 멋지다 계속 스타일 유지 재밌다 보다 미래 시대 개인 플랜 하나 짜다 두다 교수 마지막 설명 나오다 시기 노동 사라지다 기본소득 받다 인공 지능 보호 아래 어리다 살다 시대 시대 가치 보람 살수 방법 모색 구체 계획 세우다 두다 5년 오다 세상 뒤지다 지다 유행어 좋다 얘기 감사히 자다 듣다 가다 많다 배우다 가다 이제 마다 자비스 갖다 오다 인간 생각 이기다 내다 왜냐하면 터미네이터 실행 뛰어나다 그러므로,48
https://www.youtube.com/watch?v=vDZ0ryuiYfg&pp=ygUM7J246rO17KeA64ql,"""이 3가지는 필수"" AI 20년 연구한 뇌과학자가 챗GPT 쓰는 법 (카이스트 김대식 교수)",인공지능,46057,김대식 교수 신간 agi 천사 인가 악마 인가 타임 라인 00 00 영상 요약 김대식 교수 소개 70년 처음 나오다 ai 가다 최근 10년 사이 폭발 진화 이유 무섭다 전문가 충격 빠뜨리다 구글 ai 공개 과학자 로서 확신 10년 인간 과의 대화 99 사라지다 영상 멈추다 가지 해보다 상위 가다 ai 용법 ai 시대 살아나다 궁극 능력 가지 이공 인재 절실 한국 ai 기술 패권 기기 직전 ai agent 사용 vibe coding 기술 활용 만들기 ai 기술 이용 5분 짜리 단편영화 만들다 보기 ai 에이전트 사용 ai 코딩 ai 자신 만의 5분 단편영화 만들기 김대식 교수 추천 가지 카이스트 교수 강의 유튜브 보다 시대 감사하다 판단력 맞다 깊이 들어가다 아름답다 알다 본질 알다 편하다 신기하다 반편 이렇다 세상 무섭다 외로움 두려움 넘어서다 인생 판단력 이렇다 귀하다 강의 감사하다 chatgpt 노예 되어다 16 41 가지 설명 지금 이라도 이렇다 시청 인생 크다 전이 되어다 감사하다 사냥 힘들다 그렇다 신선하다 비교 수가 낚시 시간 경우 많다 낚시 먹다 맛있다 회집 먹다 비교 ai 에이전트 바이브 코딩 5분 단편영화 만들다 보기 49 gpt 그렇게 내미다 이야기 해도 판단력 중요하다 센스 그러므로 인간 많이 읽다 예술 경험 많이 그렇다 능력 키우다 에아 에이 젼트 실행 해주다 바이브 코딩 단평 영화 5분 짜리 만들다 보기 지피다 정보 찾다 보다 확실하다 빨르다 그런데 계산 자주 틀리다 자꾸 벗어나다 29 000원 아직 만들다 이미지 아직 많이 조잡하다 기대 미치다 많이 실망하다 상태 에요 그래서 그냥 위로 받다 싶다 대화 나누다 지피다 기능 가장 탁월하다 아부 모드 위로 지피다 조금 모자라다 친구 느낌 근래 들다 강의 단연 최고다 깨달음 얻다 감사하다 교수 15 08 인공 지능 시대 가장 중요하다 메시지 2023년 4월 초순 교수 gpt 에게 묻다 인류 미래 읽다 해도 이렇게 빠르다 시간 70 대다 중반 여성 chatgpt 활용 하리 라고는 예상 외국어 공부 남다 가지 야채 요리 이런저런 모르다 과학 지식 이나 역사 사건 알아보다 싶다 주로 검색 활동 전문 지식 로서 세상 인간 어떻다 변하다 두렵다 교수 감사하다 그냥 빠져들다 교수 원영 코메디언 닮다 카이스트 교수 이라고 보고 들다 들다 수록 어쩜 전달 이렇게 좋다 배우다 가다 ai 가다 교수 인재 세상 열다 가능 싶다 교수 파이팅 ai 에이전트 바이브 코딩 5분 단편영화 만들기 좋다 강의 들다 우리 문제 지만 우리 아이 어떻다 가르치다 야하다 고민 최근 열심히 흥미롭다 들다 강의 혼자 듣다 귀하다 강의 자녀 지인 에게 공유 교수 감사하다 가지 해보다 오늘 말씀 재미있다 조리 시간 가다 모르다 보다 배우다 감사하다 도움 많이 누구 성하 지만 누구 소비 세상 오다 기계 ai 오다 같이 코로나 이후 작년 부터 시작 공론 가깝다 느껴지다 유용하다 알다 배우다 익히다 그래도 현실 대면 중요하다 나아 보이다 어쩔 수가 보다 시대 통찰 감사하다 18 56 이미 그래서 이렇다 영상 꾸준하다 찾아보다 중이 확률 높다 모르다 혁신 만들다 인간 한국 많다 우수 유전자 많다 결과 인간 대화 훨씬 많다 정보 빠르다 시간 얻다 사람 자기 상식 당연하다 알다 생각 정보 타인 모르거나 또는 그저 여러가지 질문 많이 경우 본인 정확하다 대답 불구 하고 깔보다 공연히 업다 여기다 불필요하다 불쾌하다 충고 경우 이렇다 마음 상처 입다 원하다 정보 얻지 뿐더러 시간 까지 낭비하다 ai 대화 그렇다 쓸다 에너지 소모 없어지다 그렇다 요즘 ai 대화 엄청나다 보탬 느끼다 영상 보다 되어다 크다 행운 좋다 정보 감사 드리다 인사이트 얻다 감사하다 교수 통찰 이해 하고 받아들이다 헐떡헐떡 번은 들다 이해해 실행 영상 감사하다 교수 ai 늘다 외로움 파고들다 우울하다 이야기 친구 사람 보다 좋다 오로지 에게 맞추다 대화 심리 안정 주다 누구 소비 생산 전말 오다 닿다 말씀 이에요 항상 소비 생산 작업 루시 도하 아들 게임 만들다 보다 겠다 감사하다 넘다 유익 강의 내용 유익하다 감사하다 한번 도전 해보다 항상 자신 깨우다 주다 김대식 교수 유익하다 강의 자다 들다 우리나라 인재 의대 에만 몰리다 현상 알다 여기다 적중 안이 알다 질문 미래 세상 무섭다 교수 강의 재밌다 감사하다 커다랗다 감명 받다 23 55 인공 지능 제대로 사용 조언 판단력 한다는 전적 동의 ai 가다 다른 학습 지로 경쟁 생존 필요하다 위협 들리다 현실 이기도 하니 더욱 무섭다 짧다 핵심 집다 이해 빠르다 유익하다 영상 감사하다 여유 갖다 내면 깊이 보다 기계 에게 의존 기계 축적 자료 똑똑하다 인간 기계 종속 단순하다 보다 쉬다 편하다 보다 똑똑하다 싶다 욕구 조차 인공 지능 학습,49
https://www.youtube.com/watch?v=vuY9c38n7ao&pp=ygUJ7JuU65Oc7Lu1,음악 천재들이 한가득했던 2000년대 국내 히트곡 이상형 월드컵,월드컵,17217,56 45 가해자 피해자 좋아하다 노랜데 레전드 지하 92 유재석 친구 라드 돼지 비계 굳히다 라드 알다 느끼하다 나오다 마다 라드 발라드 45 08 개챠웃기 27 47 실명 위기 모면 47 그냥 화면 전환 웃음 나오다 추억 낭만 1등 이야 56 57 오다 원본 채널 인물 관계도 표현 사람 지리다 룩삼 편집자 양반 야무지다 그냥 편집자 돌발상황 넣다 웃기다 15 15 크로스 don cry vs 체리필터 오리 날다 시작 부터 룩삼 랄쇼 58 58 봄여름가을겨울 bravo my life vs 쥬얼리 one more time 04 04 부활 never ending story vs 박지윤 성인식 룩삼 19 모먼트 48 48 stay 생략 vs 거북이 비행기 rainism vs 알다 룩삼 magic stick 버즈 monologue vs 알다 버즈 사랑 가슴 시키다 사가다 vs 장기하 얼굴 달이 차오르다 가다 생략 자우림 매직 카펫 라이드 vs 윤도현 사랑 보다 자전거 타다 풍경 에게 에게 vs un 파도 클래지콰이 sweety vs 버즈 가시 보아 아틀란티스 소녀 vs 조성모 알다 거북이 이렇다 vs 신승훈 전설 누군가 처럼 코리안 비기다 빅뱅 거짓말 vs 박진영 여자 dragon heartbreaker vs 알다 monkey 출현 에픽하이 love love love vs god 싸이 vs 알다 김동률 이제 서다 생략 vs 토이 좋다 사람 feat 김형중 태양 피하 방법 vs 이효리 go girl 소녀시대 다시 만난 세계 vs ne fire 이소라 track 생략 vs 익스 ex 자다 부탁드리다 해석 남녀 생략 vs 김종국 사랑스럽다 클론 초련 vs 알다 박효신 vs jumpo mombo 박다 mc sniper better then yesterday vs 소녀시대 소원 해보다 크라잉넛 깊다 vs 다이나믹 듀오 ring my bell feat 나얼 박다 룩삼 방종 모먼트 이문세 기억 이란 사랑 보다 vs 박진영 살다 우희 기습 등장 처음 부터 지금 까지 vs 슈퍼주니어 sorry sorry yb 필승 코리아 vs 알다 성시경 희재 vs ftisland 사랑 앓이 소녀시대 gee vs 에픽하이 우산 feat 윤하 명카드라이브 냉면 생략 vs 윤하 비밀번호 486 vs 자우림 하하 싸이 낙원 feat 이재훈 vs 샤이니 예쁘다 룩등감 on off 손담비 미치다 feat 에릭 vs 하울 제이 사랑 인가요 프리스타일 vs 체리필터 낭만 고양이 pd 친구여 feat 인순이 vs 김범수 보고 싶다 박다 조성모 다짐 생략 vs 델리스파이스 고백 43 57 이재훈 묘사 고트 저렇게 녹음 돌발상황 자막 치다 웃기 박진영 성인식 돌발상황 맞다 55 58 탈락 이유 제일 어이없다 45 01 손담비 미치다 군복 무곡 하나 인데 처음 음악 방송 공개 그걸 보다 모든 장병 그대로 들다 미치다 버리다 27 45 잡고 웃다 48 00 pd 여기 광대뼈 아프다 정도 웃음 51 10 이적 천재 라고 생각 보컬 보컬 인데 음악 하늘 달리다 20초 베이스 라인 뒤지다 21 06 따다 박자 무엇 52 레전드 상황 발생 30 38 매너 감사하다 편집자 25 증기 뿜으면 날아오르다 27 초월 번역 미치다 13 59 편집 33 37 뒤지다 웃기 34 20 부분 뭔가 방종 아보 니까 왠지 찡하다 같이 재밌다 방송 즐기다 생각 나다 27 47 편집자 웃기다 그냥 실명 위기 모면 보다 이제 알다 쇼츠 계속 뜨다 이제 보다 컨텐츠 뜨다 보다 사람 보다 이제 알다 플리 만들다 주다 안되다 박진영 대단하다 사람 맞다 21 25 모자 보이다 뿜었 54 08 박다 박진영 43 30 뮤지컬 넘버 월드컵 기다리다 15 30 처음 들다 보다 노래 좋다 명곡 가다 03 56 고르다 모르다 해주다 월드컵 goat 우희 누나 돌발상황 맨날 보다 부럽다 31 46 여기 웃다 25 18 이어폰 듣다 치다 웃기다 오다 gd 박진영 음악 충격 이네 영원하다 트렌디 음악 이네 26 14 나다 웃다 나다 좋다 44 07 여기 흉내 웃기다 보다 오늘 처음 보다 싱어 게인 송민호 같이 시종일관 가오 잡다 버튼 한번 누르다 누르다 누르다 이유 보다 평가 자기 기준 취향 아니다 가장 멀다 라고 무슨 곡마 사연 하나 가지 막히다 27 00 발라드 빌드업 달다 그렇다 그거 희미하다 떠오르다 얼굴 돌발 상황 이리 많다 그냥 시로 아니다 오다 리쌍 하나 나오다 아쉽다 아니다 사랑스럽다 뮤비 존나 웃기 새벽 꺼이꺼이 웃음 13 32 설마 딸피 풀피 표현 거임 룩삼 은근 자기 분야 아니다 다른 노래 자다 모르다 월드컵 보다 컨텐츠 시간 때우다 아니다 진심 즐기다 모습 좋다 최근 박진영 성시경 같이 라이브 여자 부르다 좋다 친구여 뮤비 치다 웃기 근데 클콰 시절 감성 이기다 한데 프리템포 같이 소울 하우스 국내 제일 전성기 시기 새다 자다 저런 룩삼 존나 웃기다 편집 존나 깔다 싸다,50
https://www.youtube.com/watch?v=wU2siJ2c5TA&list=RDwU2siJ2c5TA&start_radio=1&pp=ygUJ64m07KeE7IqkoAcB,NewJeans (뉴진스) 'Super Shy' Dance Practice,뉴진스,562000,way choreography insane choreo fun also intense whole workout 샤이 가사 전혀 샤이 군무 그래서 오히려 좋다 synchronization world gosh girl talented kudos also back dancer choreo really catchy wholesome newjeans member really different level ot5 forever im never forgiving hybe letting dani leave group synchronized hand movement freaking insane 박수 소리 소리 탁탁 맞다 쾌감 쩐다 뉴진스 최고 whole exercise dawg sweating everything showing even waack like amazingly professional new ultimate group sure choreo amazing always make look easy follow sharp move mean hit hole vocal visual dance even personality needed kpop choreo unmatched never miss miss newjeans omggg danielle rocking choreography amount energy giving incredible proud girl including stagedancer mentor also incredible choreo insane 도대체 이건 압도 집단 안무 퍼포먼스 역대 뉴진스 까지 응원 해주다 newjeans voice choreography always refreshing way expect waacking alllll like cantttt point versatile come choreography surprise every single time wow synchronization crazy newjeans backup dancer well impressive love choreo 군무 개멋 지다 choreography always different kpop girl group always make people relaxed happy song beauty choreography newjeans mean happiness let support newjeans go gym practice new jean dance insane foot work arm work 아름답다 군무 newjeans choreos always peaceful refreshing 동선 그렇다 안무 맞추다 엄청 힘들다 열심히 준비 느껴지다 멋지다 우리 뉴진스들 look like fun performing newjeans new pop sound newjeans different level choreography tight exhilarating daebak 08 look synchronized newjeans crazy another level every single time 오다 잡히다 느낌 쾌감 미치다 좋다 애기 열심히 준비 보이다 댄서 분들 까지 자다 맞다 치어리딩 느낌 제대로 이번 에도 실망 시키다 뉴진스 newjeans wa best era kpop love new song incredible sync newjeans never disappoints 소리 차다 차다 나다 은근 중독 51 part cool look fast one thing soooo distinct new jean always put energetic bouncy choreo chill sounding song like heard song would put driving working playlist workout playlist well show different way interpret song whether lyric sound music video choreo every angle ha story 마치 흔들리다 해조류 파도 소용돌이 보다 댄서 보통 메인 보조 해주다 역할 로만 생각 처음 사람 많이 나오다 아니다 이렇다 많이 라고 생각 굉장하다 좋다 수많다 인원 무속 자유롭다 뉴진스들 돋보이다 동시 댄서 분들 자다 녹다 들다 무용 보다 앴습 댄서 분들 사각형 세운 뉴진스 사이 대각선 배치 안무 댄서 분들 사이 나오다 굉장하다 참신하다 좋다 다음 나오다 기대다 설레다 one ever know much actually miss group choreography never fails surprise stan newjeans 뉴진스 이번 신곡 좋다 항상 힘내다 화이팅 dang choreo amazingly synchronised song catchy love amen break drum beat wa also used powerpuff girl show nothing less newjeans staff newjeans nothing without danielle marsh choreo sooo satisfying precise arm movement angle change formation synchronized clapping love goofy also displaying new side girl wa expecting waacking go also may look difficult try get 30 people lift arm angle time newjeans dance practice video always satisfying thanks choreo team another awesome job love everyone move keep improving 52 favorite part choreography always superior fun sync even dance group literally leader 4th gen female idol fresh sound fresh choreography something new 수십 명의 군무 멋지다 안무 역시 독특하다 뉴진스 개성 들다 노래 무대 같이 보다 좋다 new jean,48
https://www.youtube.com/watch?v=x8RIixqumUc&list=RDx8RIixqumUc&start_radio=1&pp=ygUJ64m07KeE7IqkoAcB,NewJeans (뉴진스) 'Attention' Official MV (Performance ver.),뉴진스,734768,newjeans without danielle newjeans five march 2026 missin girl 아직도 뉴진스 올해 데뷔 처럼 신선하다 좋다 들다 좋아지다 never anyone like newjeans 뉴진스 만큼 만족 시키다 그룹 기다리다 밖에 뉴진스 게임 체인 혜인 멋있다 분위기 인트 살림 miss baby 단기간 씹다 먹다 이유 뉴진스 만의 색깔 전설 시작 민희진 나가다 감성 다시 보다 아니다 아쉽다 아쉽다 04 saw future bias 민희진 빨리 데뷔 시키다 싱그럽다 청량하다 느낌 려면 어리다 데뷔 방씨 자꾸 늦추다 빡치다 다시 보다 기존 걸그룹 느낌 이야 자기 만의 색깔 가장 강력하다 무기 라는 증거 돌다 돌아서다 결국 여기 뉴진스 아가 멀리 려고 준비 기대다 잖다 함께 무대 걸리다 제일 지는 모르다 언제나 기다리다 지금 너희 응원 조용하다 생살 버니 많다 알아주다 다섯 항상 버니 챙기다 먹다 건강하다 자다 지내다 지금 보다 처음 도입 불다 전설 시작 08년 막둥이 맥히다잉 민희진 굉장하다 열리다 사람 이기 이렇다 창작물 나오다 one able bring kind vibe fr miss im mentally still miss danielle exaggerate concept natural makeup chill music want kpop summer look like group best friend performing fun literally cute 어떻다 듣다 좋다 뒤지다 고집 가지 공장장 뉴진스 이기다 이유 end ot5 era 멤버 비주 엄청나다 노래 세련되다 신비롭다 느낌 이라 멤버 이랑 자다 어울리다 들다 나이 되게 어리다 앳된 느낌 오다 분위기 살리다 believe almost got performance ver day girl really talented 세대 제대로 열리다 이제 세대 보다도 더하다 컨셉 대전 그룹 마다 컨셉 확실하다 보다 듣다 좋다 love utilize hair part choreo minimal makeup early 2000 style also cute refreshing love 텐션 하루 100 듣다 뮤비 보단 퍼포버전 자연 같이 춤추다 안되다 넘다 예쁘다 벅차다 아직도 듣다 인원 체크 만큼 이냐 샤이니 에프엑스 데뷔 보다 기시감 민희진 확실하다 컨셉 덕후 에다 본업 재임 틀림없다 여름 청량 깨끗하다 이미지 에다가 노래 까지 완전 케이팝 덕후 빠지다 요소 가득 이네 텐션 들다 짜릿하다 잊다 기준 1등 걸그룹 생각나다 보다 한텐 아직 2023년 이야 보다 still one iconic debut dropping mv nowhere trailer profile slay 컨셉 뭔가 90년 대인데 되게 상큼 버전 최근 데뷔 걸그룹 제일 신선하다 시끄럽다 노래 아니다 멜로디 노래 오랜 만이 역시 민희진 케이팝 덕후 라면 심장 뛰다 밖에 비트 우리 아기 우리 지키다 누가 지키다 뮤비 세트 장도 단촐 하고 단순하다 어떻다 이정 연출 대단하다 민희진 천재 프로듀서 맞다 헤어스타일 기다 생머리 통일 시키다 매력 원래 누구 단발 누구 숏컷 그런 변화 확확 줄다 오히려 신선하다 기다 생머리 오히려 미모 대화 무슨 노래 듣다 포카리 시원하다 원샷 때리다 기분 이네 하트 튀어나오다 나다 모르다 앨범 지르다 버리다 언제 질리다 new jean come backkk miss newjeans miss newjeans everyday,49
https://www.youtube.com/watch?v=xB9D7ptFu9w&pp=ygUJ7JuU65Oc7Lu1,[2026 FIFA 북중미 월드컵 아시아 2차 예선] 싱가포르 vs 대한민국 풀 하이라이트,월드컵,31993,정도 조현우 그냥 싱가포르 관광 가다 아니다 이강인 쩔다 주민 선수 매치 데뷔골 진심 축하 이강인 손흥민 크다 쓰다 다르다 대단하다 한국 국대도 수준 엄청 올라오다 24 넣다 흥민 이형 부럽다 씨찬 포인트 주민 배준호 매치 데뷔골 축하 국가대표 최고선 수로 성장하다 축구 이름 남기다 선수 기르다 한국 박수 치다 싱가포르 매너 많이 넣다 어서 아니다 최근 대표팀 경기 가장 컨디션 좋다 보이다 경기 시즌 끝나다 쉬다 런가 들다 날아다니다 주민 겁나다 든든하다 플레이도 그렇다 침착하다 보다 이렇다 좋다 자원 두다 지금껏 기용 건지다 플레이 보다 주민 이타 플레이 보다 정화 01 주민 쏘다 호응 희다 자체 보다 선언 이강인 멋있다 손흥민 이강인 주민 독보 띄다 주민 미드필더 출신 이라 그렇다 더볼때 선수 보다 시야 좋다 스트라이커 지만 순도 높다 패스 꾸준하다 좋다 활약 해주다 좋다 주민 선수 배준호 선수 데뷔골 축하 우리나라 결과 좋다 다양하다 선수 경기 기용 어수선하다 분위기 빨리 수습 김도훈 감독 찬사 보내다 주민 관리 월드컵 나가다 좋다 경기 뛰다 볼때 마다 뭉클하다 김호중 음주운전 속도 달려오다 무엇 보다 손흥민 자신감 예전 처럼 슈팅 모습 가장 보기 좋다 이렇다 약체 만들다 클린스만 다른 의미 차다 대단하다 주민 확실하다 역할 보여주다 10년 전에 이랜드 시절 부터 보다 이렇게 까지 성공하다 선수 모르다 대단하다 화이팅 주민 선수 든든하다 케인 세레머니 까지 케인 필요하다 인재 인데 이제 발탁 02초 이강인 번째 8분 51초 14초 주민 두번째 19분 48초 45초 손흥민 세번 52분 0초 이강인 번째 53분 37초 손흥민 다섯 번째 55분 49초 배준호 여섯 번째 78분 45초 황희 일곱 번째 80분 54초 좋다 297 감사하다 오다 미치다 손흥민 이강인 멀티골 주민 선수 데뷔골 축하 손흥민 선수 이렇게 까지 적극 슈팅 때리다 얼마 인지 멤버 받다 추다 클럽 에서의 손흥민 장점 드러나다 경기 경기 자다 보다 모두 고생 주민 가장 필요하다 자체 주민 조금 빨리 중용 돼다 손흥민 고생 어제 경기 에서도 손흥민 신나다 보이다 이제 라도 손발 자다 맞추다 맘껏 축하 이강인 페인팅 화면 보다 헷갈리다 정도 빠르다 버리다 주민 해리 케인 세레머니 그나저나 말고 주민 좋다 결정 움직임 주민 4년 전부터 기용 되어다 선수 인데 이제야 보다 손흥민 이강인 좌우 날개 환상 배준호 움직이다 바로 니까 수비 아무 오랜 축구 보다 내다 고생 주민 선수 골도 자다 넣다 어시스트 환상 늦다 나이 까지 대표팀 합류 오다 주민 노련하다 어시 그렇다 버티다 케인 처럼 플레이 세레머니 케인 태풍 지나가다 나니 뭔가 정리 느낌 수고 대한민국 국가대표팀 모든 여러분 멀다 속이다 시원하다 격전 되어다 물론 상대 이렇다 잔치 대환영 주민 공격 패스 모두 대단하다 대한민국 선수 분들 누구 하나 빠지다 축하 하고 다음 경기도 부상 없이 화이팅 이강인 선수 다리 기술 헛발 행동 상대 선수 혼란 주다 기술 상당하다 좋다 주민 선수 나이 연연하다 말다 관리 월드컵 함께 좋다 항상 응원 파이 쥰내 오랜 필드 많다 좋다 보다 주민 규보 니까 편안하다 24 흐찬 잠깐 잡히다 왜케 귀엽다 53 해리 선수 그동안 수고 많다 우리 주민 선수 오다 손흥민 이강인 놀라다 이번 주민 배준호 면목 보여주다 상당하다 만족스럽다 손흥민 이강인 선수 응원 어제 현장 축구 관람 한국 축구선수 대다 대단하다 특히 손흥민 선수 주장 인지 확실하다 보이다 주다 부지런하다 까지 kick 올려주다 게임 끝나다 인터뷰 운동장 한비 돌다 인사 하고 제대로 선수 어제 한없이 즐겁다 90분 이었습니다 이강인 손흥민 알다 하이라이트 보다 주민,50
https://www.youtube.com/watch?v=xllADqyh8Dw&pp=ygUM7J207Iqk65287JeY,중동 동맹만 믿었던 이집트의 참담한 최후(이스라엘 스파이 ㄷㄷ)ㅣ그날을 보다 EP.15,이스라엘,6985,유튜브 능이 전쟁 역사 재밌다 풀다 알다 얘기 들다 재미 요즘 그날 보다 가다 제일 재미있다 허준 중간 중간 쉬다 정리 해주다 항상 까지 재밌다 보다 항상 감사하다 당시 다큐멘터리 필름 보다 이집트 공군 조종사 훈련 부족하다 이스라엘 정사 에게 상대 안되다 그때 북한 공군 이집트 참전 많이 죽다 이세환 기자 설명 머리 쏙쏙 들어오다 박현 교수 이야기 모르다 해주다 재미있다 사회자 역시 사회자 머리 좋다 허준 처럼 똑같다 애기 들다 재미 샤를 해주다 일단 재미 보장 샤를 동쪽 전쟁 이야기 샤를 박현 교수 조합 믿다 보다 이야기 보따리 출연자 분들 케미스트리 좋다 조합 수가 샤를 기본 설명 디테 일과 세밀 정치 얘기 교수 진행 좋다 수요일 마다 토크 메다 터리 보다 그날 잇다 보다 먹다 재미 보다 가다 토크 메다 터리 가다 됫네 허준 mc 늘다 전사 전사 이나 들다 내용 처음 들다 처럼 매끄럽다 진행 차다 대다 혼자 앉히다 전문가 처럼 써다 풀다 9년 군대 중동전쟁 읽다 재밌다 영상 으로도 보다 재밌다 좋다 영상 감사하다 얼마 넷플릭스 엘리 코헨 시리즈 재밋 보다 이렇다 귀하다 영상 자다 보다 23 교수 샤를 같이 몇번 텐션 전염 돼뿟 그날 보다 매일 올라오다 좋다 채널 제일 재밌다 허준 이제 중동 전문가 아니다 요즘 그날 보다 재밌다 허다 mc 진정하다 mc 누구 보다 중동전쟁 전문가 저렇게 그날 보다 청자 허준 다시 보다 되어다 의외로 허준 전쟁 지식 엄청나다 한가지 건의 이제 까지 방송 되어다 내용 발간 어떻다 아깝다 내용 많다 믿다 보다 현도 교수 요즘 보다 제일 재밌다 전쟁사 자다 모르다 보다 덕분 여러 역사 들다 차다 감사하다 보다 300만 축하 드리다 전사 들다 건데 들다 개웃 기네 300만 축하 좋다 영상 감사하다 이런 그런데 죤나 재밋네 오늘 좋다 영상 감사하다 존경 사랑 샤를 쏘다 옥쏙 군사 이야기 허준 조합 6일 전쟁은 하나 거대하다 과제 멤버 보다 클릭 조합 유트브 남자 고품격 다방 제공 혁혁하다 공로 쌓다 신나다 중동 비다 역사 탐구 그날 보다 자주 올려주다 허준 전사 부터 전쟁사 10년 넘다 전문가 아니다 알다 이야기 면서 처음 듣다 듯이 반응 크다 패널 형님 신나다 이야기 중간 준형 듣다 정리 까지 역시 멋지다 최소한 들다 재밌다 재다 보다 이야기 보따리 재밌다 완전 좋다 마음 3회 콘텐츠 내주다 그날 보다 자다 보고 전사 중동전쟁 재밌다 보다 선생님 크다 랜드 전쟁 해주다 중동 국가 보다 개그맨 사무소 시간 삭제 되어다 재미있다 중동 전쟁 조합 최고 보고 전사 보다 따다 22 43 미그 21 귀순 26 05 똑같다 암호 31 14 탱크 시동 도망 세분 밉다 참다,49
https://www.youtube.com/watch?v=xnjfs4k6l0s&pp=ygUJ7JuU65Oc7Lu1,맨유가 미쳤다고 박지성 영입하겠습니까? / 2002 FIFA 한일월드컵 평가전 대한민국 vs 잉글랜드 [습츠_월드컵 클래식],월드컵,8779,경기 까진 박지성 선발 는걸 언론 에게 겁내 끄다 딩크 형님 아니다 뚝심 선발 소중하다 축구 레전드 선물 해주다 딩크 형님 사랑 만수무강 스콜스 얼른 가다 싶다 경기 역시 2002 멤버 진정하다 황금 멤버 선수 구성 밸런스 좋다 감독 까지 완벽하다 히딩크 아니다 해버지 그렇다 대체 해축 밤새우다 시청 이렇다 지금 일상 또는 십년 이상 늦어지다 고맙다 딩크형 지금 보다 그때 멤버 레전드 27 자기 자신 까지 속이다 버리다 미치다 드리블 월드컵 직전 치뤄지다 스코틀랜드 잉글랜드 프랑스 와의 연전 평가전 우리 대표팀 에게 크다 돼다 경기 인하다 우리 대표팀 16 진출 희망 보다 크다 업적 신화 써다 안정환 겁나다 지성 이형도 돌다 뛰다 미치다 명보 대박 이렇게 대한민국 자랑 맨체스터 유나이티드 자랑 박지성 선수 항상 응원 하고 은퇴 여전하다 감동 잊다 멀리 항상 응원 화이팅 월드컵 시작 경기 프랑스 와의 평가전 이미 박지성 선수 기량 확인 행복하다 추억 이네 11 52 오히려 잉글랜드 상대로 점유 이기다 지성 나오다 크게 띄다 화려하다 방향 완젼히 살리다 만들다 상대방 중원 미드 흔들다 버리다 순간 동작 아마 저걸 보고 히딩크 감독 결심 데려가다 09 52 장면 근데 스브스 월드컵 하이라이트 영상 어디 가다 역시 지도자 누구 따르다 선수 선발 작전 승부 크다 영향 줍다 이기 지고 떠나다 지다 내용 좋다 좋다 겁니다 지금 홍명보 미래 베컴 잘생기다 대단하다 아직도 2002 월드컵 생각 눈물나다 43 잉글랜드 라인업 sbs 선생님 제발 나머지 월드컵 공개 해주다 2002년 감동 우리 에게 해주다 송재 캐스터 향년 82 세로 별세 삼가다 고인 명복 비다 베컴 보다 잇다 이렇다 축구 대회 매일 1회 찾다 감사하다 중계 어떻다 듣다 보다 홍명보 개쩌 수비 포스 보다 4분 42초 오다 아니다 충만 보다 차이 많이 저걸 깃발드 베컴 잘생기다 안느 외모 이네 테리 우스 다시 올려주다 전부 14 06 핵인 싸다 2021년 다시 보다 지금 박진 넘치다 한일전 보고 화가 나서다 다시 보다 해설 옛날 스타일 보신각 타종 까지 만도 스콜스 이렇다 나라 월드컵 열리다 옳다 불평 나중 친해지다 완전 달라지다 당시 해외 파도 거의 국내 리그 에서도 양보 해주다 선수 오랫동안 훈련 크다 성과 가져오다 싶다 이제 어렵다 일이 겠다 월드컵 하이라이트 어디 홍명보 회전 오다 소름 이네 2002 늘다 레전드 멤버 대한민국 모든 선수 투지 감명 깊다 34 잉글랜드 라인업 장난없다 오다 선수 이야 말로 한국 축구 전설 요새 저런 플레이 선수 한국 축구 에는 보이다 기억나다 당시 기대 경기 경기 시작 하고 시간 흐르다 오다 우리 이기다 경기 다른 경기 보다 캐스터 백록담 왜케 좋아하다 해설 웃기 주춤주춤 39 애국가 울리다 유상철 선수 나오다 갑자기 뭉클하다 덕분 축구 즐겁다 보다 아프다 말다 편하다 쉬다 23 맨유 이야 12 28 맨유 시즌 풀럼 오버 52 유명하다 경기 풀리다 26 설기현 피지 보다 오다 따다 유럽 스콜스 보고 오다 확실하다 2002년 선수 투지 대단하다 46 훗날 선수 인터뷰 홍명보 나오다 들다 위축 되어다 이후 상대 긴장 모습 보다 이기다 자신감 생기다 39 눈빛 살기 독기 품다 대한민국 선수 멋있다 이렇다 대회 영상 많이 오다 감사하다 11 20 수비수 까지 멀티플레이어 유상철 형님 풀백 이영표 형님 이서 막다 태클 지우다 버리다 띵보형 크다 쓰다,50
https://www.youtube.com/watch?v=y-Zi6ZR0ZIQ&pp=ygUJ7JuU65Oc7Lu10gcJCQQLAYcqIYzv,역대 월드컵 결승전 골모음 (1958 ~ 2018),월드컵,13362,이정 스케일 제작자 노고 박수 보내다 감사하다 14 14 행복하다 축구 좋아하다 사람 으로서 꿈꾸다 최고 하루 63년 월드컵 함께 인생 돌아보다 감사 드리다 오다 영상 찾기 힘들다 고생 마르코 타르 델리 불타 오르다 눈동자 표범 질주 가슴 지금 강렬하다 남아 1978년 아르헨티나 우승 이끌다 투우사 마리오 페스 장면 책속 사진 으로만 보다 이렇게 넘다 넘다 좋다 감사하다 26 13 모르다 슛팅 자세 되게 안정 한데 유연하다 때리다 대박 이네 영상 모으다 보통 일이 아니다 일일이 편집 하니 채널 주인 수고 많다 02년 월드컵 아나운서 깨방정 남미 유의 정서 느껴지다 오다 귀하다 상이 쥐다 대단하다 와우 대박 키리 tv 이렇다 중요하다 멋지다 들다 어디서 찾다 중요하다 부분 저희 축구 즐겁다 감사하다 미국사 축구 귀하다 자료 수고 주심 감사하다 마지막 제작 기간 3일 자막 터지다 자료 모으다 편집 하고 3일 새다 만들다 영상 수고 덕분 자알 보다 1982년 멕시코 월드컵 부터 tv 보다 기억 나다 82 스페인 월드컵 결승 이탈리아 마르코 타르 델리 감격 세리모니 40 지난 지금 기억 남다 감사 드리다 덕분 짧다 시간 추억 잠기다 참고 1994 미국 월드컵 부터 보다 기억 나다 축구 역사 엿보다 좋다 보다 오다 58년 62년 월드컵 이상 멀다 진심 대단하다 즐감 수고 아니다 흑백 자료 어디서 고생 하루 10 보다 회수 올라가다 의미 고맙다 귀하다 영상 감사하다 전설 선수 보다 되어다 좋다 좋다 영상 감사하다 오랜 기간 영상 편집 대단하다 아무리 많이 보다 보고 싶다 감격 순간 그대로 전해 오다 이렇게 귀하다 영상 감사하다 82년 까지 세레머니 높이 들다 뛰어가다 순수하다 왜케 귀엽다 보이지 이렇다 수준 높다 영상 직접 편집 대단하다 자다 보다 감사하다 82년 스페인 월드컵 초등학교 학년 아직도 파울로 로시 환상 플레이 잊다 지금 파울로 로시 마음 축구 영웅 재미 잇다 잘봣습니 근데 광고 많다 추억 선수 나오다 감사하다 제목 영어 회수 천만 넘다 브라질 해설 방송 자국 선수 넣다 뾰로롱 브라 지우 효과음 나오다 오다 우승하다 나라 중계로 만들다 건가 대다 2000년 부터 2003년 까지 크다 요코스카 살다 덕분 유일하다 월드컵 경기 관할 2002 한일월드컵 결승전 이미 예매 완료 상태 한국 경기 월드컵 결승전 보다 건가 기대 엄청 부풀다 한국 대신 독일 올라오다 보고 빠지다 그래서 한국 대신 올라오다 독일 신나다 응원 브라질 개인 차다 여운 많이 남다 월드컵 제작 고생 많다 너무나도 재미있다 보다 66년 결승 제프 허스트경 두번째 이냐 아니다 유명하다 감사하다 자다 보다 제작 수고 많다 시대 지나다 좋아지다 영상 기술 시대 지나다 좋아지다 경기장 시대 지나다 좋아지다 선수 기술 테크닉 시대 지나다 좋아지다 유니폼 축구화 70년 세월 영상 느껴지다 영상 힘들다 고생 재밌다 보다 구독 누르다 가다 보다 대한민국 귀하다 영상 보다 가다 브라질 축구 강대국 인지 영상 보다 독일 결승 많이 가다 sbs 영상 해설 브라질 잉글랜드 축구 종주국 우승 많다 시사 는바 많다 이건 구독 이지 해축 제대로 파악 70년 부터 컬러 티비 나오다 세월 흐름 보이지 94월 드컵이 재밌다 제목 보고 좋다 따다 올리다 보다 한편 영화 보다 기분 감사하다 와아 년도 별로 파노라마 처럼 지나가다 저걸 보다 생각 기회 감사하다 인정 좋다 꾸욱,50
https://www.youtube.com/watch?v=yPlHKBt5dTc&pp=ygUJ7JuU65Oc7Lu1,5세대 아이돌 기강 잡을 2012년 명곡 월드컵 [EN],월드컵,14100,바람기 말고도 듣다 싶다 노래 댓글 20만 공약 꼬셔볼게 동완 pd 수상하다 정도 공약 좋아하다 피디 수상하다 정도 항상 공약 낚이 애착 인형 블루 우린 블루 아니다 2012 끝나다 아니다 2013 2014 2015 2016 2017 다라 겠다 전과자 맨날 돌다 댕기 다가 앉다 신기하다 블루 이창섭 버젼 블루 듣다 24 37 보다 뻘하 터지다 빅뱅 형님 덕질 창섭 앙콘할때 동네 지다 형님 팬미팅 사첵 지다 형님 팬미팅 가다 창섭 생각 나다 빅뱅 블루 해조 빂멜이 예요 제발 이창섭 커버 구리 듣다 12년 무슨 일이 요즘 한테 뱅이 얘기 많이 듣다 많다 그룹 뱅이 많이 좋아하다 주다 에게도 비밀 그룹 빅뱅 인데 비투비 빅뱅 무대 보고 충격 받다 좋아하다 모습 아직 기억나다 태연 to 커버 기원 개다 어울리다 솔직하다 blue bad boy 듣다 싶다 노래 당연하다 아니다 발라드 보다는 어느 정도 멜로디 싱잉랩 섞이다 듣다 싶다 오다 근데 blue 창서비 버전 듣다 그냥 32 불다 12 18 구리 자연 스럽게 언니 무릎 앉다 귀엽다 동완 이창섭 케미 좋다 동완 애착 인형 이창섭 개추 2013년 기다리다 사람 리즈시절 외모 보이 이창섭 개잘생겻다 바지 입었넹 귀엽다 이창섭 목소리 모든 듣다 지나가다 vip 몬스터 노래 자다 어울리다 몬스터 생각 보다 멜로디 댄스 느낌 아니다 빅뱅 보다 들어오다 올해 코첼라 컴백 개다 대중 앉다 자리 이창섭 반주 라이브 이렇게 많이 들다 일주일 한번 니까 이제 트이다 22 창서비 역시 한국인 한국 인들 모르다 부분 맞추다 대충 부르다 알다 부분 제대로 부르깈 따르다 나하 니쥬 02 창섭 알파 보다 하나 붙이다 알파카 자다 어울리다 본인 콘서트 gd 형님 팬미팅 가다 진심 빅뱅 앨범커버 들어오다 수가 창섭 원래 호감 호감 쓰다 16 26 버전 내야 돼다 항상 느끼다 창섭 가사 자다 외우다 블루 같이 커버 해주다 안되다 기대하다 2012년 부터 이창섭 매력 알아보다 지금 이라도 알다 행복하다 아니다 이창섭 빅뱅 앨범 피처링 아니다 오다 동완 애착 인형 이창섭 설날 이창섭 가득 차다 2012년 도에 가요 무슨 일이 레전드 레전드 와아 시대 그리다 2012 이창섭 아기 hearing changsub mention well nu est vixx exo course btob making heart swell much love group 창섭 멜로디 zz 인데 박다 듣다 blue 듣다 블루 오늘 저녁 산소 책임지다 영상 사이클 타다 보다 물색 하나 보다 그렇다 점점 없어지다 늘다 와중 내려오다 줄기 오잉 보다 썸넬 판타스틱 베이비 그렇다 응당 판타스틱 베이비 서다 오늘 귀엽넹 얼굴 얼굴 이창섭 창섭 버전 이모티콘 만들다 주심 대다 우주 최강 동완 피디 창섭 요즘 퍼컬 동완 인가 얼굴 예쁘다 나오다 오빠 부르다 모든 노래 명곡 이야 06 비비 빅방 이맘때 데뷔 아이돌 서로 사이 좋다 케미 영상 많다 추억 파가 이렇게 빡세 아니다 창섭 이형은 믿다 구독 이형 보고 생일 티켓팅 성공하다 설연휴 행복하다 보내다 보다 분장 대회 나가다 보다 역사 역사 혹은 유물 유물 보고 티켓팅 성공 해보다 떨리다 마음 진정 43 좋다,50
https://www.youtube.com/watch?v=z0p2QDXZKA8&pp=ygUM7J246rO17KeA64ql,"AI가 알려주는 대로 증거 수집하고 소장 작성해서 승소한 주부, 변호사 없이 재판 하는 사람들 | 추적60분 KBS 260102 방송",인공지능,7688,근데 gpt 소송 승소 까지 고간 주부 대단하다 똑똑하다 자다 사용 저런 결과 나오다 학교폭력 죽다 아주머니 내다 소송 담당 변호사 생각 변호사 전부 ai 대체 맞다 ai 대체 되어다 직업 판사 제발 나다 변호사 써다 보다 수백 만원 쓰다 전화하다 맨날 실장 받다 콜백 해주다 변호사 한번 놓다 연결 되어다 오히려 짜증 내다 아오 남자 변호사 변호사 리뷰 시스템 활성화 되어다 이렇다 없어지다 밥그릇 뺏다 공정하다 수임 질서 대충 변호사 많다 대충 하고 수임료 받다 보다 복창 터지다 많다 관계자 알다 언니 남편 불륜 변호사 써다 의견서 언니 직접 쓰다 변호사 몇번 만나다 심지어 재판 날짜 잊어버리다 나오다 수임료 수백 받다 실장 인지 사람 몇번 보고 실장 수임 받다 쓸개 빼다 나중 에는 귀찮다 아함 변호사 없어지다 야하다 진심 없어지다 야하다 변호사 초비상 겠다 수임료 수백 만원 받다 해주다 먹다 업무 gpt 가다 공짜 해주 니까 별것 아니다 법지 300 400만원 받다 대충 해주다 팔이 변호사 많다 돼다 ai 더욱더 발전 우리나라 변호사 승소 변호사 비용 청구 금지 이유 오류 많다 지다 들다 사무실 에서는 조온나 돌리다 웃기 변호사 써다 보다 어차피 증거 만들다 1600 내다 주다 선임 변호사 보다 ai 가다 자다 대답 해주다 합법 사기꾼 변호 사임 변호사 선임 해보다 사람 알다 변호사 에게 2천 뜯기다 정작 편이 아니다 전남편 독일 에선 가정폭력 강제 추방 접근 금지 내려지다 정작 인터넷 찾다 한국 한국 변호사 모든 폭행 증거 사진 경찰 증거 주변 이웃 증언 등등 제출 불구 하고도 손가락 정도 끊어지다 한국 에선 별것 아니다 목숨 위태 정도 폭행 여자 승소 조정 가다 판결 문도 상대 에게 유리하다 해주다 아치 마냥 양쪽 이리저리 간질 자기 줄이다 려고 하고 싸움 빨리 끝내다 강요 하고 어차피 자기 받다 거의 정해지다 그게 한국 변호사 수준 이에요 변호사 쓸다 사람 알다 사람 하고 쓸모 심지어 주다 선임 한테 눈치 까지 주다 지다 이기 신경 쓰기 커녕 책임감 변호사 보단 gpt 에게 의지 어차피 재판 문제 법조인 식구 감싸다 이기다 학폭 재판 잠수 타다 지게 만들다 변호사 무슨 책임 지다 수임료 받다 받다 태도 달라지다 변호사 많다 주다 취소 소송 조심하다 왜냐면 법무 법인 마케팅 gpt 겁나다 많이 쓰다 축적 데이터 많다 변호사 질도 심하다 무니 요구 심해 변호사 이지 사기꾼 변호사 상담 수임 착수금 한번 별거 없이 시간 ai 검색 크게 다르다 ai 화이팅 일단 판사 ai 바뀌다 맞다,20
https://www.youtube.com/watch?v=zBPQjBrwt5g&pp=ygUM7J207Iqk65287JeY,'한국 대통령의 소신발언'..아랍권 매체들 '술렁' [뉴스.zip/MBC뉴스],이스라엘,21190,전쟁 노인 일으키다 전쟁 죽다 청년 아이 모든 국가 나서다 좋다 보편 정의 무너지다 결국 대한민국 굴복 하고 고통 당하다 아무 도움 받다 외교 참사 맨날 술퍼마시 쩝쩝 거리 격식 이라곤 찾아보다 누구 라고 생각 전쟁 일어나서 안되다 어느 어디 우리 가장 크다 피해 인데 이스라엘 눈치 보다 소리 하고 닥치고 당하다 한다는 건가 네타냐후 부터 없애다 인간 존엄성 중요성 강조 발언 지지 우리나라 국격 맞다 충고 아랍권 아니다 유럽 매체 시원하다 자다 난리 한국 익주 국가 우방 애꿋 국민 어리다 아이 이불 외교 참사 날리다 국짐 외교 참사 웃기 외교 참사 국힘 당일 계속 지리 아픔 아프다 니깐 강대국 잡고 주다 니까 하고 눈치 보고 상황 답답하다 안타깝다 대통령 진정하다 리더 라는 생각 듭니 국힘 국익 도움 외교 참사 대한민국 외교 3년 만에 말아먹다 너희 외교 들먹거릴 자격 좋다 간판 내리다 사라지다 네타냐후 대판 히틀러 전쟁범죄 처벌 헐다 저런 외교 참사 라고 먹다 아예 외교 참사 아니다 보다 소신 아니다 외교 참사 아무리 어용언론 이라도 부끄럽다 국격 높아지다 대통령 사람 바뀌다 인데 모든 생명 소중하다 전쟁 범죄 도와주다 털다 북한 인권 이야기 한적 내란 아직도 살다 차다 전범 네타냐후 부터 체포 중동 평화 세계 경제 산다 대통령직 자기 소신 지키다 자리다 국익 자리 미국 이랑 이란 끼리 합의 보다 굳이 끼어들다 들다 까지 먹다 눈치 박살 나다 트럼프 네타냐후 국제 재판소 세우다 받다 마디 1000조원 짜다 중동 재건 프로젝트 낙쩜됨 라이 언론 이냐 이해 국민 이지 격하 공감 소신 발언 멋지다 진정 역사 길이 세계 지도자 국민 여전하다 이네 국민 먼저 실용 외교 실용주의 지지 미국 네타냐후 밉다 국제 재판소 범죄 체포영장 발부 충격 이냐 전범 자의 농간 놀다 충격 대통령 지지 그동안 외교 에선 아끼다 원유 사서 탈수 죽다 생기다 지금 상황 생각 정도 충분하다 하고도 남다 본국 일본 에서도 비판 성명 내다 국짐 참고 이재명 대통령 중심 뭉치다 지금 소리 용납 안되다 이재명 대통령 지지 용다 행보 라고 보다 최소한 인권 보장 그것 정의 그것 인간 사회 악마 대한민국 국가 발전 세계사 평화 초석 비다 각자 자기 전쟁 피해자 라고 입장 바꾸다 생각 해보다 간단하다 역다 지도 인간 아니다 작작하다 엠비씨 희다 방송국 아니다 개인 방송국 그렇다 없어지다 영원하다 국힘 조용하다 맞다 이제 우리나라 국격 맞다 소리 내야 래야 호구 보다 처럼 이란 적국 이렇다 소리 말고 불법 전쟁 모르다 우리 당하다 아무 나서다 이야 이재명 스스로 무죄 만들다 악법 제정 이나 마르다 독재 국가 만들다 독재 정권 대통령 이재명 미치다 아가리 놀리다 기름값 계속 올라가다 외교 참사 국짐 너희 참사 머리 그렇게 돌아가다 그저 끄다 내리다 려고만 국힘 어느 나라 당인 바른 대통령 실어 주지 망정 망언 삼다 국민 실망 어느 아니다 뉴스 로만 보다 국민 힘들다 잇다 궁금하다,50
https://www.youtube.com/watch?v=zgXakDdAc5k&pp=ygUM7J207Iqk65287JeY,끝없이 펼쳐진 황량한 사막. 그 메마른 땅에서 어떻게 살았을까? | 고대 요새부터 사해까지 이스라엘 유대광야 여행 | 세계테마기행 | #세테깅,이스라엘,5075,오다 영상 올리다 주다 감사하다 평생 가다 보다 감사하다 편하다 앉다 이스라엘 광야 사해 구경 영상 올려주다 감사하다 신의 악단 광야 지나다 라는 ccm 듣다 여기 까지 오다 돼다 오다 멋지다 여행 사람 진인 동물 가보다 싶다 다시 한번 가보다 폭포수 물이 보석 하느님 작품 지다 모든 세계 경관 넘다 아름답다 이분 자녀 이스라엘 복무 하고 한국 다시 복무 성지 가다 사막 한가운데 물이 흐르다 희다 저번 광야 동쪽 사해 건너 요르단 유대 광야 멀다 보다 좀처럼 보다 이네 살아가다 힘들다 유대인 역사 보다 사해 단순 호수 아니다 소금 만들어지다 부가가치 희귀 자원 이용 전쟁 발전 무역 중계 무역 이스라엘 유다왕국 강하다 유임 가보다 싶다 이슬 에게 생명수 만나다 같이 하나님 에게 만나다 은혜 베풀다 주다 23년 도에 광야 수도 거기 갔엇어 가난 고통 하느님 은총 산양 모든 식물 먹다 황량 염소 목축 결코 풀이 자라다 보기 어리다 짐승 뿌리 까지 먹다 2009년 도에 이스라엘 이집트 요르단 성지순례 다녀오다 성경 공부 도움 많이 사막 광야 소금물 사해 물이 따뜻하다 홍해 요르단강 시나 이산 갈릴레아 호수 헤르 몬산 요르단 페트라 예루살렘 예수님 무덤 차다 행복 성당 통곡 등등 다시 추억 소환 시키다 주다 감사 드리다 부럽다 가보다 영사 보다 읍니 목사 고생 많다 건강하다 먹다 살리다 나무 저렇게 나무 어떻다 사람 살다 30년 성지순례 이강 목사 가이드 받다 반갑다 그때 이강 목사 유능하다 학생 하나님 전능하다 서나 하나님 믿다 백성 인도 할렐루야 고통 연속 이스라엘 나라 가다 보다 하얗다 많이 보이다 가이드 말씀 예전 바다 황량 사막 마사다 올라가다 보다 성지 영상 넘다 고맙다 요즘 집안 앉다 세계 여행 가능하다 좋다 세상 이야 이스라엘 유대 광야 기독교인 으로써 차다 깊다 영상 하나님 께서 히브리인 에게 주신 흐르다 지금 우리 보고 축복 라는 우리나라 천국 살다 하나님 더욱 감사 드리다 직접 가보다 성경 실속 이야기 팍팍 느껴지다 실제 가보다 눈물 예수님 갈릴리 사해 유대 광야 성경공부 배우다 단어 반갑다 과거 에는 지금 과는 다르다 김기배 춘자 아멘 에스 파가 광야 이렇다 모습 이구나 굳이 기며누안돠겄다 황량 한데 불기둥 구름 기둥 지키다 하나님 유대인 광야 헤매다 40년 동안 어떻다 이동 가능하다 먹다 구해 야하다 노인 묻다 자원 야하다 모세 내다 이념 먹다 가축 기르다 주변 먹이다 공급 받다 가축 먹다 가축 죽다 시체 먹다 노인 이동 힘드다 구분 묻다 무덤 어느 장소 묻다 광야 존재 도시 묻다 가능성 가장 크다 이유 노인 죽다 시체 들다 이동 도시 발견 거기 기력 쇄약 노인 함께 놔두다 이동 가능성 크다 자원 만들다 자연재해 로부터 만들다 식물 제공 되어다 모세 이러하다 무리 이끌다 무리 탈락 죽다 도착 모세 민족 살아나다 필요하다 제정 하느님 소통 가능하다 자로 하느님 명령 의하다 10 계명 새기다 유대인 에게 나누다 내리다 드물다 당시 에는 많이 내리다 가능성 리지 굶주리다 내리다 채우다 이념 이란 유대 민족 구원론 유대인 천국 가기 이동 약속 아담 하와 창조 예루살렘 이스라엘 사람 많이 살다 황량 아니다 무섭다 가다 싱크홀 여기 성경 공부 해보다 순하다 사람 모이다 댓글 다른 비다 깨끗하다 흐르다 최근 학자 이렇다 결론 내리다 하나님 돌보다 아니다 그냥 척박하다 기후 막일 인데 하나님 돌보다 흐르다 무화과 아름답다 맛있다 열매 맺다 되어다 농사 무슨 농사 잇다 안좋다 기억 떠오르다 한참 재밌다 놀다 샤워 부스 불쑥 들어오다 여자 사과 하고 차다 한국말 자막,48
https://www.youtube.com/watch?v=zsYSSVoQnP4&list=RDzsYSSVoQnP4&start_radio=1&pp=ygUJ64m07KeE7IqkoAcB,NewJeans (뉴진스) 'Cool With You' Official MV (side A),뉴진스,713115,민희진 승소 보고 다시 오신 계시다 love lot new jean mv able depict background character music video without hiding member charm narrate story cinematic love 어떻다 결말 가다 라는 거니 여러분 omg 퍼포먼스 버전 아니다 6분 짜리 뮤비 갈다 댓글 보다 주시 감사하다 뮤비 정호 흩날리다 검다 이랑 매치 모델 워킹 좋다 걸음걸이 부터 시선 끄다 개인 아이돌 뮤비 좋아하다 뉴진스 아이돌 이라고 울다 보다 안되다 노래 스타일 취향 저격 미치다 anyone september missing nwjns soo muchhh 하이브 단월드 사이비 게이트 공론 화해 야하다 new jean concept truly visionary hyein know like see like hit different 뮤비 미치다 뮤비 음악 좋아지다 뉴진스 서늘하다 좋다 greek mythology fiend huge fan visual poetry mv hit spot newjeans voice really elevate storytelling ha chokehold 다시 보다 감각 스토리 짜임새 거의 명작 영화 함축 판임 영화 건가 아이돌 mv 건가 이건 완전 아이돌 천장 깨다 올라가다 버리다 뮤비 노래 모두 완벽하다 뮤비 어떻다 떡밥 찬찬하다 보다 17 two model walking next mv mv 민지 보고 울다 오다 leaving choreography behind going artistic bold move pop well done newjeans expect mv like thatbut song catchy hoyeon slayed fr 뮤비 좋아하다 회수 니까 하이브 노답 newjeans forever 기적 찾아보다 뮤비 hyein start song perfect anything else love mv concept like nobody noticed hoyeon like kind angel keeping eye love mv beautiful would love speak art director literally art 이건 단순하다 찍어내다 케이팝 아니다 수작 hyein getting recognition deserves 노래 들다 보다 뉴진스 지도 모르다 50 대다 민희진 사태 뉴진스 흔적 들이다 보다 띠바 이건 거의 예술 경지 개미 치다 어도 미치다 아니다 노래 좋다 뮤비 지리다 뉴진스 독보 miss girl 이건 뮤비 안무 노래 완벽하다 조화 이루다 today october 20 2025 still miss new jean 홍보 안되다 확실하다 양조위 데리다 출연 시키다 홍보 mv honestly changed life hyein danielle starting song gave goosebump love voice omg hoyeon newjeans also hyein voice wowww finally people started giving attention deserves love vibe song 전이 노래 좋다 뮤비 멋지다 작품 hyein ha outdone time like really voice insanely amazing gosh addicted hyein voice frigging tony leung happy see getting recognition younger international generation keep legacy going 2025 12월 여전하다 좋다 뮤비 도입 들다 심장 멎다 style visual everything perfect cool with you 유로 보이 맞다 필기체 인데 저렇게 애매하다 쓸다 보다,46
https://www.youtube.com/watch?v=zx1SCvyJf_k&pp=ygUM7J246rO17KeA64ql,인공지능으로 밝혀낸 '16년 미제' 시흥 슈퍼마켓 살인사건 범인 #highlight #천개의눈 EP.5,인공지능,5971,사람 죽이다 16년 평범하다 살아가다 어떻다 평생 잡히다 우리 이웃 살아가다 끔찍하다 사람 죽이다 순간 부터 사람 아니다 짐승 아니다 인권 그렇게 함부로 대다 인권 지키다 지다 모르다 마약 처벌 빡세 억울하다 피해자 얼굴 공개 가해자 얼굴 철저하다 가다 이나라 16년 전일을기억하고 제보 제보자 대단하다 범죄자 살기 힘드다 나라 만들다 야하다 사람 쉬다 안변 하고 갱생 안되다 경찰 안전 장비 지원 시효 언젠가 늘다 잡히다 사람 목숨 함부로 범죄자 얼굴 가리다 인권 보호 해주다 끄다 씰데없는페 많다 소리 지르다 아무 에도 쓸데없다 인간 내보내다 범죄자 인권 우선 나라 범죄자 항소 판사 맘대로 감형 후려치다 나라 피해자 가족 눈물 흘리다 나라 김학의 접대 동영상 찍히다 얼굴 구분 영상 정의 슈퍼마켓 살인 사건 4만원 미치다 살인 라니 제대로 미치다 고작 4만원 돌아가다 살인 이라니 16년 미제 제보자 경찰관 황민 장님 덕분 해결 되어다 다행 배달자 만들다 사람 보다 나쁘다 마약 사범 처벌 제발 제대로 뜯다 마약 하루빨리 지금 뿌리 뽑다 큰일 저런 판매 업자 한번 해도 무조건 10년 이상 때리다 넘어지다 구속 이냐 밀지 뿌리치다 자기 잡고 혼자 넘어지다 차다 막히다 16년 만에 제보 사람 대박 인데 어케 알아보다 경찰 엄청 달리다 일단 달리기 잘해야 경찰 업무 보기 편하다 17 23 동일인 보이다 가다 보이다 자막 황민 전문가 가정 풀다 가게 돈통 보이 설치 안되다 밀다 여러 상황 복합 용해 크게 넘어지다 넘다 인권 범죄자 한테 무슨 인권 맥힌다 국회의원 하나 범죄자 굴다 공개 식당 주인 밀다 체중 차이 작용 반작용 인하다 왜소하다 식당 주인 밀리다 나다 사람 무게중심 가다 체중 고려 때임 머리 다치다 식당 주인 밉다 문턱 다리 걸리다 넘어지다 와중 사람 붙잡다 놓다 회전 하고 그대로 바닥 나뒹굴다 된거 유통 무기징역 받다 싸우다 영상 설명 듣다 피해자 다른 사람 잡고 늘어지다 혼자 넘어지다 보이다 유죄 나오다 때리다 넘어지다 장면 어디 에서도 보이다 이해 판결 이네 김학의 동영상 나오다 누가 보다 김학의 인데 재판 김학의 라고 정확하다 추정 어이없다 막히다 김학의 영상 틀다 설명 해주다 제보자 눈썰미 대단하다 황민 박사 박수 보내다 패널 이렇게 많다 전혀 이야기 전개 도움 안되다 흐름 깨지다 리액션 아무리 방송 라지 안타깝다 사건 김석훈 웃다 얘기 모든 패널 무슨 영화 예능 보다 오버 스럽다 김나영 목소리 흐름 깨다 힘드다 중간 하늘색 셔츠 경찰 나타나다 웃다 박수 치고 무슨 게임 하나요 다른 사건 에선 돌아가다 이르다 무엇 기획 프로그램 인지 21 30 제보자 느끼다 제보 그게 제일 궁금 제보자 대단하다 처음 보다 장면 시흥 슈퍼마켓 살인 사건 개요 용의자 바로 체포 사건 다루다 영상 자다 만들다 주다 갖다 갈다 사람 저렇게 잔인하다 찌르다 죽이다 잔인하다 안쪽 에서부터 균형 잃다 쏠리다 상태 피해자 말리다 매달리다 상태 당기다 보임 싸움 노란색 당기다 잡히다 사람 밀고 피해자 매달리다 상태 나오다 당기다 피해자 쏠리다 넘어지다 보임 이승 크다 짓다 순간 수많다 저승 갈다 정해지다 진실 알아내다 과정 흥미진진 제보자 보다 대단하다 공개 배자 누군지 모르다 나다 관심 가다 혹시 주변 개수 배다 먹다 싸움 자다 이냐 14 15 끔찍하다 무섭다 15 13 이건 빼박 이네 근데 미제 누군지 찾다 지금 이라도 잡히다 다행 인데 얼굴 공개 허다 사람 이고 16년 자다 살다 사건 풀다 과정 신기하다 멋지다 제보자 잡다 제보자 화이팅 제보자 보호 그렇다 처마 싸움질 인가 싸움질 사람 말리 다치다 원인 어느 정도 사람 책임 지다 시흥 사건 제보자 역할 크다 아니다 제보자 잡다 아니다 마약 던지기 던지다 받다 던지다 잡다 거고 관세청 어떻다 궁금하다,49
